Vol,Seq_Fname,Index,ID_Nbr,ID_Only,Comment_Only,001: 10:0,003: 11:0 anteiso,005: 10:0 2OH,008: 12:0 anteiso,011: 12:0,013: 13:0 iso,014: 13:0 anteiso,018: 13:0,021: 14:0 iso,022: 14:0 anteiso,025: 14:1 w7c,026: 14:1 w5c,028: 14:0,030: 15:1 iso w9c,031: 15:1 iso w6c,033: 15:4 w3c,034: 15:1 anteiso w9c,035: 15:0 iso,036: 15:3 w3c,037: 15:0 anteiso,039: 15:1 w8c,041: 15:1 w6c,044: 16:0 aldehyde,045: 15:0,047: 16:1 w7c alcohol,048: 15:0 DMA,049: 16:4 w3c,051: 16:3 w6c,052: 16:0 iso,053: 16:0 anteiso,054: 16:1 w9c,056: 16:1 w7c,057: 16:1 w6c,058: 16:1 w5c,061: 16:0,062: 16:2 DMA,063: 16:1 w9c DMA,066: 16:0 10-methyl,068: 17:1 iso w9c,069: 17:1 anteiso w9c,070: 17:1 anteiso w7c,071: 17:0 iso,072: 17:0 anteiso,074: 17:1 w8c,077: 17:0 cyclo w7c,081: 17:0,082: 17:1 w7c 10-methyl,083: 16:0 2OH,084: 17:0 10-methyl,086: 18:3 w6c,087: 18:0 iso,088: 18:2 w6c,089: 18:1 w9c,091: 18:1 w7c,093: 18:1 w5c,096: 18:0,097: 18:1 w7c 10-methyl,098: 18:2 DMA,100: 18:1 w7c DMA,102: 18:0 10-methyl,105: 19:3 w6c,106: 19:0 iso,107: 19:3 w3c,108: 19:0 anteiso,110: 19:1 w8c,114: 19:0 cyclo w7c,116: 19:0,117: 19:1 w7c 10-methyl,119: 20:4 w6c,120: 20:5 w3c,121: 20:3 w6c,122: 20:0 iso,123: 20:2 w6c,124: 20:1 w9c,125: 20:1 w8c,127: 20:1 w4c,129: 20:0,130: 20:0 10-methyl,134: 21:1 w8c,138: 21:1 w3c,139: 21:0,140: 22:5 w6c,142: 22:4 w6c,143: 22:5 w3c,144: 22:0 iso,145: 22:2 w6c,148: 22:1 w6c,149: 22:1 w5c,152: 22:0,153: 22:0 10-methyl,158: 23:1 w4c,159: 23:0,162: 24:3 w3c,163: 24:1 w9c,166: 24:0
DATA2,E216095.PMO,5,6970,68,G=1.5356,0,0,0,0,160.6460704,98.98029429,0,0,396.785138,0,326.8625489,64.22791705,727.7062428,993.4340517,0,474.7203868,0,7671.617022,0,5093.509341,0,0,0,563.3954242,0,900.2769654,0,0,2978.56749,0,1735.439647,4639.433343,0,4423.317698,14278.22525,98.30462863,61.88176556,7101.853225,2704.770066,0,0,2050.091019,2170.179524,470.2021345,2618.26935,483.2825832,1069.541148,104.5353394,459.6450746,0,388.4789611,1594.187084,10333.19638,16153.651,2895.405611,6039.652702,2306.806374,71.22009742,0,3166.263032,0,0,568.0527551,0,202.9054241,22150.60555,3972.388643,0,0,76.15534978,210.7267091,0,0,0,0,0,273.7354151,180.6399337,80.84383453,188.1043862,0,0,89.92970666,0,127.579414,101.9171316,1063.471338,120.6361145,180.2231644,191.0401346,0,60.9687353,0,187.612336,186.1463647
DATA2,E216095.PMO,6,6971,61,G=1.6377,0,193.0096482,0,0,217.0664257,146.6722034,0,0,377.2060927,77.71680608,0,106.0499182,907.5505414,772.4408833,0,458.3768512,0,6825.374199,0,3863.789446,0,93.31330885,0,852.5343244,0,703.8230873,0,0,3652.229215,116.4912756,1193.554034,5023.89736,0,3297.975318,14330.92484,135.4735088,0,4948.740506,2584.836331,0,57.96654838,1599.112941,1617.492159,345.4911448,1907.29197,416.3119448,691.7724507,100.3669349,581.0548743,0,436.6247663,2229.268068,11876.70078,12850.25019,1906.559386,6073.380031,1885.362898,0,0,2337.99116,0,0,369.8817396,0,191.0695953,13758.29421,3724.73591,0,0,66.34061177,282.4238329,0,249.0071554,376.1328659,0,0,264.5210378,0,0,0,72.231597,0,0,0,133.1521863,0,0,0,198.3449172,0,0,56.89318642,0,0,211.2843629
DATA2,E216095.PMO,7,6972,67,G=1.5700,0,161.8199156,0,227.7262058,200.9795064,124.0527662,0,0,524.1384669,63.45713056,0,0,838.3063997,0,971.8045764,472.142174,0,7066.918884,0,5460.16305,0,0,0,698.8285546,0,658.4597954,0,0,2664.983315,109.5017582,1545.640887,4765.30713,0,4204.090651,13945.0031,100.8670755,66.36434173,6525.235734,2168.437345,0,93.53050305,1993.376175,2152.903439,420.2710842,2661.126326,502.9339,853.3762253,100.9031217,412.9605806,117.1875774,443.8831165,2504.800786,9046.60794,16979.21181,2731.848292,5935.301296,2143.647832,114.4973656,113.9118724,2804.996053,0,0,389.4130832,0,258.1726746,19515.24635,3885.350318,379.1100393,316.237637,81.15636237,163.2125052,0,0,0,0,0,281.9021974,0,40.21363649,0,0,0,0,0,140.9153098,74.20126981,873.8501794,61.1937532,180.6392222,0,75.27241436,47.98375105,61.16173955,0,170.4074997
DATA2,E216095.PMO,8,6973,66,G=1.5846,0,0,0,0,154.3628296,117.4627288,0,0,375.6737817,0,0,0,804.4094973,741.0703278,0,333.8899959,0,6481.956083,0,5025.433979,0,0,0,609.6691688,0,564.5502006,0,0,2588.488749,97.37185097,1325.536986,3755.851073,0,3885.797604,14542.12101,81.28422736,53.76140409,5606.063387,2403.529371,0,0,2064.728167,2138.738751,355.6143128,2358.465022,505.7138429,774.505662,101.1558956,445.4104519,126.7981724,328.1962313,1780.52038,9285.901875,15598.52962,2558.852771,5559.112447,2121.104791,59.19873191,0,2943.669229,0,0,296.9091987,0,266.0292533,20582.61776,3849.551937,0,0,167.7538363,313.2281797,49.60045756,0,0,0,0,277.828118,74.58756073,62.85173082,0,55.17219566,0,69.42640884,0,146.5532602,117.643649,0,111.3183794,197.3237058,0,45.20575231,44.08793972,0,0,178.9537693
DATA2,E216095.PMO,9,6974,72,G=1.5617,0,0,0,0,199.6153464,147.9695189,0,0,414.7637193,0,0,0,832.9743468,715.8011955,0,357.9125429,0,6424.836954,0,5280.009352,0,0,0,726.1328495,0,651.7738547,0,0,3386.648396,0,1319.118361,3914.283327,0,3738.90432,14890.84332,101.877425,0,5516.212738,2070.428463,0,93.79408794,1937.907691,2163.03453,438.3485602,2287.138954,551.4292074,821.0272404,110.8124655,568.6179501,105.8857604,361.6232376,1589.53887,10917.31786,14640.80877,2570.140468,6106.056807,2073.964544,75.44606683,0,3076.741334,0,0,348.0808888,0,220.7320543,19149.13663,3905.999872,0,0,0,294.5027435,0,0,0,0,0,298.6360343,68.10649111,103.724273,54.5707582,75.11577323,0,77.98252055,0,184.9257925,96.3059414,0,124.2579428,216.1130021,0,63.64674125,43.328781,57.61680149,0,195.973185
DATA2,E216095.PMO,10,6975,69,G=1.5266,0,0,0,0,220.561433,173.9269517,0,0,441.1777629,73.59854753,0,0,873.4177931,1080.599994,0,487.9482879,0,8162.993064,0,5739.398701,0,0,0,759.9691647,0,642.0864474,0,0,2916.819631,0,1711.902365,5210.595756,0,4588.417348,16213.3835,86.36150906,72.63525575,6732.124477,2575.560121,0,71.21557145,2312.127506,2290.187724,466.1593509,2854.392749,590.4533175,938.2019988,120.9100034,519.5460326,98.76761179,378.8853445,1721.767427,11380.23831,18313.17645,3142.808382,6438.14237,2495.272459,56.67136653,0,3218.617717,0,0,383.4491811,0,319.1550541,22049.9944,3995.807677,0,0,68.73732778,311.34995,0,504.5066091,0,82.95081329,0,316.6292112,195.8634577,61.00174185,0,0,0,91.87158559,0,183.3058543,0,1305.72306,102.1181178,198.8199315,0,60.85799852,0,77.31579686,0,171.039454
DATA2,E216095.PMO,11,6976,59,G=1.5451,0,137.3778791,0,0,161.1991623,136.8726804,0,0,299.1107079,0,0,78.67935602,826.0798808,689.7856956,0,424.7401693,0,6922.64181,0,4054.694456,198.7206967,0,0,746.9864417,0,615.533346,0,0,3257.181601,0,1272.212687,3928.288994,0,3542.877637,14027.54063,117.5346856,68.81193358,5282.952071,2285.993541,0,84.39166441,1777.470352,1884.372062,385.5636262,1784.049095,474.7748632,891.3587095,101.6212401,508.5046087,40.94436743,303.3291202,1630.136549,11087.39486,13228.802,2336.106872,6095.404269,1864.654816,0,0,2739.750691,0,0,395.0659355,0,204.8526837,16217.65829,3947.964533,0,0,0,286.4711702,0,314.5889615,367.6514009,0,0,257.9559978,58.91844046,63.8895627,0,74.06166326,0,77.37889467,0,167.3650663,111.449346,0,104.8138442,216.1493137,0,0,71.21007032,0,0,222.2248861
DATA2,E216095.PMO,12,6977,60,G=1.5480,0,0,0,0,196.6137983,185.4678748,0,0,366.7207347,0,0,99.52499287,1010.989775,1017.760746,0,594.6237076,0,9171.19479,0,5029.877056,0,0,0,975.6989194,0,885.2541366,0,0,4168.716231,165.4905576,1795.86693,5986.042081,0,5243.270375,18569.34214,183.9596655,141.7833052,7588.884522,3025.915896,0,0,2463.078161,2600.50664,594.9673683,3079.67212,616.7155908,1278.527317,209.221615,661.6167424,203.5898163,516.5553045,2321.36587,13577.46929,18314.26973,3829.091475,7385.766752,2915.339525,115.6405048,159.8055534,4097.112948,0,0,601.9566357,0,215.9735945,23275.33411,3940.568475,0,420.9232686,71.5840249,312.5887274,0,444.298674,507.0622871,0,0,328.5120404,150.3416232,0,0,72.592156,0,95.88880067,0,192.4169696,93.28226674,0,125.1822594,237.2906477,0,0,53.02631915,0,0,214.8420439
DATA2,E216095.PMO,13,6978,77,G=1.6574,429.953526,0,0,0,203.2846196,195.1766133,0,0,508.780917,0,0,0,853.0005807,1092.444554,0,483.120833,0,9349.948078,0,6771.535295,0,0,0,705.1326063,0,785.5289393,0,0,3312.611158,130.7083746,1800.498755,5348.693579,0,4502.515573,16256.79266,134.6478256,108.7462213,8451.889375,3279.018152,0,106.1921448,2664.223434,2920.913396,493.3672239,3436.288419,628.0313717,1306.822012,134.837082,599.5200753,0,635.9882733,1789.606332,11450.45357,18162.53754,3695.328488,7481.866721,2758.323548,115.1875477,173.642878,3994.381792,0,0,468.7526842,200.3661295,315.1472791,24724.936,3680.463376,0,0,69.91020696,362.7029089,0,757.5303197,0,0,0,327.3248851,148.0144253,0,0,0,0,105.5391164,0,227.8119927,141.8443692,0,150.4888893,222.0933573,0,0,0,0,0,194.8421821
DATA2,E216095.PMO,14,6979,104,G=1.5511,0,0,0,0,212.9258157,87.83829902,0,0,386.4826389,0,0,0,674.4353372,0,613.8789018,279.3742984,0,5606.517045,0,3248.253391,0,0,0,462.0369224,0,492.7245367,0,0,2411.323552,81.95345727,924.4214022,3617.012395,0,2895.244353,11098.65773,81.76597473,0,4201.547014,1090.983744,0,0,1486.572304,1374.484209,240.0312409,2983.449073,424.2367696,840.7779968,77.89297312,356.3840861,0,243.2728781,869.1227968,6137.312721,11577.98355,1611.689976,5799.155867,1211.510351,0,0,1995.048441,0,0,208.3919895,0,171.5073279,10366.29156,3932.692928,98.65755705,358.0676488,0,149.9660008,0,223.2660911,0,0,0,213.1142188,107.2541525,89.1191996,62.0569339,0,0,0,0,97.89112597,0,0,91.20840907,171.9217244,0,56.46344151,0,103.6800129,0,129.3833767
DATA2,E216095.PMO,15,6980,64,G=1.5810,0,0,0,0,158.7955333,156.4779002,0,0,337.8928019,0,0,94.20417516,939.4147118,829.6283225,0,479.3815358,0,8050.988664,0,4430.71538,161.8914677,71.3367128,0,865.8961974,0,754.5279792,0,0,3934.894289,136.5238372,1562.492431,4818.441962,0,4344.362696,16778.72374,149.0138633,56.37572427,6240.328149,2368.801563,0,61.66019796,1998.926563,2147.371858,382.9543223,2001.118399,533.6708534,902.7673474,190.2536544,678.308318,0,530.5745044,2089.008679,14381.70041,13954.84904,3258.854879,7147.503745,2469.085256,0,116.4609513,3253.68115,0,0,575.4793551,0,211.1045035,18927.6409,3858.317521,0,216.0867249,0,179.2754118,0,0,0,0,0,318.6851196,131.6362984,0,0,82.05170095,0,87.98529414,0,209.7405777,83.26801502,0,108.2849638,244.5381901,0,0,62.4474327,0,0,226.5104089
DATA2,E216095.PMO,16,6981,62,G=1.5538,0,0,0,0,200.4550181,135.9527856,0,0,342.7005571,0,774.3725006,0,996.951795,924.3892662,0,503.3505702,0,8298.466399,0,3772.633529,0,67.31481168,0,832.665276,0,1342.84698,0,0,3557.807365,0,1653.589644,4954.328735,0,3741.035932,16443.95769,103.6612273,76.09012942,6162.969002,3215.808542,0,67.61022952,1954.258825,2020.499708,430.0240768,2161.951097,544.1447182,1623.603371,81.63139075,703.629959,92.88355193,403.0502392,2097.651213,10950.67952,12619.09964,2991.180639,6471.259256,2047.909471,0,141.5362965,3445.588979,0,326.1005331,342.6349539,0,228.3269979,17073.84489,3925.859184,0,198.6448923,0,173.8432721,0,290.3005883,406.1649505,0,0,424.8604716,0,0,471.3204899,64.46184624,0,78.57058173,0,274.6064808,129.8172508,0,135.8310752,240.3995506,495.1978458,0,0,0,508.1683534,194.1039425
DATA2,E216095.PMO,17,6982,56,G=1.6259,0,0,0,0,218.9466893,141.7525246,0,0,368.7155833,0,0,0,981.8837189,955.0804318,0,504.3216349,0,8536.491705,0,4885.683998,0,0,0,792.4968793,0,751.7395975,0,0,3860.943061,0,1809.104322,5723.47825,0,5249.254567,18001.83265,125.6378302,0,6749.68076,2744.073234,0,0,2165.260892,2338.991014,404.7751155,2572.279678,513.3541843,880.3136948,142.988057,721.418379,0,528.6652511,2299.189598,13392.38672,17549.21837,4035.964304,7134.672497,2853.056678,82.23902657,169.2307066,4129.708257,0,0,439.235654,0,228.9004364,22887.00939,3751.768251,0,0,0,330.0087001,0,424.3870456,0,0,0,326.1462476,161.5115146,0,0,78.96166997,0,105.8264495,0,176.1606635,0,0,122.2453723,233.5252086,0,67.32695906,0,0,0,192.2971788
DATA2,E216095.PMO,18,6983,57,G=1.6179,0,0,0,0,253.0140781,339.901747,0,0,390.9235373,0,0,0,1091.203335,976.3186747,0,582.5946134,0,9251.435902,0,5764.386798,184.6529625,0,0,1064.306427,0,934.1698976,0,0,4337.882786,0,1923.333621,5950.905659,0,5672.314678,21659.65509,106.5505087,78.87122131,7824.742954,4747.596086,0,0,2473.245418,3037.424677,747.0003577,2952.863058,695.4448771,1233.080053,194.8999243,756.7824391,119.8258373,549.9863774,6680.633832,19451.87528,20264.04029,5197.278549,7849.909212,3505.907946,124.4279018,214.73349,4840.94147,0,0,610.6349434,0,292.4552787,28891.38481,3770.31955,0,0,129.1161212,400.4724912,0,520.0728132,464.4422982,0,0,395.5618008,0,73.71973809,94.58848288,111.0715584,0,117.5111064,0,257.6540015,138.4028231,0,156.331863,263.2681963,0,73.50256974,64.44917879,0,58.69109783,225.0893308
DATA2,E216095.PMO,19,6984,58,G=1.6412,0,0,126.8993555,0,206.446918,138.3450487,0,0,319.7715141,78.19730373,0,0,872.7818785,1085.515347,0,606.8142574,0,9841.064233,0,4309.475494,0,0,0,815.4819618,0,777.0315865,0,0,3903.326225,105.2043672,1813.187465,5304.991737,0,4979.600925,16525.14707,115.6138773,53.01909703,7713.510408,3112.352906,0,0,2209.285735,2267.829799,354.4210587,2222.24543,476.1649082,1145.377736,99.37776262,605.9664261,0,406.3433659,2573.86158,12613.32754,15152.27863,3536.432982,7034.926307,2658.479738,0,0,3819.328758,0,0,505.4214603,0,246.123194,22195.24394,3716.792591,0,0,81.90535808,339.2152724,0,349.8040516,0,0,0,298.7671516,191.221002,0,0,77.85789781,0,100.9635269,0,190.9455133,107.940067,0,149.502032,263.6622478,0,54.45405083,128.0475609,0,0,341.2930792
DATA2,E216095.PMO,20,6985,76,G=1.5643,0,188.4984017,0,0,239.2460913,177.6085093,0,0,533.4462922,0,0,110.4894869,1040.415101,0,918.8782077,442.8358907,0,7881.007256,0,6048.544539,0,185.115759,0,657.5219857,0,669.6058501,0,0,3228.453323,154.8376234,1415.520591,5623.005058,0,4228.303558,16986.76896,191.1039545,93.28388622,5643.195226,2190.889667,0,99.19499022,2249.276977,2217.600824,527.5705136,4009.834017,540.5557471,775.1411395,103.0101517,534.2802985,0,572.4166347,953.8254191,12167.78214,18109.34891,2073.965601,7314.157274,2223.137771,0,0,2657.109123,0,0,380.8672751,0,209.3757598,17809.05287,3899.507767,245.5605504,270.5897183,68.0744456,329.5332376,0,547.1887901,0,0,0,344.2962446,177.0169479,121.6707739,0,98.51674172,0,99.13630463,0,220.9997988,102.7841608,0,116.4398888,253.5484889,0,68.32370034,0,0,0,210.6884026
DATA2,E216095.PMO,21,6986,63,G=1.6104,0,0,0,0,147.0301978,127.7046122,0,0,357.1923794,59.01900678,0,77.77505358,723.1340611,699.8891956,0,367.2907585,0,6927.549762,0,4222.343672,0,0,0,487.5171311,0,527.9820425,0,0,2640.918974,109.8895305,1081.970579,4230.673508,0,2989.654095,12213.21381,69.28206145,48.24627303,4803.332008,1826.258158,0,64.33239242,1842.60928,1810.482447,366.0807188,2950.84563,398.7179899,975.0430875,74.94578,439.0669339,0,444.4531325,538.8746279,8924.196796,12044.94611,1911.633121,6430.92587,1374.995624,0,61.60766736,2425.320538,0,0,306.5827242,0,183.4912919,14749.67973,3787.878788,0,143.9178187,0,118.2289575,0,319.1407948,0,0,0,264.7952411,173.8299923,58.87609177,0,70.07449502,0,47.39441372,0,145.396287,68.81125594,0,91.2954866,173.5820044,0,0,0,0,0,130.8825986
DATA2,E216095.PMO,22,6987,75,G=1.6136,0,164.5008506,0,0,158.9466982,157.4117117,0,0,555.1530159,64.29338846,0,0,947.2075486,1110.83746,0,562.8392756,0,9283.608162,0,7206.143236,0,91.81081227,0,775.3550634,0,801.4923734,0,0,3625.704333,132.7066914,1886.21677,5512.726654,0,5263.940283,17794.01032,77.23399358,75.39956534,8343.411828,2975.6806,0,95.35595654,2633.669048,2901.209089,560.0163042,3147.773522,640.5130846,1114.513734,119.904988,668.8185418,0,562.6503924,1245.72488,13626.23197,20384.00878,3958.326651,7466.959117,3148.542516,116.0309249,73.60878596,4130.983008,0,0,463.2861691,0,272.9002884,26935.56999,3780.366882,0,0,0,270.6147835,0,1053.878168,0,72.04148231,0,334.4856057,118.3075765,78.7335871,0,53.86761824,0,109.0700742,0,175.6182,131.1657547,0,156.4872663,228.1484276,0,48.98373729,57.40359534,76.49157303,0,244.34546
DATA2,E216095.PMO,23,6988,65,G=1.5698,0,0,0,0,247.6331169,202.6550694,0,0,394.2916284,93.3889067,0,118.407871,1075.288683,744.3574555,0,482.504922,0,7754.519853,0,5006.34016,0,78.86772267,0,842.9306515,0,689.7093187,0,0,4024.487676,0,1467.161158,4788.164573,0,4711.788809,18185.81477,176.5835314,0,5808.571033,2517.777492,0,0,2182.851914,2313.735766,405.4206342,2526.763136,565.1633705,884.1081155,168.6503406,665.5599543,0,510.8577242,1519.271535,14197.68453,15877.40983,3409.030567,8839.840935,2521.628661,0,117.1930929,3460.945215,0,0,533.2242022,0,201.0952619,19948.17539,3885.845331,0,0,83.10180191,296.5498117,0,360.1986869,409.269008,0,0,301.4283014,0,0,0,91.10585636,0,90.12159147,0,165.3723824,0,0,97.54986178,255.7779227,0,0,0,0,0,249.0281901
DATA2,E216095.PMO,24,6989,73,G=1.5280,0,171.7624176,0,0,176.3944357,134.5218026,0,0,442.6170335,59.27699602,0,0,870.3004346,1011.067945,0,472.1667603,0,8680.561043,0,6409.119692,0,0,0,790.6850334,73.58920448,721.7995975,0,0,3265.779178,127.0287908,1671.576101,4406.416516,0,4590.552843,16284.83937,128.055774,80.00193661,7759.0731,2847.895052,0,89.05553264,2504.084965,2705.790641,472.2351366,2459.172588,588.231717,1343.426257,100.9380261,602.9678088,0,506.2552434,1538.515834,12010.73192,16265.03434,3644.265746,7402.576471,2345.052175,101.288837,69.59818536,3920.732373,0,0,427.0476359,0,300.5386135,23694.84746,3992.146597,0,0,53.46682127,309.9592868,0,747.2683426,242.9350216,43.79390306,0,339.7900891,127.0235024,46.33478474,0,63.58277904,0,109.1798909,0,184.2694176,158.6672278,0,141.4034616,220.7639504,0,50.0496143,0,0,0,180.3583974
DATA2,E216095.PMO,25,6990,74,G=1.6398,0,0,0,285.5851021,220.9748292,196.9530255,0,0,518.1965418,48.89070654,0,0,827.2722702,831.2878347,0,508.6744316,0,7259.56907,0,6313.969207,0,0,0,604.029684,0,631.5234358,0,0,3186.376136,90.55995625,1441.050149,4419.425405,0,4068.274019,14776.52656,95.68161109,41.87756247,6233.484821,2129.953884,0,96.92551448,2131.026495,2306.958106,433.2341228,2615.033986,493.2176925,896.0021378,113.7747195,524.8352732,99.87011784,401.5541824,758.3137367,11410.32602,16985.92757,3038.252955,6533.778013,2463.372537,82.90988979,72.10645609,3311.551945,0,0,484.9174791,183.3938425,252.2111863,23379.63363,3719.965849,0,0,62.17747029,258.8200904,0,587.1895793,0,0,0,333.8138316,225.1880293,37.87462119,0,62.62404129,0,127.7315446,0,188.8418624,127.2369039,0,166.2040525,216.363371,0,51.72692925,0,0,0,176.7692926
DATA2,E216095.PMO,26,6991,78,G=1.6050,0,0,0,0,193.3733729,168.2179801,0,0,563.1897436,0,0,72.42045765,998.2738747,871.2904235,0,427.4553294,0,7866.583159,0,7017.610598,0,95.12201484,0,811.0178123,0,766.105702,0,0,3772.583365,117.8284935,1445.789176,4980.775825,0,4581.426377,16269.97166,114.3855342,53.15403608,6330.055094,2714.292139,0,0,2392.53274,2607.995777,456.3786037,3371.158638,588.903558,1060.368486,115.5827118,633.5922544,0,507.1418507,1120.318443,11176.61217,17642.28331,3126.83618,6743.03308,2332.434363,56.43925121,0,3663.241369,0,0,330.0543954,0,252.0758581,21020.45792,3800.623053,0,0,0,276.4554223,0,0,0,0,0,324.0836068,90.65767258,47.03003923,86.1403599,69.85237171,0,0,0,206.122168,108.6712639,0,131.104017,284.0587268,0,71.51018835,0,63.62814675,0,245.0575126
DATA2,E216095.PMO,27,6992,79,G=1.6345,0,0,0,0,143.8199783,102.5238495,0,0,256.6996674,0,0,0,563.2354523,542.6914398,0,256.0150548,0,5204.872654,0,2614.817024,0,0,0,371.6221556,0,450.7454044,0,0,2126.440466,83.4796749,881.8266191,2492.91869,0,2419.691183,9508.186738,69.41238551,68.80565298,4204.076867,1993.023153,0,0,1466.8707,1455.358926,174.9421712,1679.350205,465.2297702,955.4858441,81.91678092,338.833956,56.79267331,205.5835441,1502.937145,4753.431678,9002.463902,1588.835429,4840.971409,1238.683949,0,0,2338.990815,0,0,228.8783353,100.8620281,248.9181157,12970.17529,3732.028143,209.0528349,367.7155684,109.3857088,302.3619319,0,266.8587732,0,0,0,213.1021499,79.48967703,0,0,0,0,0,0,71.16706325,0,0,78.27206752,121.4638264,0,0,0,46.46443252,0,98.77176683
DATA2,E216095.PMO,28,6993,80,G=1.6127,0,0,0,0,205.3497482,172.8976189,0,0,364.7269406,0,0,92.3769324,940.7527645,1018.284186,0,598.4307709,0,9492.508399,0,4079.627371,0,0,0,757.7244136,0,815.7912241,0,0,3213.641439,0,1989.378461,5569.463139,0,5386.966063,16329.77554,111.9509601,84.87795093,7469.969345,3226.631393,0,0,2427.948949,2202.238183,359.9801384,2733.822388,611.5452746,1234.338893,140.5710738,495.4334954,102.0194242,419.0576889,1468.481471,11333.20184,17886.8849,3042.287661,8087.710464,3533.774276,80.72413157,0,3751.253258,0,0,557.0824517,180.4644524,429.0017651,26260.8452,3782.476592,0,297.8403292,0,194.3427979,0,366.3908791,509.5225345,0,0,303.4603147,98.29171569,0,0,0,0,0,0,76.53896944,0,0,101.5107283,196.7974948,0,0,0,96.23339401,0,186.826664
DATA2,E216095.PMO,29,6994,41,G=1.5693,274.5079297,0,0,0,143.5690564,97.38479693,0,0,372.8503215,52.71607862,623.1965685,71.63419981,747.7255488,939.2070762,0,471.3471306,0,7169.345284,0,4792.651088,0,0,0,549.7655072,0,1128.754114,0,0,3013.611862,0,1644.193135,4876.502417,0,4430.45651,14705.49632,87.4166624,67.2465739,6284.861756,3013.422389,0,0,1913.565633,2155.661743,416.0733236,2860.295084,505.2165346,1275.47022,119.868802,405.380882,88.19872848,354.0342675,3069.638739,9746.227361,14767.87539,3038.866471,6971.3217,2052.073616,73.62396815,92.13153861,3042.769722,0,342.4311413,261.8565355,0,233.0610142,18760.61841,3887.083413,427.5107845,393.8421014,105.8548702,188.2655558,0,435.2399982,398.6615013,0,0,327.3994362,67.27348861,69.42503971,420.7522377,66.35499113,0,79.49926903,0,208.8628134,138.7576733,840.108871,105.4953393,255.2036126,368.6103782,42.48999076,102.3268897,96.26801419,400.0690318,232.9391011
DATA2,E216095.PMO,30,6995,44,G=1.5758,0,0,0,0,145.4718474,101.88901,0,0,338.379043,45.34187859,0,0,678.8313536,782.6408304,0,445.0429288,0,6765.001962,0,4236.272468,0,0,0,723.2198685,0,662.6838503,0,0,2878.069517,0,1398.797789,4432.441523,0,4156.22454,14726.92656,76.52607273,59.85319047,5774.033106,2203.961283,0,0,1794.255898,2143.861305,463.9996445,2765.992788,541.8001348,758.7112124,99.07000928,416.3285355,89.262049,392.6567533,4624.780889,10798.9561,16268.56143,3523.595957,6886.25934,2525.840675,89.15811764,113.8404474,3196.688323,0,0,305.0597822,49.88272889,203.0252048,19692.30971,3871.049626,0,0,43.04797227,280.7654871,0,446.2038479,399.2467833,0,0,333.992664,157.1822723,140.5417221,101.1698232,98.29001433,0,92.69284925,0,175.1233211,116.6771902,0,152.9985402,217.0607614,0,54.09175547,44.87510536,94.33301844,0,182.0443567
DATA2,E216095.PMO,31,6996,46,G=1.5527,0,0,0,0,139.6538857,130.7856298,0,0,275.4297837,0,0,0,704.2211019,499.4028276,0,322.0644428,0,5394.465076,0,3313.133704,0,0,0,730.3800172,70.38912618,403.9456298,0,0,2091.107269,0,1039.270327,3556.411302,0,2683.041585,11384.32309,122.0220345,0,3882.854292,1480.640054,0,0,1289.373017,1369.802942,320.4822733,2266.907383,456.853669,641.5118869,66.37906694,273.0669398,76.85440519,240.6269201,2484.141321,7795.335943,10371.86771,1749.414727,6086.979554,1614.628372,0,0,1945.169064,0,0,326.7669209,0,162.3403975,12086.3095,3928.640433,203.6787323,0,0,177.2764537,0,230.2078578,304.5594244,0,0,256.9263752,0,0,0,74.96826704,0,0,0,111.4985784,0,0,0,245.7332305,0,0,103.9830886,0,0,297.2470073
DATA2,E216095.PMO,32,6997,45,G=1.6316,0,0,0,0,150.5197671,103.2741312,0,0,374.9138281,60.66841413,0,58.35011585,634.7642199,870.2022944,0,394.4192196,0,7043.504113,0,4527.745497,0,0,0,480.5456074,59.93594975,626.4711367,0,0,2976.792117,0,1548.228265,4359.917214,0,3948.891383,12111.7724,115.8088938,118.2439207,6391.179466,2594.237587,0,0,1976.068808,2187.942759,402.5148553,2691.595413,491.6831892,1040.143716,91.8834095,434.6962768,105.6181388,301.4598353,1041.894348,8132.521908,12983.62384,2837.434177,6689.297107,1804.986535,42.17596,0,3054.355843,0,0,322.1663915,0,202.0151842,17002.7706,3738.661437,337.8958188,0,0,158.1865751,0,0,0,0,0,288.111162,164.7510804,55.95987159,56.85897014,54.43313882,0,70.45352369,0,172.5224411,88.90890051,0,105.0476697,200.9771493,0,43.07636686,0,0,0,141.1502294
DATA2,E216095.PMO,33,6998,47,G=1.5881,0,0,0,0,154.0829661,108.2008158,0,0,323.178811,0,0,0,762.3446389,949.4778372,0,476.0701141,0,8203.366497,0,4876.704449,0,73.25619495,0,577.4505473,0,661.5360438,0,0,3083.653954,0,1658.530314,4889.767249,0,4349.294156,13469.11287,75.17072123,55.48870332,6470.86397,2291.669457,0,0,2029.848858,2215.076079,318.4241782,2854.950012,452.7867299,952.1113383,85.1709217,444.7652502,62.92311056,336.7305785,914.7638482,9557.818391,14004.51224,3178.128142,6465.117896,2176.96892,76.55479948,0,3371.365338,0,0,351.7333543,74.06333731,209.5683376,19973.73462,3841.067943,390.2503887,0,57.07945894,196.6665602,0,440.6092347,0,0,0,296.2456951,193.0603255,85.03436266,56.84893687,52.72549668,0,104.9028597,0,154.8288042,100.0310307,0,147.3775014,211.9596285,0,46.76254077,0,0,0,155.5226647
DATA2,E216095.PMO,34,6999,42,G=1.5132,0,0,0,0,152.3627419,116.4866799,0,0,418.9133336,55.70086855,150.94245,0,780.633374,1040.997688,0,491.3662236,0,7810.215487,0,5065.95817,0,78.32200232,131.3774523,526.6429392,0,720.0882431,0,0,2955.729735,131.5296068,1478.688102,4968.031869,0,4187.478843,12802.68447,76.46234928,72.97727348,6577.385704,2180.244499,0,0,1831.476953,2007.232209,343.8495513,2888.407005,461.4256456,936.9186047,76.66928633,391.3884271,91.20238997,323.0151433,1710.071564,8394.404886,15605.7872,2795.924304,5624.586591,1859.212475,66.84517982,0,3071.437101,0,0,368.1415815,58.12618929,232.2404311,18073.8396,4031.192176,0,0,106.3879874,170.5394203,0,429.849752,0,0,0,285.489728,180.9020793,100.2971179,122.3308181,66.77898203,0,83.88756048,0,140.4281725,129.1734101,0,126.566708,236.2894325,66.31950498,47.7972657,48.1880873,0,82.18272617,176.1021558
DATA2,E216095.PMO,35,7000,35,G=1.5413,0,0,146.1764389,0,251.340221,198.7977059,0,0,366.4212211,0,0,0,1553.07151,615.3806576,0,565.0270665,0,11393.39004,0,3587.132254,0,277.113838,0,1330.760799,0,556.5670828,151.982878,131.2787097,3781.366459,0,1569.214745,5769.831913,2004.653838,4171.646691,19761.26923,181.6714455,181.795713,6299.833801,3211.945059,0,0,1743.619957,1394.719713,594.2470712,2758.109945,920.4888409,551.9106693,152.14049,689.3714899,168.1032882,404.261422,2750.406752,15295.26478,12783.34511,4000.500878,9500.512108,1992.166976,139.1048202,0,3888.825362,0,0,616.1608478,0,450.4308978,21973.03736,3957.698047,488.4456834,216.832154,0,355.6667308,0,0,0,0,0,335.0216917,0,0,0,0,0,0,0,217.6749585,0,0,123.1626253,255.6599653,0,0,0,181.1567788,0,255.6372764
DATA2,E216095.PMO,36,7001,49,G=1.6373,0,124.9710701,0,0,165.1015239,123.3290579,0,0,344.3209834,0,0,0,777.3949995,937.9347207,0,443.2521812,0,8426.096674,0,5070.4061,0,0,0,583.0587287,0,731.516664,0,0,3529.143764,146.1329967,1599.105237,5308.951905,0,4383.937267,14210.6989,102.294301,155.7353216,7135.101389,2676.203484,0,0,2257.808245,2506.670836,439.3312636,3073.84272,492.8229993,1078.806302,72.0600601,523.2350098,0,494.5821711,924.4211239,10212.4039,15495.13375,3524.287076,7133.670439,2106.421271,78.66285382,105.444318,3590.670429,0,0,261.4875808,0,254.1015071,19529.38816,3725.64588,0,0,54.72589651,264.9900496,0,423.9837523,0,0,0,303.3314407,188.4527247,80.81277837,50.62297209,63.05733439,0,69.832187,0,103.4390629,66.93138661,0,99.32834922,197.3960762,0,40.515513,37.55037967,82.79295345,0,163.8415023
DATA2,E216095.PMO,37,7002,48,G=1.5302,0,0,0,0,165.306423,154.9111762,0,0,513.2093326,0,751.1943057,67.85706439,792.9184929,768.5998635,0,485.5842725,0,7905.161639,0,5450.49699,0,94.21604627,0,538.1169851,124.241784,1163.315728,0,0,3105.830226,142.4506692,1127.955715,6104.263672,0,3619.061643,13034.4862,106.6411591,67.24053087,4966.875855,2747.160105,0,73.9380629,1830.201895,1881.938261,423.0228401,2848.527033,671.1723079,960.1481694,88.10609825,477.086869,150.4817217,414.2948581,1100.829271,8389.99558,15464.86384,2130.218993,7172.166329,1572.318768,81.18193082,122.2626409,2642.309798,0,431.1837929,241.9683799,0,229.8579087,13221.00924,3986.407006,0,0,41.96137644,135.7662201,0,323.0149677,0,0,0,264.1260767,164.6546492,65.5457647,482.1949245,47.2508697,0,59.91454202,0,210.6213925,0,0,81.84094368,224.5452494,487.1175293,0,0,0,495.1093472,183.6171077
DATA2,E216095.PMO,38,7003,50,G=1.5755,0,0,0,0,149.5105288,134.5936935,78.46195289,0,359.9224572,72.82957276,0,65.16407968,693.8712991,0,715.5161791,354.4405252,0,6270.168639,0,4106.186801,0,0,0,475.1701094,0,519.4549128,0,0,2691.078016,108.8298789,986.9022825,4446.007401,0,2949.06037,11391.55468,71.77315369,0,4361.098722,1740.516809,0,0,1657.032809,1764.019107,349.9134599,2778.569979,381.8161254,806.9954461,78.36832988,414.2133403,113.5110088,358.071223,805.3637739,7934.040787,12598.84744,1774.904335,6056.274432,1439.411295,0,58.69127199,2351.650428,0,0,287.667488,0,199.880715,11941.44716,3871.786734,0,0,74.90070146,157.7156889,0,290.6953244,0,0,0,235.2942108,126.2152073,0,0,55.79594369,0,0,0,121.1431105,0,0,81.57245109,177.084114,0,0,0,0,0,145.0704336
DATA2,E216095.PMO,39,7004,51,G=1.5245,0,0,0,0,199.2696463,154.8071643,0,0,450.071495,0,0,0,1115.955075,1251.656463,0,592.0437773,0,10564.46836,0,6250.02815,0,88.00174152,0,794.5157477,0,925.1682702,0,0,4162.986517,154.1863724,1906.494679,6522.538381,0,5176.971664,17843.97363,104.9942558,86.57141035,8284.275598,2966.105805,0,0,2649.403632,2924.581962,516.4139919,3882.360053,610.1157838,1150.305372,107.1825571,598.0744423,134.5044621,545.2024475,1826.963414,12299.73998,19669.91072,4067.45306,9149.230734,2848.153969,115.3989057,105.0032223,4147.828647,0,0,441.822641,0,320.5207793,23468.71954,4001.311906,0,0,190.5028943,262.7152381,0,664.3724847,686.3423177,0,0,433.6995131,230.5313467,128.0858731,97.67071182,138.0460571,46.07681868,145.0460352,0,210.298894,172.4059068,0,179.2752615,327.932508,0,58.15068575,61.5542001,0,0,272.1659182
DATA2,E216095.PMO,40,7005,55,G=1.5621,0,0,0,0,200.9934585,98.49962169,0,0,368.5694933,0,0,74.99730359,878.2493212,921.4246486,0,479.1983002,0,8056.200908,0,5307.288183,0,0,0,700.0009138,0,697.9110705,0,0,3373.067368,123.6169789,1547.239352,4944.27538,0,4729.271682,16646.38925,68.46984565,42.85949154,7250.059328,2681.431038,0,0,2402.0425,2456.762574,456.4201755,2728.516849,543.3094453,1202.554148,110.2855596,525.6501219,109.5646338,427.5724088,2742.617247,12086.2646,15672.27874,3592.450008,7881.210127,2005.649406,74.53421349,191.7816838,3834.608496,0,0,347.8679123,0,223.1359441,21955.77464,3904.99968,0,0,80.49977275,282.4811857,0,0,0,0,0,305.7937068,96.62974197,76.40053622,96.84886782,86.70054525,0,93.50182149,0,163.9519353,105.3282314,0,140.4981172,246.0730954,60.04775833,0,0,60.35629666,77.25670033,229.9425785
DATA2,E216095.PMO,41,7006,43,G=1.5153,0,0,0,0,154.1327312,110.6594053,0,0,426.5679282,0,0,0,812.131646,1006.551531,0,460.309492,0,8127.015819,0,5630.953451,0,0,0,619.3033729,0,724.2447615,0,0,3211.306898,130.6884122,1574.437511,5077.483674,0,4405.8706,13484.63113,81.37174022,60.62544003,6676.013591,2394.985504,0,0,2144.716634,2296.890854,403.1760984,2992.616704,484.5242339,966.9942773,102.5285512,443.3020226,0,464.4454905,1162.118465,9076.849279,15316.80265,2920.10196,5960.942462,2009.031347,54.46429982,0,3061.450563,0,0,315.4670434,0,226.1863426,17982.95237,4025.605491,384.4736808,0,70.52374373,249.0752225,0,0,0,0,0,286.4346342,143.1449974,45.12461171,0,0,0,91.89650628,0,153.7038468,105.6459077,1065.985911,124.5106159,225.0213632,0,50.78282232,0,0,0,179.7808183
DATA2,E216095.PMO,42,7007,53,G=1.5171,0,0,0,0,148.2521136,144.0632409,0,0,446.1410787,0,0,0,1037.005695,945.7863615,0,505.2137729,0,9458.15688,0,5876.959123,0,0,0,920.3599492,0,869.7471933,0,0,4050.916632,184.2445479,1785.072651,5389.85159,0,5340.712586,19556.34357,186.1435818,151.4332749,8006.687479,3092.688162,0,0,2761.726959,2722.615527,541.2902835,2821.19428,670.8545717,1246.711553,137.5210934,600.339058,0,545.8734609,4756.381974,13054.34009,17791.63677,3428.526982,7342.569292,2332.926844,80.95713326,138.1408155,4155.206097,0,0,326.9947288,0,239.5291469,23093.1457,4020.829214,0,0,120.8966237,392.7450478,0,540.1816848,544.3269677,0,0,413.9377219,80.24899611,86.64517436,50.75254897,84.992585,0,86.93908609,0,135.6803911,149.6197534,0,123.9976049,251.0655453,0,55.39452964,59.12179078,0,0,212.8341149
DATA2,E216095.PMO,43,7008,52,G=1.5574,0,0,0,0,127.1645868,93.42618671,0,0,302.9948357,0,0,0,734.349125,592.3328641,0,322.4856601,0,5686.281848,0,3541.769756,0,0,0,574.062357,0,528.0828367,0,0,3068.031918,86.36461491,950.6130858,3352.636305,0,3359.554239,12344.26095,84.78622993,0,4251.043064,1884.191366,0,0,1741.575192,1924.788881,320.5896316,2424.552984,426.3823653,842.6926183,64.06317712,441.5367575,82.24352037,292.8221862,840.619027,9146.239309,11894.71097,2682.271092,5021.209937,1588.386203,0,0,2759.153545,0,0,224.3387884,0,197.2717487,15178.40096,3916.784384,0,0,0,154.2133124,0,315.1618486,325.2915751,0,0,238.1937956,115.8621465,0,0,55.99995846,0,67.20708498,0,92.95474078,0,0,93.0358239,180.6926591,0,0,0,0,0,183.705644
DATA2,E216095.PMO,44,7009,40,G=1.5613,0,0,0,0,129.6205693,95.03072704,0,0,412.8756937,0,0,0,829.7880906,804.7020585,0,369.3859872,0,7373.363798,0,4204.195859,0,0,0,606.9667314,0,625.2394214,0,0,3068.10859,147.8240245,1398.132989,4453.077583,0,4016.89187,14597.97857,181.5304297,114.8579472,6050.05794,2314.417443,0,76.66982876,2100.339563,2095.672767,440.3987459,2910.157079,602.1597827,941.2589522,96.79406185,455.8500834,120.5145575,366.003089,1951.180968,9493.514427,13571.56417,2635.578712,6939.089625,1984.333324,78.04576733,48.80257127,3034.344521,109.555566,0,328.7427336,0,221.5754403,17581.05416,3907.000576,0,397.2601013,109.0134734,210.6917055,0,0,0,0,0,280.0222476,63.26487229,78.14702394,60.35625474,101.3519621,0,100.8393552,0,130.7353167,106.7674568,0,93.98142316,243.3814591,0,0,45.52242616,0,0,199.4067601
DATA2,E216095.PMO,45,7010,54,G=1.6080,0,0,0,0,190.9188483,149.1411298,0,0,451.6628641,0,0,111.1174409,1213.751785,1128.926256,0,643.5339445,0,9683.100153,0,5372.73548,214.5320867,87.41952983,0,1052.888907,0,1002.079696,0,75.37963436,5037.710956,0,2225.219115,6510.907408,0,6431.326392,22308.5904,202.834392,128.9401347,7878.711142,3448.054286,0,113.8255297,2543.340334,2778.953045,628.3701559,2557.937371,772.7328566,1170.968236,214.5164502,753.8910148,138.434919,565.4271999,4498.473066,18635.63197,18839.93412,3999.645819,8240.20377,2829.415595,73.67303572,97.81300464,4095.583863,0,0,480.481651,0,266.8896165,21780.24041,3793.532338,0,901.0858957,132.4356895,434.6848232,0,468.7581915,454.0787954,129.5280277,0,481.5791948,0,0,0,90.48134446,0,0,0,145.6614111,116.0325808,0,0,273.2344454,0,0,117.6244169,63.47593665,61.15377933,268.7629122
DATA2,E216095.PMO,46,7011,39,G=1.6291,0,222.5086649,0,276.8489278,244.4947135,261.1865964,116.252646,0,318.8487525,95.84510671,0,0,1170.858452,0,514.948337,397.4675897,0,7619.82314,0,3172.597104,0,0,0,806.7229881,0,600.8575862,0,76.08495445,3695.791041,0,1236.469134,3953.011414,881.1570162,3224.812834,15881.38239,156.0379677,72.45880031,4961.392083,2428.490759,0,0,1961.972987,1689.795687,428.6383625,2798.518113,898.657183,829.467325,125.6748154,681.9913783,104.3085893,252.8787299,1526.403853,11192.25192,17067.47467,3077.013437,8832.301616,1953.425893,109.3331854,0,4270.642962,0,0,587.1461893,0,601.6251562,19159.46188,3744.398748,339.8908981,300.1601287,0,325.8465929,0,198.5060017,422.7723303,0,0,209.2159742,0,0,0,0,0,0,0,154.6082831,0,1091.209296,93.79947629,199.4765158,0,0,0,0,0,200.5957482
DATA2,E216095.PMO,47,7012,38,G=1.6031,0,0,0,0,181.8088358,177.4066567,0,0,330.1056772,0,259.8699127,0,1223.203842,785.6426671,0,499.631109,0,9525.937221,0,3804.532522,0,0,0,914.8010436,0,862.9916479,0,95.3998209,3837.983813,127.6577176,1692.749012,5007.757657,782.9724798,4102.231228,17343.97611,112.3585608,156.0636462,6533.152244,3571.969991,0,0,2182.27649,2093.896328,475.6756824,2692.931198,1016.424514,887.3953736,128.060573,684.9276665,79.66465341,328.8370495,2334.782079,13186.98947,17600.92553,4353.141823,9301.598509,2373.420631,167.361042,128.6676515,5374.921037,101.6371699,0,561.5589345,0,607.800275,23093.53587,3805.127565,0,621.1135441,0,287.1620693,0,423.5640552,0,0,0,304.4776858,104.4548937,0,84.33608294,72.0494451,0,103.1583891,0,196.389387,119.0743093,0,112.7734686,224.0822248,91.72323331,0,0,151.6458697,82.46468467,203.0653994
DATA2,E216095.PMO,48,7013,34,G=1.5115,0,202.4331905,0,0,227.3808801,188.7574409,0,0,388.6569344,78.3093483,0,0,1442.782179,0,0,575.3279826,0,11705.0283,0,4123.589086,0,0,0,827.0197482,0,826.3945884,0,96.76441156,3698.696614,0,2300.128425,5800.803281,1016.519167,5061.515341,18418.51004,83.41498016,203.0371029,7347.635459,4291.358542,0,0,2333.08104,2393.827148,498.4854838,2921.492655,704.2760567,651.2579278,142.0795764,628.69271,55.87157543,291.0462161,1771.305774,13368.76152,17799.47905,5296.330353,9628.402272,2788.12359,140.1706125,0,5544.875597,0,0,713.4692967,182.6837939,529.8190438,26773.64443,4035.7261,0,0,0,274.484447,0,272.9991651,355.4808121,100.6327085,0,304.8674706,111.2812368,0,0,82.23500126,0,106.8508565,0,156.6456336,0,0,102.4753255,211.4345159,0,0,0,152.3122393,0,248.6120384
DATA2,E216095.PMO,49,7014,36,G=1.5214,0,0,0,0,203.2172011,197.817009,0,0,442.0129233,80.67071801,0,85.56097714,1506.299274,0,0,650.1314482,0,11904.50986,0,4383.126452,0,0,0,935.734376,0,858.4347771,0,111.2762407,3805.050023,0,2383.677293,7949.938419,0,4796.02607,19339.96592,210.089701,278.681552,7765.089545,4143.553443,0,0,2396.145106,2269.236432,607.4745263,3366.819894,796.2970034,844.4378644,121.3652657,682.3885651,0,465.6363186,1650.013271,14740.90693,18417.92078,4688.990082,7951.423365,3301.355416,97.97069489,0,5740.933334,0,0,541.1361726,0,462.025724,28271.69376,4009.464966,0,0,0,230.9715869,0,269.3627238,0,0,150.0736855,287.0132176,126.0443075,56.75325304,0,62.05630423,0,135.6192103,0,129.5257434,0,0,134.9540163,201.8634069,0,0,0,0,0,201.9075247
DATA2,E216095.PMO,50,7015,33,G=1.5339,0,178.4591084,0,0,232.9779617,121.6081871,0,0,302.6324524,102.9703709,0,0,1015.995304,549.6274136,0,477.8586155,0,8724.155396,0,3232.799375,0,0,0,982.1743616,0,644.5094085,109.94146,100.6936295,3865.297632,0,1176.761593,3585.80451,1392.004932,2981.437564,14298.17926,192.5766545,109.4845821,5437.856406,2648.131213,0,0,1666.979438,1455.577749,357.8961414,1919.524924,782.7123912,805.4292475,99.29555174,606.4061861,55.31405422,240.4014106,1432.959284,10757.30059,9901.999637,2662.121126,7063.82061,1278.508647,100.9814206,0,3210.658593,0,0,427.6687115,0,365.8853181,16697.87333,3976.791186,0,0,0,253.2319091,0,0,0,0,0,232.6698237,0,0,0,101.1335866,0,77.40528924,0,139.9333128,0,0,71.42964794,235.0546388,0,0,0,0,58.85216285,231.0750636
DATA2,E216095.PMO,51,7016,37,G=1.5434,0,163.5386945,0,0,164.0934384,152.6252497,0,0,198.9564101,0,0,0,722.1920693,364.0965344,0,276.482207,0,5489.510022,0,2343.398922,0,0,0,466.3445845,0,366.0897769,0,47.6067972,1900.930576,0,808.9679923,3546.173021,0,1986.143817,10409.14607,95.14326714,93.71227024,3415.951338,2088.175232,0,0,1260.924735,1170.338288,282.0157788,2426.278676,513.3620028,485.5273163,70.83482019,342.5391916,105.4377996,154.5290523,1179.106408,6834.27184,9281.38255,1828.642099,4359.792428,1129.229694,0,0,2606.800951,0,0,225.5811022,0,268.4156213,11591.25943,3952.313075,0,0,0,148.5573099,0,200.7137148,0,0,0,158.2409016,0,0,0,0,0,0,0,74.8775727,0,0,0,126.0696978,0,0,0,66.77141606,0,169.3808614
DATA2,E216095.PMO,52,7017,31,G=1.6199,0,247.7567022,0,0,238.5846483,181.6982204,0,0,319.6826711,101.3311762,215.6994016,0,1120.702844,607.1752914,0,523.6829573,0,8567.608924,0,3681.39344,0,0,0,1006.192319,0,862.2559214,0,106.578065,3985.267164,0,1439.647681,4942.374597,1117.431618,4021.798474,20023.34197,114.821449,116.8554159,6248.227178,3594.35954,0,0,2079.614515,2330.595114,701.2141676,2539.624987,1102.942488,905.2407753,114.5268721,669.7672431,124.0615956,339.1675007,10919.58317,18205.04834,18751.72485,3194.516147,7959.83826,2365.046248,0,0,4912.895722,0,0,472.6080015,0,630.9482238,26083.94205,3765.664547,0,614.9849334,210.2677553,288.6020728,0,0,0,0,0,264.4448545,0,0,0,0,0,119.487935,234.7058125,156.7450015,117.469187,0,135.2296504,260.5594357,0,0,0,134.9315133,0,302.8744658
DATA2,E216095.PMO,53,7018,32,G=1.5215,0,205.8056872,0,0,206.3931069,156.8412362,0,0,324.4107786,0,0,0,1261.14846,830.1944767,0,543.4753194,0,11411.21604,0,4033.600196,0,0,0,823.4607976,0,789.8894951,0,95.43116363,3686.768461,121.4460838,1813.642499,5951.338007,929.6736786,4271.530889,17085.30559,143.4290052,163.0673644,7155.846218,3689.561981,0,0,2360.813725,2199.447869,569.2327742,2662.599913,1115.594998,873.4050614,116.6455452,751.4270034,100.6711609,337.1069722,1765.422571,12442.63446,15383.94154,4565.86909,8738.240811,1996.424602,104.6272077,0,5706.647549,0,0,464.0168983,0,478.9009862,24168.40328,4009.201446,556.079233,0,0,228.1331937,0,295.9119262,0,0,0,260.0106743,143.5143241,0,0,0,0,106.5150311,0,158.510289,0,0,117.0618453,233.6113727,0,0,0,144.5930889,0,244.7864374
DATA2,E216095.PMO,54,7019,30,G=1.5223,0,0,0,0,219.43879,198.2277205,120.6977578,0,306.2443861,0,0,0,1060.674597,870.3358854,0,520.9248604,0,9092.14057,0,3273.457575,88.11897313,0,0,663.9554401,0,642.6492044,0,76.91332938,2832.099838,0,1740.124414,4453.65038,766.4547527,3476.052446,13656.15574,83.57333505,198.3005598,6498.550725,3060.403284,0,0,1859.668775,1707.034056,396.3533829,2437.733207,802.8883828,685.4720369,77.28681871,557.5361009,55.08858773,269.2511609,1564.326542,9905.044779,15890.80343,1991.759382,7369.830669,1855.713646,0,0,4488.380703,0,0,471.6580878,0,584.4521773,21684.24518,4007.094528,446.2732128,0,0,189.5294124,0,310.2435506,0,0,0,210.588735,111.3062005,0,0,0,0,0,0,111.0737111,0,904.6981511,77.89084095,161.080957,0,0,0,0,0,190.3033044
DATA2,E216095.PMO,55,7020,29,G=1.6261,0,0,0,0,266.6509999,193.3358634,0,0,385.8959575,0,0,0,1305.365512,962.8895217,0,701.7315677,0,11259.52906,0,4497.687204,0,124.6983695,0,1214.057198,0,927.077939,0,145.9806662,4709.342226,0,1786.839198,7445.69018,0,4121.470626,18169.26579,186.0055903,89.75533552,7631.555766,3003.543334,0,0,2109.230094,1870.243677,564.9650994,2636.443218,1031.170325,800.2574385,135.4708975,790.361022,106.7763671,546.4923195,4126.398308,14246.90059,13505.45956,3246.529124,9927.696852,1772.533359,107.4824095,0,4059.48467,0,0,598.2538445,0,440.3392034,20822.45622,3751.306808,0,653.030827,113.4738931,331.4536782,0,0,0,0,0,347.7184942,0,0,0,100.3699086,0,0,0,179.6835196,0,0,84.45585743,418.2637882,0,0,59.56121597,0,0,312.9304924
DATA2,E216095.PMO,56,7021,16,G=1.5385,0,218.1561055,0,0,210.880057,156.9847406,0,0,333.6859741,85.83386448,0,0,1170.080365,952.8820626,0,544.8582347,0,9741.585011,0,3536.051312,0,0,0,724.958521,0,683.4499852,0,82.50746411,3034.035708,0,2081.581593,6202.91962,0,4869.964016,17417.2642,127.137439,104.5693873,6431.057849,3455.28117,0,0,2100.537189,2160.681222,442.5189451,3189.183258,635.8781164,795.7095583,93.79459383,515.0422113,0,468.0411711,2862.179228,15219.47125,20281.66594,4478.180254,9093.10394,2774.917766,0,0,4028.389736,0,0,551.4186786,0,521.1322497,24008.6884,3964.900877,0,637.1208358,144.5395711,376.1167423,0,462.6546413,0,0,0,330.4265751,130.2955781,0,0,99.65920508,0,138.3204615,0,202.3807117,148.9975506,0,175.917884,263.7371953,0,0,65.14715299,0,0,252.5823714
DATA2,E216095.PMO,57,7022,27,G=1.6330,0,0,158.3784887,0,198.991184,125.0516496,0,0,310.4157468,0,0,0,1127.035471,667.7037551,0,427.8696147,0,9279.355738,0,3636.253178,0,0,0,798.8882056,0,648.7069426,0,92.39748628,3222.278869,96.31565873,1442.565933,4189.746453,793.6600227,3348.76714,15705.12884,130.9541408,117.2387905,6302.543206,3068.83585,0,0,2067.084158,1859.624961,505.6496325,2523.615749,977.2257665,726.2865981,131.9927937,524.3229609,53.39730012,216.0729725,3539.427563,10623.1712,13726.5915,3340.993435,7227.069338,1815.078177,0,0,4116.51876,0,0,353.1890571,0,469.3754499,20253.19782,3735.456216,0,272.5325554,106.8138132,266.9339742,0,344.6024301,391.2910167,101.1822578,0,325.7821492,0,0,0,79.52096886,0,0,0,83.99289319,0,0,72.92013979,234.7401168,0,0,57.07729633,0,0,265.4379672
DATA2,E216095.PMO,58,7023,23,G=1.6678,0,0,0,0,229.0146535,215.6559887,0,64.42468965,403.7154578,0,0,0,1610.47028,1068.805568,0,567.3350311,0,10679.18457,0,3162.418165,0,194.7856188,0,1169.454218,0,612.124945,0,105.8727137,2901.454015,207.7221457,1947.994973,5681.988358,1035.633477,4397.894391,17442.28767,207.5049691,191.3129293,6392.549394,3384.702161,0,149.3965654,2165.269377,2170.817431,758.1615204,4315.329406,1306.125804,750.8457839,145.3976474,697.7970831,0,387.1315755,2473.887286,15095.61387,23234.70516,4351.606392,6882.965215,2972.320596,69.51251682,0,4013.49039,90.87010419,0,568.0501909,0,655.999423,22017.54847,3657.512891,0,867.2418566,236.8837567,332.8404136,0,1411.607214,0,0,0,303.8508735,0,60.65029775,0,130.5258276,0,143.5312638,0,202.2014703,189.7010894,0,178.6163602,308.2411683,0,0,61.42182476,56.59468884,0,285.4668553
DATA2,E216095.PMO,59,7024,15,G=1.6186,0,0,0,0,292.0874899,174.8337688,0,0,443.9468817,112.2672883,0,0,1611.922057,1200.790303,0,663.8279143,0,11882.90862,0,4094.483832,0,139.9997087,0,1191.460362,0,861.9481211,0,111.5338911,4295.925306,211.2345758,2504.997048,6997.085354,0,5844.668221,21138.40623,299.001631,169.0559035,7678.090267,3720.439497,0,0,2538.084257,2636.197907,630.9118373,3691.680921,958.4748105,991.4847239,178.1871842,667.3397879,0,532.4333183,3725.24406,17729.87558,24380.4805,5392.332794,8953.834755,3535.974613,139.1195679,133.1861153,5448.929144,205.3708426,0,694.0707711,0,785.9284611,27441.874,3768.68899,0,937.823254,232.6941941,352.8464728,0,1490.151953,0,141.1855257,0,394.972502,0,78.58858033,0,139.7111569,0,174.8500105,184.0475795,231.7162614,204.8333569,0,153.775337,360.135108,0,0,88.36784018,0,0,352.3589535
DATA2,E216095.PMO,60,7025,24,G=1.5378,0,223.9650426,0,0,273.537124,299.6200376,115.6391843,0,404.82759,91.75992134,0,118.4053608,1497.583684,702.2663806,0,551.1194915,0,9782.837165,0,3499.323253,0,0,0,953.2196657,0,572.3390735,0,76.60221117,3425.709607,0,1600.390606,7000.270322,0,3948.657553,19178.21748,140.023557,51.69611059,5627.984992,2611.687669,0,0,1970.848257,1807.206681,549.3932508,4917.05042,676.5994442,757.1130191,133.855768,596.6131239,0,552.2025722,1684.954657,15115.75446,18337.21669,3232.84333,7050.866629,2709.913631,116.2150862,0,3209.068081,0,0,654.1739588,0,409.6142016,21237.93825,3966.705683,0,463.7287875,0,374.6347506,0,0,0,0,0,323.5752934,0,73.06442848,0,129.3463632,0,85.68104751,0,172.7376712,0,0,121.4459745,300.4837128,0,0,0,0,0,247.2538932
DATA2,E216095.PMO,61,7026,28,G=1.5909,0,0,0,0,322.5437639,205.3664707,0,0,556.8958138,0,2030.942896,0,2070.826209,1375.606811,0,879.5903536,0,16738.41481,0,5511.7665,0,0,0,1858.089722,0,3039.546705,0,180.5215139,8235.71865,0,2663.521337,10884.52353,0,5527.269849,27463.43356,386.9771878,166.4467986,11302.8843,5279.36699,0,0,2802.527657,2339.124229,756.3804184,3583.348915,1080.581084,1491.987102,168.6609477,1157.119703,0,577.6249267,5122.101608,22927.05487,19265.96124,4529.660607,11310.6783,2469.360672,178.4195636,0,5513.014856,0,888.5297535,531.4619408,0,673.0908954,28756.5517,3834.307625,0,1002.059173,0,439.2207444,0,0,0,133.1670114,0,466.162855,0,0,1445.633521,0,0,0,0,0,0,0,92.22373825,426.3796374,1349.436368,0,0,147.6247184,1406.501434,397.3775019
DATA2,E216095.PMO,62,7027,14,G=1.6265,0,216.848742,0,0,248.602529,201.6410375,126.7890879,0,422.5071448,69.94138028,0,0,1546.852048,839.9806646,0,528.0506755,0,11156.34149,0,3639.93504,0,0,0,1112.599217,0,1436.597476,0,99.63611902,3894.584875,133.6915933,1892.38741,4966.348558,937.2181006,4463.345386,20339.61875,146.0632119,135.3911849,6562.531104,3881.726782,0,0,2394.753458,2204.904974,563.5230729,3713.285847,820.0169231,925.869672,146.2077825,621.9449707,0,475.4823878,3880.265308,15356.23481,17823.07328,4033.725572,8880.755413,3074.354149,158.0429854,0,4354.639141,0,0,1080.143821,0,465.6745175,21558.08903,3750.384261,0,522.4082184,0,249.0490728,0,0,0,109.930089,0,360.7176442,0,0,675.2490834,117.9033082,0,0,0,0,0,0,90.43926649,300.397132,655.218252,0,62.7277843,0,682.4466062,318.5930305
DATA2,E216095.PMO,63,7028,25,G=1.6174,0,0,0,0,219.9758651,215.7393385,69.40443999,0,290.1024324,71.06938338,0,0,1145.054202,828.9757633,0,486.3371985,0,8122.09824,0,3285.054519,0,0,0,970.3399583,0,892.6406964,0,66.06542294,2846.30608,123.600871,1663.460956,4308.991552,705.8905436,4016.997231,14767.98797,107.8519015,124.0097303,5694.478396,3520.864652,0,0,2036.763526,2132.872293,533.361857,3026.237673,966.1604054,969.0324404,116.5044359,599.5130385,67.95954534,330.08232,1476.705589,12021.92231,20026.40347,3965.741332,7272.73928,2782.047064,81.4289943,125.1604452,4634.203817,76.6870258,0,602.6100435,0,562.5801252,20140.42226,3771.4851,0,471.9454466,0,183.4421878,0,287.9695531,318.3348676,67.43781808,0,241.2258816,0,56.27067763,229.8962398,91.66132159,0,72.27109903,0,187.200143,78.78567291,0,93.87702299,193.8621407,198.1107533,0,0,0,200.9572349,187.7507997
DATA2,E216095.PMO,64,7029,26,G=1.6141,0,0,0,0,281.3301145,167.053196,0,0,300.9927127,0,0,0,1241.443692,521.3246868,0,395.1687178,0,8224.784585,0,2786.629954,0,0,125.5748554,750.5747237,0,711.512717,0,0,3434.213969,0,1220.470651,4131.382829,1009.553911,3086.15789,15106.14977,144.9700009,86.06211995,5041.573347,2503.691736,0,0,1783.388113,1586.748531,357.5280231,3607.771153,795.0160843,938.8855467,116.3341304,624.2838549,0,341.1954713,1122.759506,10069.74224,14467.84391,2709.340473,8775.677444,1954.234861,0,0,3113.028582,0,0,438.8857912,0,414.8842464,19238.3666,3779.195837,290.038046,160.9220799,0,214.3298393,0,0,0,0,0,276.5254842,0,0,0,0,0,0,0,151.0266457,0,0,89.68200657,279.5379423,0,0,0,126.3222012,83.88186358,258.0181178
DATA2,E216095.PMO,65,7030,20,G=1.5391,0,0,0,0,386.3659296,298.7513582,184.4562261,0,534.2601427,90.71266796,372.7116313,0,1569.586317,949.7612425,0,919.6843631,0,15371.03045,0,4298.99415,0,0,0,1048.713504,0,1058.431121,0,146.0819448,4546.461639,0,1883.996243,6447.128441,3152.327443,4200.655119,20049.17766,268.6133016,194.3455468,8521.127381,2949.717262,0,0,2314.344616,1839.785176,706.6151337,4259.016513,814.2304583,955.1214478,207.9720508,857.1864648,0,608.6383145,2021.521502,16838.21873,13299.23059,3580.110816,9082.475687,2573.190358,166.5294377,0,2657.507232,0,0,861.6176528,0,344.6725882,29221.90723,3963.355208,0,708.1594255,88.99770801,423.1389407,0,0,0,0,157.5931959,394.2492662,81.01574703,0,152.3452292,98.47556497,0,83.13832702,0,207.7671029,0,0,105.6863401,367.5877913,144.7721578,0,88.35718047,0,155.3879279,322.1685384
DATA2,E216095.PMO,66,7031,21,G=1.5678,0,197.7205244,92.72200364,0,228.1614861,160.379621,0,0,357.9547807,0,0,0,1282.7097,1024.665652,0,510.5323028,0,9830.408275,0,3762.591896,0,0,0,867.7851303,0,745.337983,0,81.21600971,3191.652632,0,2238.328795,6170.540094,0,4744.822107,16711.7664,127.8028895,133.0087532,7068.902954,3497.713311,0,0,2132.329104,2227.081472,471.9446658,3584.973609,690.1685695,897.2438827,112.0982164,601.4274067,0,490.9913538,1875.106195,13252.92137,19181.41171,4497.587401,7865.217372,2841.483087,160.8822666,0,4480.915451,0,0,591.3175052,0,568.4745277,24869.43483,3890.802398,0,339.0574866,0,394.5866483,0,365.0729972,0,0,0,325.0297646,141.5841407,0,0,94.64433254,0,110.5238606,0,197.5704279,0,0,143.0075368,254.6588016,0,0,0,0,0,240.6979834
DATA2,E216095.PMO,67,7032,22,G=1.5431,0,225.1576975,0,0,330.0401648,220.9136848,138.1044378,0,626.4033729,78.21615727,0,0,1644.363689,832.111742,0,784.3215986,0,13445.17546,0,5804.527039,0,65.83303266,0,1104.352024,155.5605683,1269.185314,0,116.3500141,4970.797569,0,2056.511401,6868.546929,0,4948.693959,21576.06979,230.9788422,109.7345385,7650.672455,3336.945701,0,0,2361.875609,2140.858146,528.4550019,3670.204943,787.5891932,1353.871511,154.826901,702.8261425,88.07464774,305.3787494,2595.834574,18715.05646,21045.12129,3822.087564,9136.213823,3197.41541,131.1328753,0,3755.879596,236.1252401,0,1091.359317,0,557.8746977,27275.21397,3953.081459,0,642.9649548,84.00637221,501.4533517,0,0,0,159.8817298,143.2869975,400.4431064,0,88.85126816,377.5376996,130.9970295,0,74.43128433,0,246.7557836,0,0,84.60754578,332.6934591,371.584531,0,71.68299713,128.3552927,372.0341517,306.0873187
DATA2,E216095.PMO,68,7033,12,G=1.5783,0,0,0,0,164.2281314,205.441176,0,0,393.499518,0,0,0,1235.794357,1188.884093,0,707.883724,0,11643.14526,0,4664.614221,0,115.1949792,0,929.8378061,0,833.2815078,0,0,4334.719289,150.5707662,2287.653681,6913.597193,0,6019.59783,21043.8301,127.4241031,63.58589924,8732.951926,3088.795502,0,0,2680.683626,2954.724514,515.9918821,3678.602364,664.4909322,1118.719953,127.1720765,781.849278,0,680.5007692,1492.944747,18219.0675,20426.53123,5122.68712,7239.559003,3618.524544,112.2854651,188.7840043,4902.150572,0,0,590.5397723,0,246.6545187,32428.60972,3864.91795,840.6376134,264.4451009,0,218.7354826,0,399.5762135,0,0,0,363.0286022,224.7308845,81.02010573,0,0,0,107.48286,0,129.6054688,0,0,138.9677268,220.1552693,0,0,0,0,0,176.3661218
DATA2,E216095.PMO,69,7034,18,G=1.5145,0,0,0,0,286.9317386,281.1174655,142.9276854,0,339.7924568,68.82427317,0,0,1314.471438,931.0238533,0,621.75899,0,11351.80362,0,4591.002433,0,0,0,1775.56387,0,785.320809,0,91.75028678,3659.427296,0,2060.631084,7229.273668,0,5458.34812,22474.15061,106.2658725,149.0478631,7264.577652,4209.974482,0,0,2453.682225,2918.955858,713.083748,3765.553964,811.5722664,819.2673926,129.5699678,676.8696155,0,489.4707665,5093.270333,16661.35028,24116.93982,6870.69431,8056.324665,3809.71122,74.4423807,0,5171.451104,0,0,734.7809277,0,651.6943776,29338.43338,4027.731925,0,617.5517438,0,255.3199309,0,288.3374155,0,0,0,400.5150138,122.9535781,0,0,132.6858171,0,107.7449837,0,162.085129,125.3133988,1313.245656,202.689912,276.6631208,0,0,55.42759795,86.70446831,0,273.9746751
DATA2,E216095.PMO,70,7035,19,G=1.5845,0,0,0,0,209.016824,191.079995,0,0,345.5490807,0,0,0,1218.731674,951.0630734,0,562.2845977,0,9533.672396,0,3341.472421,0,76.67697541,0,1052.866659,0,648.2553998,0,68.08057449,3176.368095,119.0744741,1992.474378,4926.190225,885.4291194,4152.133891,16403.72586,97.4143111,149.6357334,5975.73511,3255.271547,0,0,2017.872637,2009.953209,438.7536367,2985.667976,665.7683185,772.3050785,109.0744,671.8908613,0,388.754888,1556.408323,13918.48426,20630.1238,4362.67668,7223.589749,3048.3354,0,0,4745.2401,0,0,494.1058771,0,553.6131245,23489.69547,3849.794888,497.6381366,0,108.1211947,311.5290313,0,328.508307,477.0192922,0,0,265.046291,0,0,0,81.20149323,0,0,0,115.3859035,0,0,94.28091299,196.9718952,0,0,0,97.58598757,0,205.3137459
DATA2,E216095.PMO,71,7036,13,G=1.6228,0,194.5635384,0,0,168.1593311,170.8361133,78.14481909,0,311.4456393,68.20093036,185.8546033,0,903.2728896,766.4906985,0,469.4315969,0,8177.129447,0,3670.036071,0,0,0,605.4964228,0,584.1257393,0,0,2956.823305,100.8285981,1251.366258,4169.487378,0,3562.120238,14113.77077,143.6351368,0,5263.212984,1811.370286,0,0,1903.193421,1786.923974,332.9284799,2982.55284,456.8274665,968.8426147,79.19719701,595.5728134,107.3702557,396.884042,1072.570021,11466.27636,13997.86821,2543.091132,6184.98484,2095.694851,71.47419362,133.2559179,3006.220397,0,0,604.1187608,0,285.2744956,18042.24833,3758.935174,0,461.2797191,0,197.5344337,0,240.6769929,391.7690136,0,0,236.7250607,148.3208267,99.95356613,103.0653097,79.47047466,0,74.4305067,0,161.1254768,0,0,83.12895096,198.2080283,65.24968474,0,0,0,55.75017556,153.750628
DATA2,E216095.PMO,72,7037,8,G=1.5430,0,0,0,0,194.5534645,206.1951712,0,0,334.667624,0,276.4171918,83.03012034,1111.006082,1242.381245,0,695.8890025,0,10958.39088,0,4788.767127,0,0,0,796.4223658,0,944.5894834,0,0,4212.716746,157.8057866,2218.485697,6888.866607,0,6335.220051,20556.27195,137.6087013,69.07124704,8656.8179,3349.485699,0,0,2703.822018,2915.17154,470.0550898,3512.466748,589.8235884,1043.267327,121.9439499,686.6680695,0,664.4746778,1535.90191,17377.3852,20680.74059,5008.620826,8398.127067,3457.053702,106.2819242,175.3552974,4737.571139,0,0,649.7261032,67.16352214,229.2330112,31276.37094,3953.337654,0,346.6968634,0,209.2832699,0,353.0190585,549.7036112,0,0,378.125034,194.5147546,92.1599879,212.030487,67.03766242,0,98.5095689,0,167.8144125,0,0,138.6999761,236.9839189,159.0345025,57.81242498,0,0,170.6672477,192.3159267
DATA2,E216095.PMO,73,7038,6,G=1.5172,0,0,0,0,284.0456613,188.3003409,0,0,398.0701436,0,0,0,1380.523048,1069.810504,0,609.8438507,0,9769.602873,0,5138.707865,0,0,0,883.2075482,0,994.5441274,0,0,4283.854777,0,2247.907098,6287.420551,0,5581.451342,20615.68738,245.8772037,0,7803.368742,3695.332402,0,0,2640.035263,3072.021801,556.3572849,3244.454743,729.5176565,1259.253669,121.2558697,742.029009,0,559.0453352,2642.576745,19409.70743,21335.33386,5074.664912,10205.34422,3198.53829,0,0,4692.408756,0,0,629.8222349,0,414.1338172,30860.53688,4020.564197,615.9583329,1070.184979,151.138283,220.9386398,0,0,0,98.35522802,0,948.67866,0,0,161.7351129,0,0,0,0,255.8224825,0,1093.889867,119.0860518,432.1610269,161.8417175,0,0,151.9053876,174.4499363,327.2638643
DATA2,E216095.PMO,74,7039,7,G=1.5680,0,0,0,0,163.0500969,149.0107321,0,0,318.2302259,0,0,0,1075.541785,837.9454073,0,450.4069263,0,7297.659204,0,3638.562265,0,0,0,787.0040068,0,511.0347174,0,45.78816183,3130.342077,107.1382007,1322.732521,4988.489277,0,4481.162187,16176.59311,153.6988069,0,4706.423239,1808.595659,0,0,1663.146988,1746.519498,396.5157935,2597.358188,878.7292184,600.9438066,80.43641599,508.287923,0,480.7327398,1434.903407,14710.13475,16367.17768,2934.475724,6591.616144,2738.697517,85.11877457,0,2943.177038,0,0,460.7466037,0,222.3471141,19955.47806,3890.306122,0,220.6105978,0,219.318647,0,0,0,95.79963621,0,276.0164694,0,56.01043196,0,66.24880591,0,63.21717869,0,149.9887935,0,0,57.29395875,246.2221241,0,0,0,79.10559335,0,184.9708203
DATA2,E216095.PMO,75,7040,11,G=1.5641,0,0,0,0,172.3973436,235.5577188,0,0,323.5922765,0,122.4772569,0,1187.75363,793.4592622,0,510.2907319,0,8876.599831,0,4041.599519,0,94.39333624,0,815.6031871,0,563.7991165,0,0,2848.847486,92.09966655,1342.822872,5605.883379,0,3801.213649,15874.08796,147.9065819,0,5077.45275,2225.859753,0,0,1793.049974,1707.720908,359.0939139,3463.862366,802.3418893,738.2848242,97.52470881,471.9692027,0,470.1338419,1269.067434,12180.43954,15699.06158,2525.400607,5977.36645,2322.111675,0,0,3005.538094,0,0,407.5141501,0,299.1789222,18066.6481,3900.006393,287.8448886,289.9810511,0,354.2743836,0,345.1936208,0,0,0,259.4100609,0,0,0,0,0,0,0,173.9306265,0,0,71.1896765,227.810654,0,0,0,99.76699897,0,198.3787343
DATA2,E216095.PMO,76,7041,9,G=1.5808,0,0,0,0,120.6302527,147.1812628,0,0,306.6934877,0,0,0,784.811967,512.6133214,0,369.8599161,0,5980.496468,0,4397.39408,0,0,0,460.8766327,156.4504715,392.2680744,0,0,2197.039942,82.60095402,924.2365084,4164.01282,0,2780.042061,10891.5272,105.1621338,40.34680372,3776.901924,2228.02035,0,0,1404.527436,1434.348604,321.317951,1913.578249,381.1186191,503.6726452,56.26404209,350.3437628,126.4360986,257.8837072,611.1399507,9104.539032,10714.1801,1989.977952,5068.949382,1531.062881,0,100.7106102,2717.114739,0,0,348.8837362,0,277.0125609,15409.04457,3858.805668,0,112.4628662,45.73853253,149.2426808,0,186.2472989,0,0,0,166.6294778,0,0,0,65.38095694,0,56.14267304,0,99.17272278,0,0,56.22802734,156.2563211,0,0,0,61.9247216,0,150.1575928
DATA2,E216095.PMO,77,7042,17,G=1.5228,0,216.1796402,0,0,238.514762,203.909446,0,0,375.4733902,128.0544042,0,0,1169.141477,973.4484032,0,604.5967878,0,10133.50336,0,3828.125604,0,0,0,1099.878794,0,804.1665669,0,0,3866.326623,0,1948.215256,5558.521189,0,3791.645759,16127.36062,150.511353,122.5954381,7152.017212,3721.52859,0,0,2262.383644,2209.178248,414.1451484,3480.916362,662.3921798,941.6107808,125.7482403,674.4384035,0,271.9818484,2864.4103,11750.33352,18198.14209,3838.754419,7032.578387,2635.610745,123.5889993,0,4154.217136,0,0,592.3439323,0,634.8083386,22017.65378,4005.778828,0,457.3391898,104.5377212,288.7143248,0,304.2396512,350.1746238,71.58980144,0,284.6964599,128.0408735,0,0,103.6818307,0,94.26772363,0,135.8707603,0,0,126.10599,242.0068355,0,0,0,0,0,231.6416114
DATA2,E216095.PMO,78,7043,4,G=1.5818,0,0,0,0,122.1551853,122.7662269,0,0,299.6652188,0,0,0,1074.027707,933.2094744,0,480.199309,0,8741.083486,0,4134.586879,0,0,0,687.6930725,0,636.1797367,0,57.52917883,3217.160306,0,1808.725014,5274.837541,0,4863.924622,16425.45131,103.8344537,93.90865464,6355.400198,2901.137,0,59.63412262,2084.711174,2184.055641,365.191378,2593.062066,562.9682392,638.7441819,96.83890858,558.0121029,0,430.9393967,1571.723213,13451.15003,17374.13225,4240.241162,6458.40816,3213.320202,86.47268501,131.8807359,4094.906672,0,0,438.0095171,0,278.1717688,26920.32967,3856.366165,0,668.6116127,115.0464388,294.293152,0,356.2841757,404.1725992,76.05947005,0,293.4070717,137.1349491,0,0,0,0,103.6104422,0,162.512517,0,0,147.8814193,221.7582706,0,0,0,88.08208214,0,189.1623812
DATA2,E216095.PMO,79,7044,10,G=1.6434,0,0,0,211.8106819,164.2353853,157.2615768,0,0,305.8381535,65.71528176,0,0,945.8095075,819.1492135,0,449.7573084,0,7280.422336,0,3294.968884,0,43.40498408,0,606.8404637,0,619.5715717,0,0,2943.033848,115.4439795,1440.465583,4778.204638,0,4070.210361,13907.28556,120.8133959,65.31278467,5644.224067,2345.444407,0,0,1850.153371,1961.102657,428.6771406,2564.882094,482.5491315,816.010837,84.00247237,555.0955416,0,483.7322638,1170.98511,11250.63918,13167.84828,3197.042853,5617.568461,2001.951142,70.08768833,143.3119874,3445.981927,179.9459443,0,457.2254467,0,185.2192588,18922.86117,3711.816965,0,559.2597842,0,153.0912262,0,315.2876835,0,0,0,278.6037008,132.9100186,61.76267202,0,62.82478349,0,84.54443086,0,109.2475731,0,0,93.89479335,189.717909,0,0,0,0,0,159.2012394
DATA2,E216095.PMO,80,7045,1,G=1.6228,0,0,0,0,153.7316132,196.2032109,0,0,323.3781222,0,0,0,1157.289337,981.4127502,0,589.0702221,0,9616.491522,0,4449.847462,0,0,0,857.0933724,0,712.3415878,0,42.7187878,3831.438841,215.4367687,1791.723354,5422.523454,0,5055.32369,19611.45516,98.91478169,51.6903802,7633.572307,2879.247605,0,0,2496.252382,2715.74667,522.1435499,3319.920084,707.8834411,1024.358459,131.5298037,600.1946664,0,434.6580642,2305.519345,16157.21041,17045.74786,3994.535633,7705.103194,2752.838415,72.29338544,139.2616551,4316.940107,0,0,535.3143179,0,228.4425519,27122.0421,3758.935174,0,0,0,378.2466524,0,465.5082096,606.7896857,0,0,359.9078925,164.242144,91.25799731,44.4641621,54.02695855,0,110.2762453,0,146.5348284,119.081419,0,147.3172716,225.6474722,0,50.41013201,0,0,0,177.0287757
DATA2,E216095.PMO,81,7046,5,G=1.5947,0,0,0,0,165.7439924,168.3927067,0,0,216.057562,0,0,0,944.1741385,782.5330951,0,520.0366555,0,8128.767802,0,3688.85963,0,0,0,677.584017,0,697.117767,0,60.18038024,2976.631924,0,1745.302616,5516.309805,0,5014.335178,16743.40826,98.2598915,114.4645858,6257.120721,4048.996538,0,0,1873.610658,2756.134276,447.1467401,2846.748508,545.5943897,632.0522307,125.8309576,547.8060518,0,379.079346,2856.38565,13914.2961,17627.37525,6219.152049,6658.129399,3390.534451,92.38138695,136.317581,5637.195727,0,0,429.9339636,0,407.3222156,31145.49079,3825.170879,701.1021325,233.8541903,0,154.3437498,0,343.8922245,0,0,0,305.4994196,0,0,0,0,0,86.31816566,0,129.8466369,0,0,143.1318335,198.2607137,0,0,66.05992279,0,0,220.5448332
DATA2,E216095.PMO,82,7047,3,G=1.5324,0,215.1138352,0,0,200.0388147,154.9881656,0,0,287.7775245,83.28547118,0,0,927.6636142,1052.21627,0,630.1435906,0,9373.569611,0,3774.508192,0,87.78576291,0,823.9597785,0,700.3262091,0,68.96202903,3125.969621,0,1982.557298,5570.877428,0,5050.531127,15489.29655,119.1276614,86.84441006,6718.713068,3258.31866,0,0,2051.239003,2298.475286,411.4017722,2716.2649,542.1725035,936.2439958,93.8041558,572.7681384,0,459.9454874,1578.109277,13084.34266,17229.01525,4483.463064,7767.070984,2615.606476,77.86343728,169.0007188,4498.498732,109.5237042,0,601.4100751,123.7687016,399.5809376,28500.49752,3980.683895,0,672.4338278,0,328.609041,0,443.0368295,0,0,0,651.4907902,147.41665,0,0,77.74200003,0,134.1595506,0,211.9245999,0,0,122.0259885,251.6258379,0,0,0,0,0,214.745829
DATA2,E216095.PMO,83,7048,2,G=1.5763,0,0,0,0,174.8050944,126.7175563,0,0,277.107383,59.36302479,0,0,905.2648887,1055.394227,0,622.1036291,0,9700.694616,0,3691.642088,0,68.15140995,0,738.904416,0,647.2005482,0,52.88065628,3123.44456,0,1886.947276,5237.728566,0,4824.575311,14379.27631,118.8183556,59.97799951,7086.049162,2858.134541,0,0,2125.533242,2302.249942,406.0893104,2533.285278,526.7959287,968.9633528,81.48900915,596.5847902,0,416.8241749,1266.165899,12305.25734,15975.62522,3981.890228,6509.410966,2509.941071,73.97122781,189.2887513,4272.546393,107.5987327,0,531.2684821,180.0740474,328.1983621,26040.88402,3869.821734,0,200.4679205,0,173.2572578,0,317.4376075,0,0,0,327.2421475,196.213674,63.32520957,0,50.12232443,0,117.4469079,0,153.0930997,0,1248.129211,135.3382017,238.4361349,0,48.04346548,0,0,0,185.8122017
