XXX,Sample,FD1,FD19,FD2,FD20,FD21,FD22,FD23,FD24,FD25,FD26,FD27,FD28,FD29,FD3,FD30,FD37,FD38,FD39,FD4,FD40,FD41,FD42,FD5,FD6,Totalpersample,totalallsample,relabund,relabundtimes100,size
,a0c8af6597e7dd187eca57efcec2d6cb,4,6,0,7,7,4,0,0,0,0,0,0,0,5,0,0,0,4,0,0,5,0,6,4,52,1131861,4.5942E-05,0.004594204,4.00
X,0232c8f4f3f2b7268891c772901d4678,2,0,0,9,9,0,0,0,0,0,0,5,0,4,0,7,13,0,0,4,0,6,6,0,65,1131861,5.74275E-05,0.005742755,4.01
X,11edf19ca293df3beddc0d9dd8448ccb,0,0,0,0,9,0,5,17,0,3,0,10,0,7,0,0,0,6,0,18,0,10,2,0,87,1131861,7.68646E-05,0.007686456,4.01
,f1f62fe97b660b307a957c182e19cfde,10,0,0,0,0,7,29,4,3,4,0,0,0,0,0,0,4,0,0,11,0,0,14,9,95,1131861,8.39326E-05,0.008393257,4.01
X,299814070bba81d19d3849f89ac65603,0,0,0,0,0,14,0,13,0,0,0,6,6,5,12,0,10,5,0,0,13,12,0,8,104,1131861,9.18841E-05,0.009188407,4.01
X,2feb2e2e13c01276adfb91ac274c8893,0,11,13,0,13,0,8,0,6,17,0,11,0,0,0,0,14,0,0,0,14,0,0,4,111,1131861,9.80686E-05,0.009806858,4.01
X,433c1fba6eff1395051c91936c2a53a4,3,21,0,0,10,8,13,0,0,0,12,0,0,8,7,0,0,10,0,0,9,0,8,9,118,1131861,0.000104253,0.010425308,4.01
,e6c5859ce155e9ccb36c66453abaef3a,18,13,9,0,0,6,16,0,7,0,7,4,0,0,0,0,18,0,0,10,0,0,13,0,121,1131861,0.000106904,0.010690359,4.01
X,19c14775b20f5cac9f0743f35ac51c6f,0,0,0,0,0,0,0,20,0,0,0,4,0,16,9,16,0,12,10,16,0,13,0,14,130,1131861,0.000114855,0.011485509,4.01
X,914d40cd922f6a7fbaa7b816f464c1b3,9,0,0,0,0,0,0,0,15,0,16,7,0,6,12,31,0,0,11,0,15,0,0,8,130,1131861,0.000114855,0.011485509,4.01
X,5ed5903550fad5bedea65103fd8bcc02,17,11,0,0,17,3,26,0,0,0,0,0,0,10,0,10,0,0,15,0,0,0,8,17,134,1131861,0.000118389,0.01183891,4.01
X,6b1937bd02bf7a3b979ae467217cfda5,20,4,0,0,0,18,16,11,0,5,8,11,15,0,0,0,0,0,3,14,0,0,9,0,134,1131861,0.000118389,0.01183891,4.01
X,60fbff7fe7b0fa4520f9b0a694f5c88b,8,6,0,0,0,0,0,10,8,0,12,8,0,29,0,0,0,0,15,0,4,0,25,20,145,1131861,0.000128108,0.01281076,4.01
,f2d82ad0b0d90bf76ec713686155d270,0,13,0,0,16,0,0,10,0,0,9,0,0,0,0,0,22,11,0,0,20,18,12,14,145,1131861,0.000128108,0.01281076,4.01
,defd1d344a150108a15a0a91f3712313,0,0,0,5,25,11,0,0,9,6,15,0,0,16,0,11,0,0,16,0,0,0,25,11,150,1131861,0.000132525,0.013252511,4.01
,e07af1c8d6ba26edfdf4fd4a03637b22,16,8,12,11,0,9,9,0,12,38,0,0,0,11,0,13,0,0,0,0,0,0,14,0,153,1131861,0.000135176,0.013517561,4.01
,abf320b88f186e4d58caaad5269eec4a,0,0,0,0,0,0,0,23,0,0,0,0,19,16,16,0,12,16,15,0,10,0,16,13,156,1131861,0.000137826,0.013782611,4.01
X,0e1f53744bae7e235180cc03167e50fc,0,0,0,0,0,0,0,20,21,11,16,14,0,0,17,16,0,14,0,18,0,0,0,12,159,1131861,0.000140477,0.014047661,4.01
X,8acf98e90b03c6e2b7cd8d66b96f76b0,13,0,0,0,9,0,0,13,0,0,0,0,0,0,14,12,13,17,0,0,24,21,0,25,161,1131861,0.000142244,0.014224361,4.01
X,5431b56452ec0edd4808b4e8151b44d7,27,17,25,15,0,0,11,0,9,0,11,0,20,0,0,0,0,0,0,11,0,0,17,0,163,1131861,0.000144011,0.014401062,4.01
,f3c7962f5072986528a3f2161cbc4a11,0,6,0,4,12,0,0,11,3,5,0,7,0,14,0,15,14,20,0,16,11,13,0,17,168,1131861,0.000148428,0.014842812,4.01
X,2c5f08689a5ddb6cf45c98388f8bb749,8,0,14,0,14,0,0,26,0,0,8,0,12,48,0,9,0,0,0,0,0,13,20,0,172,1131861,0.000151962,0.015196212,4.02
,bb618c07d8b9cdb0d42ec2541ba82725,0,16,7,0,0,12,0,26,9,10,10,0,0,0,0,35,17,16,0,13,0,14,0,0,185,1131861,0.000163448,0.016344763,4.02
,f70353692f65154433c11996f20b22c2,0,0,0,5,0,0,12,0,0,0,0,11,9,9,0,13,0,40,9,37,16,0,6,19,186,1131861,0.000164331,0.016433113,4.02
,d8a190cda3f0e71443c891d10790cdf2,0,0,7,8,16,16,29,12,0,10,16,0,11,18,0,10,0,0,0,11,0,0,8,15,187,1131861,0.000165215,0.016521463,4.02
X,104dd983684effc650376e4593cdb110,22,0,17,19,0,4,5,10,0,12,19,0,22,0,9,0,0,0,10,0,0,8,18,16,191,1131861,0.000168749,0.016874864,4.02
X,24abf7bfaf309973513207720f873430,0,11,0,0,0,0,0,29,0,17,0,0,0,12,0,28,28,23,21,0,13,0,0,23,205,1131861,0.000181118,0.018111765,4.02
X,0d52df3ec2c06bcb997499ad7f1b00d7,0,15,0,0,13,0,0,0,7,0,0,9,13,23,14,0,12,13,18,15,7,22,26,0,207,1131861,0.000182885,0.018288465,4.02
X,3b53c57d6dd8fdcb547ce42dfd8ab2d5,21,0,12,0,13,0,0,0,0,0,21,0,0,25,14,12,0,0,20,0,9,22,29,16,214,1131861,0.000189069,0.018906915,4.02
,f87fac0587d674e089d69d4ad4e9d0cf,24,0,25,0,8,0,11,22,0,0,0,0,9,0,7,15,22,13,28,8,0,14,0,8,214,1131861,0.000189069,0.018906915,4.02
X,8794cdb3944890e267fa418f85e25d58,0,21,0,0,32,33,30,0,0,11,11,24,0,10,0,32,0,0,0,23,0,0,0,0,227,1131861,0.000200555,0.020055466,4.02
X,5902a635fbbaa70769045e37ef1bb20b,12,0,0,0,0,0,20,23,0,17,0,27,0,0,22,35,0,0,0,27,28,0,0,18,229,1131861,0.000202322,0.020232166,4.02
,dc36b0fe75ac832d46c5d905d1e67dbb,30,24,0,0,0,0,31,0,0,13,9,19,0,41,0,0,0,10,0,0,18,0,36,0,231,1131861,0.000204089,0.020408866,4.02
X,13e319d64e89630aa2c798f24cd3f75d,0,39,0,4,0,0,23,0,43,25,19,20,0,0,0,0,0,0,0,15,0,0,18,27,233,1131861,0.000205856,0.020585567,4.02
X,5beb719d2153498ea99e740ee8b22a99,23,0,0,0,42,0,37,0,17,14,17,0,25,0,0,20,24,0,0,15,0,0,0,0,234,1131861,0.000206739,0.020673917,4.02
,bacbe60d58b991f07b8136140eadd5c8,22,15,20,0,26,0,21,0,0,44,11,19,0,0,0,19,0,0,0,0,0,0,25,13,235,1131861,0.000207623,0.020762267,4.02
,e4f3d014197dbe0b51d919dd79d6a401,0,9,0,0,21,4,6,20,8,9,15,0,0,20,18,22,6,0,21,14,0,18,24,0,235,1131861,0.000207623,0.020762267,4.02
X,6f201daa07694ea5ead1344c7310baeb,0,0,0,8,30,8,0,26,0,15,26,0,0,54,0,0,0,26,0,0,0,0,26,22,241,1131861,0.000212924,0.021292367,4.02
X,84bcf042e3a9faf5a79ebeb6b4cc2284,0,17,0,0,16,0,10,16,0,6,0,8,20,0,31,10,29,19,0,9,16,19,0,16,242,1131861,0.000213807,0.021380717,4.02
X,2d12daf59d919a9813ce7e5d6490c5b0,41,22,0,0,0,0,17,18,13,12,0,13,0,0,0,18,11,0,0,24,0,26,8,22,245,1131861,0.000216458,0.021645767,4.02
X,9579a5f30c614e368b67f8feca65e1bb,0,0,0,0,17,0,0,38,0,0,0,0,0,0,0,22,24,33,0,31,17,27,14,22,245,1131861,0.000216458,0.021645767,4.02
,aa4a7da60cbfadf333c660778816fa41,9,0,0,0,21,16,15,42,0,0,0,0,0,0,0,9,26,39,16,11,13,30,0,0,247,1131861,0.000218225,0.021822468,4.02
X,1e6d17fc81733f6b3139f507ea8b3964,26,24,0,0,0,0,31,0,14,16,0,9,0,0,0,45,0,14,0,47,22,0,0,0,248,1131861,0.000219108,0.021910818,4.02
X,2b24fb649625bc5758bd7fb56cc6f051,19,0,15,8,0,27,0,0,0,0,0,0,0,0,0,11,24,29,0,24,40,43,0,9,249,1131861,0.000219992,0.021999168,4.02
X,324508fc7efa1c35109b7e930d883fb3,0,18,24,0,0,31,0,24,23,13,14,0,0,0,0,33,0,0,0,45,0,0,30,0,255,1131861,0.000225293,0.022529268,4.02
X,4dd6e1691a3e806c8f86c206bcd9cb3d,19,11,0,0,0,0,28,0,0,21,0,20,0,25,0,20,14,0,0,12,0,26,31,29,256,1131861,0.000226176,0.022617618,4.02
,e2883c80ad609c3a91bc5f14d8931447,35,0,34,0,21,0,26,16,0,17,0,22,0,18,0,0,18,0,0,34,0,0,15,0,256,1131861,0.000226176,0.022617618,4.02
X,2d66d59115e5f8c6d716f72f4fc26f23,0,0,0,0,0,19,22,23,0,0,11,15,0,0,12,31,23,22,0,15,17,49,0,0,259,1131861,0.000228827,0.022882668,4.02
,fb877d5fc2c9ec4bd9d9a163fa05486e,12,21,0,0,0,0,32,23,0,31,0,16,0,0,0,0,0,0,0,30,50,0,13,33,261,1131861,0.000230594,0.023059369,4.02
X,9af46ca9a2e9be167a4699576e46986e,0,21,0,0,25,13,31,0,0,0,16,20,12,0,25,0,32,0,0,30,0,27,0,12,264,1131861,0.000233244,0.023324419,4.02
,d0ffd30a57208e2b4ee598ad0bf508ef,24,0,15,0,19,0,0,25,0,9,0,0,13,22,8,0,36,15,0,0,20,25,20,16,267,1131861,0.000235895,0.023589469,4.02
,e4d9699729e0e056a0c772efc6dd6005,0,0,0,0,23,0,6,43,0,0,16,0,0,38,36,0,0,14,36,0,0,31,15,11,269,1131861,0.000237662,0.023766169,4.02
X,71dead4295f1f19d5201a138fc9cf474,12,0,0,26,10,0,19,19,23,15,0,14,0,26,0,0,29,19,0,0,0,8,34,16,270,1131861,0.000238545,0.023854519,4.02
,b3540c0af25833630dbb3a1d2971ede1,0,17,13,0,29,0,0,0,28,18,0,18,0,0,13,50,0,0,0,31,33,22,0,0,272,1131861,0.000240312,0.024031219,4.02
,e30f1976c624474a5983076439bf1b80,0,0,0,0,21,0,12,27,0,0,0,0,0,36,20,39,0,29,17,34,0,20,18,0,273,1131861,0.000241196,0.024119569,4.02
,fdb5cea9da6632a6eca6c002cd6397e4,0,0,28,0,0,50,0,0,0,0,0,8,17,27,0,0,0,23,21,0,28,46,25,0,273,1131861,0.000241196,0.024119569,4.02
,fff06545d9062bf857e4ce4ebf59d76f,31,15,0,0,14,27,0,0,9,0,20,22,22,0,0,16,16,15,0,0,0,0,38,31,276,1131861,0.000243846,0.02438462,4.02
X,574a6d8a4a9e23f799340bb050914c84,0,9,6,0,0,25,21,28,0,0,0,27,4,0,32,0,0,0,28,0,37,43,0,17,277,1131861,0.00024473,0.02447297,4.02
,ac23332462f5f95fd670fccdda1d3ecf,66,6,39,0,0,0,0,8,17,0,22,0,0,25,38,0,13,13,16,0,0,0,15,0,278,1131861,0.000245613,0.02456132,4.02
,f45b4cdf75020fdf298fe38e86bf0592,0,0,0,0,20,0,25,0,0,13,0,15,0,87,14,12,0,25,0,34,0,0,33,0,278,1131861,0.000245613,0.02456132,4.02
X,67d3747ee84f037e226b915881038a66,0,0,0,0,20,23,0,25,22,21,0,23,0,23,20,22,15,0,11,0,16,0,41,0,282,1131861,0.000249147,0.02491472,4.02
X,378ebc49aa43ea5c4d8eec8c50c0bb94,0,27,12,0,29,0,0,8,15,17,30,38,0,0,43,28,0,19,0,19,0,0,0,0,285,1131861,0.000251798,0.02517977,4.03
,a3fe53963e192e7bcf96e334a868edcc,27,25,0,0,0,0,0,0,16,0,14,24,0,0,0,47,36,0,0,26,0,15,42,13,285,1131861,0.000251798,0.02517977,4.03
X,7e30441b29be215e2ada6cb823b681ec,47,29,21,9,0,11,17,0,28,11,0,14,0,16,0,12,12,5,0,0,14,7,14,19,286,1131861,0.000252681,0.02526812,4.03
X,0d4ced5f977118b406077655d55deb3b,0,0,0,0,8,0,0,18,0,0,0,0,0,14,26,35,39,21,25,0,54,47,0,0,287,1131861,0.000253565,0.02535647,4.03
X,3aca17ea1d41cc369fd7e2b3d124d312,12,23,0,7,25,0,13,16,0,17,15,14,29,0,27,0,17,9,0,26,0,0,21,18,289,1131861,0.000255332,0.025533171,4.03
X,14a79b7e1862deef2d42d29f4b716778,19,14,0,10,0,13,8,0,13,0,13,13,0,0,13,21,27,8,0,40,20,9,11,39,291,1131861,0.000257099,0.025709871,4.03
X,32d1cf5151284481294b8f21fb52596a,38,13,12,9,16,0,0,0,13,0,0,13,15,31,18,0,15,10,13,14,11,0,33,17,291,1131861,0.000257099,0.025709871,4.03
X,908a07db99a2fd499396734f0600a05d,24,0,0,0,48,0,21,0,12,0,0,0,7,36,0,0,28,0,18,29,25,25,20,0,293,1131861,0.000258866,0.025886571,4.03
,ba2321b7ebb2317c7247e5396c562e5f,33,27,20,14,0,0,0,0,12,33,26,16,15,21,0,0,25,0,12,0,0,0,40,0,294,1131861,0.000259749,0.025974921,4.03
,b789f4414dbc46ec887bca40211be30e,0,0,0,0,15,19,21,80,0,0,0,0,10,0,33,17,0,24,21,0,0,38,0,18,296,1131861,0.000261516,0.026151621,4.03
,cb71b18550ce1ce06ef45d07508de654,30,20,29,0,0,0,27,0,0,0,0,0,0,23,25,25,32,14,0,0,23,10,19,23,300,1131861,0.00026505,0.026505021,4.03
,dca9533da4b01b47ac33136f4a2134fc,35,33,35,0,16,0,0,0,33,30,26,0,0,26,0,24,0,0,0,0,0,0,43,0,301,1131861,0.000265934,0.026593371,4.03
,b0e4f3ceee29def926d46293783b1d7e,16,13,0,0,19,0,0,31,0,0,24,21,13,0,23,0,24,33,0,0,18,35,11,21,302,1131861,0.000266817,0.026681722,4.03
,f7c1307c9e515afbdf782bfb74360967,0,0,0,0,20,0,0,18,0,31,21,21,35,0,31,21,0,0,22,20,33,0,0,29,302,1131861,0.000266817,0.026681722,4.03
X,43edc72eab30473b6d77ae8f89b43379,8,8,0,0,0,0,0,85,10,0,0,0,12,0,47,0,0,56,26,0,0,38,14,0,304,1131861,0.000268584,0.026858422,4.03
X,739f0ee223c9356f71d340b887e35acb,28,41,0,0,0,38,20,0,28,46,0,0,0,0,0,0,27,0,27,17,0,0,32,0,304,1131861,0.000268584,0.026858422,4.03
,a368d176d7e9f2688872e48fedfe7451,15,0,0,0,0,9,0,113,26,0,0,18,15,0,0,0,0,26,15,15,0,24,16,12,304,1131861,0.000268584,0.026858422,4.03
,fe30cd3d3b6fc823fa7ddd393e10a4d7,0,23,0,0,24,0,19,25,0,29,0,30,19,0,31,40,27,0,0,0,0,23,0,23,313,1131861,0.000276536,0.027653572,4.03
X,4cb7ca2bdf65e41f6324ac10e5160606,0,23,0,0,22,25,0,35,0,17,0,0,0,0,18,34,20,28,0,40,34,22,0,0,318,1131861,0.000280953,0.028095323,4.03
X,0c9930d0da80f6ff1bb5f631d7053245,12,32,7,10,16,15,0,14,0,0,0,12,0,16,16,20,25,19,0,17,41,30,17,0,319,1131861,0.000281837,0.028183673,4.03
,cc4fa9a30fb72ffe2170c798191b1aba,7,7,0,0,16,21,37,0,6,0,0,0,11,6,16,19,29,33,0,10,52,32,21,0,323,1131861,0.000285371,0.028537073,4.03
X,7f6848bde6881e71ccbf6363246d11c7,0,19,0,14,33,29,26,40,25,0,0,31,0,0,29,0,0,0,14,0,29,0,35,0,324,1131861,0.000286254,0.028625423,4.03
,bb2ac62de7e7de613198b5f2a4a09a01,8,14,0,11,39,26,26,0,17,10,0,16,26,0,0,15,40,17,0,11,37,11,0,0,324,1131861,0.000286254,0.028625423,4.03
X,355c6350b6b3d0bccc8344ed0857137a,0,36,26,18,25,0,24,0,14,28,0,38,0,0,20,21,23,0,0,0,14,21,0,17,325,1131861,0.000287138,0.028713773,4.03
X,97a7fce8cdd13b1e08878a12b1ece4fd,0,0,0,0,36,19,0,43,0,0,0,23,0,9,16,0,27,27,0,0,64,23,0,39,326,1131861,0.000288021,0.028802123,4.03
X,74d2af17686e6f39a9d3adaec853df05,0,12,48,8,0,24,61,23,17,0,41,11,0,16,39,14,0,0,0,7,0,0,0,10,331,1131861,0.000292439,0.029243874,4.03
,a9ed26435b9a0410d043eb859626a6af,45,0,0,0,37,0,17,0,0,13,26,35,0,17,26,53,0,0,0,0,0,14,35,13,331,1131861,0.000292439,0.029243874,4.03
,f7fcf7b07c4a987e18711a95a263d4be,0,0,0,0,58,0,10,33,0,0,6,0,7,0,37,26,0,45,12,39,41,0,0,18,332,1131861,0.000293322,0.029332224,4.03
X,82c60d272efb9668c7048b4fefd45fdf,0,0,0,7,0,10,19,37,15,75,12,19,0,0,31,32,12,0,0,0,20,47,0,0,336,1131861,0.000296856,0.029685624,4.03
X,68df9aa146fbc58badd2b90fed67eb26,0,8,17,0,13,9,3,39,0,0,0,0,9,58,31,0,13,19,45,3,19,0,22,32,340,1131861,0.00030039,0.030039024,4.03
X,48cbefde19001137abb8b7976cf711e0,14,0,0,0,22,9,14,13,0,18,21,13,0,32,19,25,19,0,20,29,0,14,24,35,341,1131861,0.000301274,0.030127374,4.03
,e22aff5e874e465ec4f8d9568f485a81,18,12,0,0,0,0,13,34,9,0,14,0,14,29,0,57,21,24,18,32,0,19,0,31,345,1131861,0.000304808,0.030480775,4.03
,c1ef50312081e14132b68ea99938efe8,24,0,10,21,0,0,32,0,0,23,62,0,0,0,18,0,0,0,27,20,33,0,59,20,349,1131861,0.000308342,0.030834175,4.03
X,3c0d78d25ced17b529d930b89571ff57,0,0,0,0,0,0,0,0,31,38,19,21,0,0,0,36,34,0,0,43,29,42,0,62,355,1131861,0.000313643,0.031364275,4.03
X,5d9180880af9854c6372832cdeb3d320,42,13,0,25,0,31,19,0,0,8,0,0,0,19,28,0,14,24,50,0,32,0,45,7,357,1131861,0.00031541,0.031540975,4.03
X,8eeee86659d39d7697f96a115ec58955,38,0,24,12,0,0,0,0,0,0,24,0,0,34,54,0,0,0,40,0,0,36,63,35,360,1131861,0.00031806,0.031806026,4.03
,e8961e279b0737d622306614fa979b0f,27,81,22,0,0,9,21,14,0,25,23,25,0,45,18,0,0,0,0,0,0,0,53,0,363,1131861,0.000320711,0.032071076,4.03
X,2d4daf13211b721af1cc1e591194d198,18,0,0,0,0,0,10,26,0,0,20,15,0,50,34,63,0,27,23,0,46,0,33,0,365,1131861,0.000322478,0.032247776,4.03
X,721f210673441b0c7ea0a42fe6e059c2,29,26,0,0,0,18,15,9,0,28,36,27,0,0,0,0,29,0,0,51,60,0,35,8,371,1131861,0.000327779,0.032777876,4.03
X,2951329abbe43dc4e3487b3f09c864de,0,0,0,0,35,29,29,0,31,22,0,18,0,16,0,28,49,0,8,43,32,17,0,18,375,1131861,0.000331313,0.033131277,4.03
X,63945242997d77d36942527575a8a99d,20,18,13,0,0,0,0,49,0,37,0,24,27,17,24,36,42,0,0,52,0,18,0,0,377,1131861,0.00033308,0.033307977,4.03
X,063a8b0b4589fa1fdbeb2119ffe4faf5,0,33,0,0,0,0,55,36,0,12,7,33,14,0,29,36,0,0,0,47,57,0,0,20,379,1131861,0.000334847,0.033484677,4.03
,f1de58e896111f37a5547e55c818bd8d,17,15,0,8,29,23,23,15,0,0,15,26,31,22,34,16,16,9,0,18,28,12,11,13,381,1131861,0.000336614,0.033661377,4.03
X,8d131fbe2a51685f205ecf49614df89f,26,32,0,0,34,0,0,0,33,33,0,28,0,0,19,27,20,21,19,26,26,21,0,19,384,1131861,0.000339264,0.033926427,4.03
,b13156b2fb7e1ee377d0b1e6ec7b8c7f,0,0,19,0,27,0,0,44,0,0,0,24,46,20,0,0,50,42,0,0,47,0,35,30,384,1131861,0.000339264,0.033926427,4.03
X,814829b28c2f2b6d01ef3da917aa9620,59,22,0,0,22,0,31,0,51,26,19,0,0,66,33,0,0,0,0,0,0,0,12,44,385,1131861,0.000340148,0.034014777,4.03
X,2b2bf61846ac2d5d20ebe60d9ac3ba21,36,34,21,0,6,4,30,6,39,45,9,18,0,36,0,0,7,6,23,11,6,0,35,14,386,1131861,0.000341031,0.034103128,4.03
,dc38bb48c57291481ef17757f91e52d6,41,28,0,16,0,13,0,0,24,25,19,24,0,33,0,21,0,0,19,0,15,27,69,13,387,1131861,0.000341915,0.034191478,4.03
,ff77fc0bd8e5769025e34d27fa1aea7c,0,45,24,27,0,0,0,28,0,0,16,31,29,0,24,0,52,0,0,0,38,40,0,33,387,1131861,0.000341915,0.034191478,4.03
X,1810761473a66f3539bd8192836e8f71,23,25,0,0,0,15,0,0,0,26,0,21,0,33,22,20,29,30,16,0,26,37,42,23,388,1131861,0.000342798,0.034279828,4.03
X,4164e5a93c26aba949f9f4aef52f6ae3,38,33,16,18,36,0,0,0,22,0,24,0,49,40,18,0,0,0,0,17,0,0,53,26,390,1131861,0.000344565,0.034456528,4.03
X,9d44542f9e5d6afaa65338fade7390cb,15,0,38,0,0,0,16,40,20,0,0,12,19,15,15,35,15,51,0,31,19,41,13,0,395,1131861,0.000348983,0.034898278,4.03
X,8398b1c650e249bbfb3988e1721b1954,0,14,0,0,0,0,47,59,0,0,0,0,0,20,24,0,56,0,55,0,46,48,27,0,396,1131861,0.000349866,0.034986628,4.03
,b08518861aad3a55ec7ee5dee551c3a1,0,13,0,0,36,0,0,31,0,0,0,68,0,0,39,24,0,61,17,36,0,53,18,0,396,1131861,0.000349866,0.034986628,4.03
,abad53feb6f5780f11bf5253dd85b33b,21,38,19,22,15,28,37,0,26,2,33,12,6,0,15,0,0,0,19,21,0,72,0,15,401,1131861,0.000354284,0.035428379,4.04
,d985d535524c0b7e81cedff933136408,0,0,0,0,0,17,13,59,0,0,0,0,0,66,37,0,38,0,48,0,0,19,52,52,401,1131861,0.000354284,0.035428379,4.04
,c9f37e18cd5c75d991280f5715c191eb,21,0,19,24,43,72,27,33,0,21,0,0,16,23,0,0,0,0,40,24,0,0,39,0,402,1131861,0.000355167,0.035516729,4.04
X,5d15728d36a679257babb9cd13b29a99,22,0,25,0,28,22,34,42,0,22,32,28,0,52,0,28,31,0,0,0,17,0,22,0,405,1131861,0.000357818,0.035781779,4.04
X,58f0afd219aeca9177ec09c30c28fc33,0,0,39,34,36,0,0,0,0,50,0,24,29,85,35,27,0,0,0,0,0,0,0,50,409,1131861,0.000361352,0.036135179,4.04
,e81ba95647cf390ca4163e1adaae8954,30,18,20,38,26,0,0,0,0,0,0,21,28,34,15,20,0,27,0,14,16,42,43,20,412,1131861,0.000364002,0.036400229,4.04
,f0d038e42a227b18a9c1c5a4a4435df2,45,41,42,0,40,0,0,34,18,30,34,0,0,24,22,23,0,0,17,0,0,0,22,20,412,1131861,0.000364002,0.036400229,4.04
X,75226a34961e7178e043576fe6489cbc,10,19,0,0,0,0,38,43,0,0,0,22,0,0,36,44,28,58,0,32,63,20,0,0,413,1131861,0.000364886,0.036488579,4.04
X,796c50f83bfdf82881731e899b7a409e,19,48,35,0,58,0,0,0,23,0,38,19,0,11,14,20,0,0,0,39,47,0,18,24,413,1131861,0.000364886,0.036488579,4.04
X,6df56b846f58ff1af288ce2c72d38554,22,0,0,0,21,18,35,45,24,0,0,35,0,40,34,0,20,37,0,0,0,43,44,0,418,1131861,0.000369303,0.03693033,4.04
X,2687ca73142102d4ea7051ae9a0cb10f,0,9,0,0,0,8,2,27,0,0,0,14,0,0,6,35,4,0,0,302,0,8,5,0,420,1131861,0.00037107,0.03710703,4.04
X,7d6d1d8113ec7f891d27d8391df66411,0,15,17,0,16,0,0,35,21,7,20,13,31,38,52,13,20,37,19,0,0,19,14,38,425,1131861,0.000375488,0.03754878,4.04
,cfac5718777452ddd3e80d2d17c41d49,22,29,48,0,26,20,0,0,25,0,38,20,34,40,32,0,0,0,18,15,0,0,34,26,427,1131861,0.000377255,0.03772548,4.04
X,9b3c83f0ce7d2ff29b69d076065c65d9,0,33,7,0,37,25,54,43,0,0,0,21,15,0,19,43,24,38,15,59,0,0,0,0,433,1131861,0.000382556,0.038255581,4.04
X,23efce07a9a5ce9745b758327a770b9c,21,0,15,24,0,0,57,0,0,0,0,0,15,0,0,60,68,0,44,24,57,33,0,17,435,1131861,0.000384323,0.038432281,4.04
,c550d693ad3b162a817462cc945063ff,40,37,36,0,29,16,0,0,0,37,26,29,0,0,0,59,0,0,0,26,63,22,16,0,436,1131861,0.000385206,0.038520631,4.04
X,7fbcbf060cc20ed43ec136d96a8f5765,0,25,0,0,31,0,0,31,0,0,22,0,0,46,34,40,56,0,23,20,49,60,0,0,437,1131861,0.00038609,0.038608981,4.04
X,9c4117365dcf5e96db1c2696e3ba0aca,19,25,4,13,25,18,18,0,14,16,9,21,33,15,14,12,49,23,15,48,23,23,0,8,445,1131861,0.000393158,0.039315782,4.04
X,8d1b5098c19d452a16d54c3481b04b9b,81,0,59,17,0,0,14,41,24,0,0,13,0,40,26,0,10,9,37,6,0,20,51,0,448,1131861,0.000395808,0.039580832,4.04
X,151f25319c8715bb49632a77fb021ad5,33,11,36,0,16,48,34,40,0,0,0,27,0,0,0,26,29,27,0,0,55,22,32,14,450,1131861,0.000397575,0.039757532,4.04
,aa79cd522d10c4cd9d0b573958b93c40,79,82,0,0,66,0,10,0,78,19,22,0,0,0,0,0,16,36,0,14,0,0,0,28,450,1131861,0.000397575,0.039757532,4.04
,eae2dc0f6d173165e1acd84835560bbf,39,27,22,12,9,0,22,17,0,15,28,20,26,49,23,20,5,13,25,17,0,9,19,35,452,1131861,0.000399342,0.039934232,4.04
X,8cc92a17f049c226b3da5af42a046922,0,0,0,0,45,0,0,49,0,18,17,0,0,31,51,59,37,38,0,46,0,35,0,29,455,1131861,0.000401993,0.040199282,4.04
X,4d6201fb420d647c32ea0cd582ef338d,58,0,0,0,26,27,0,0,30,0,40,88,28,35,0,0,71,0,44,0,0,0,0,17,464,1131861,0.000409944,0.040994433,4.04
,a157aa393add09ea96b5690fb5a03e97,32,19,34,23,21,0,18,0,54,0,34,27,18,0,20,23,0,12,26,19,11,10,51,13,465,1131861,0.000410828,0.041082783,4.04
X,6bf484a150739797db30e1db399881d9,0,0,0,0,17,0,34,85,0,42,0,36,0,28,0,44,0,31,0,102,17,0,30,0,466,1131861,0.000411711,0.041171133,4.04
X,71cf03b7adaf0113eece7081240f4da0,0,44,0,0,35,0,73,0,31,40,0,66,0,69,0,33,0,0,0,59,23,0,0,0,473,1131861,0.000417896,0.041789584,4.04
X,2693e41a3f16a944b879c69d0ffff613,24,29,40,34,0,30,24,0,25,47,0,0,0,46,0,0,0,11,26,62,36,0,45,0,479,1131861,0.000423197,0.042319684,4.04
,c97652e68a12c265ed6eb0460b9cca90,21,24,14,0,36,16,17,0,29,51,24,51,0,0,18,30,36,0,0,37,19,0,14,43,480,1131861,0.00042408,0.042408034,4.04
,b9d64121503c9f2dd6f82327aaae7aba,0,13,0,0,57,0,0,70,22,0,0,14,0,9,37,73,21,34,14,53,24,0,0,40,481,1131861,0.000424964,0.042496384,4.04
X,058d2bf8584c06dded23a02aea348e63,41,0,25,0,37,26,14,21,18,0,27,31,0,68,11,0,36,0,0,34,0,0,36,57,482,1131861,0.000425847,0.042584734,4.04
X,0e55339184fe9a032b6098595b39905f,35,38,19,29,31,26,30,0,0,0,20,48,11,23,0,24,39,25,20,0,40,9,27,0,494,1131861,0.000436449,0.043644935,4.04
,c7a766d06d80ef6e2ad150327a7cd0e9,39,12,38,0,0,0,38,35,23,0,0,0,37,68,16,35,20,0,0,33,0,0,67,33,494,1131861,0.000436449,0.043644935,4.04
,bb7dabeda6ffe6cae93a9cbbc7afb54b,0,0,62,0,0,0,0,0,25,25,0,17,14,74,48,0,0,18,14,0,10,23,145,24,499,1131861,0.000440867,0.044086686,4.04
X,80f937741179ac587bd1e4de3f6f77a9,39,47,34,0,0,13,22,37,0,44,23,31,0,10,34,0,9,26,0,56,0,15,19,42,501,1131861,0.000442634,0.044263386,4.04
X,6df074ab421f2ff64868ffe0bf6f88f2,42,88,53,0,0,0,42,0,0,33,0,56,0,0,0,0,60,40,0,0,56,37,0,0,507,1131861,0.000447935,0.044793486,4.04
X,83805be70aece30df0d0e78d719d7a63,47,0,0,14,21,23,28,58,13,0,3,0,7,30,39,16,20,40,12,0,36,78,0,22,507,1131861,0.000447935,0.044793486,4.04
X,03d0864275ffa173ba848eb1d370daa6,22,10,16,12,27,18,48,28,20,0,9,26,0,17,10,46,14,27,0,33,42,17,36,30,508,1131861,0.000448818,0.044881836,4.04
,ad940a13228634488f45fd53ace3a77f,0,0,13,10,42,0,0,92,0,0,21,47,0,33,58,16,32,49,23,28,0,25,0,20,509,1131861,0.000449702,0.044970186,4.04
,ec08af952b506ed3b32fd412bd8633c4,9,0,0,19,8,13,13,69,0,0,7,0,0,29,44,39,30,44,44,0,0,39,65,45,517,1131861,0.00045677,0.045676987,4.05
X,87f80e1b75c17bba760e92b1f6969094,0,16,10,22,0,30,28,61,0,0,24,48,0,34,36,44,32,18,39,0,0,54,0,25,521,1131861,0.000460304,0.046030387,4.05
X,7c60a851ed6e1b3a0246fc84bc81472d,0,0,24,21,0,29,33,77,23,0,0,23,23,45,56,0,0,63,40,0,30,35,0,0,522,1131861,0.000461187,0.046118737,4.05
X,41ca44af58936b94226a6eacd3b61523,0,38,47,0,40,0,0,0,0,97,29,45,29,32,0,0,0,0,43,67,0,0,58,0,525,1131861,0.000463838,0.046383787,4.05
X,3cf57b67f0f80276682fdd07686a6eff,63,22,57,0,0,0,20,92,30,49,0,0,23,0,0,20,36,0,0,0,0,0,65,51,528,1131861,0.000466488,0.046648838,4.05
,c5c37330640f54d18bb34f2e179eb47f,0,69,21,0,48,47,36,0,33,42,31,0,0,27,26,0,30,19,0,0,31,0,33,37,530,1131861,0.000468255,0.046825538,4.05
X,2701d1b79b4d530cca5d5e58b1d967f5,0,0,0,7,94,36,38,46,0,27,13,13,19,0,0,0,91,51,0,39,0,41,0,17,532,1131861,0.000470022,0.047002238,4.05
X,13e562cd4721747845d9a3d56a1c3d2e,87,19,22,0,0,27,44,28,18,0,36,37,0,30,25,27,18,0,30,0,24,7,54,0,533,1131861,0.000470906,0.047090588,4.05
X,4479338abc4249dc2d7a4385e261fb7d,0,0,0,0,35,0,0,26,61,19,117,0,0,0,0,70,37,54,0,0,44,0,0,74,537,1131861,0.00047444,0.047443988,4.05
X,15f25fdd487b28486331fe45f5823b08,17,0,16,0,37,26,45,31,32,9,0,26,22,26,34,33,45,49,0,40,0,33,17,0,538,1131861,0.000475323,0.047532338,4.05
X,61563a869a19edbc5b2ca07ce6be59dd,0,0,0,0,0,28,33,0,0,0,0,0,0,46,0,27,0,47,38,29,61,60,124,50,543,1131861,0.000479741,0.047974089,4.05
X,90d91a0fb858cc9a96670532b6259785,0,0,0,0,13,0,0,69,0,0,0,19,66,132,12,0,0,32,61,9,16,101,0,17,547,1131861,0.000483275,0.048327489,4.05
X,1ef2e6295de68016efd5fe1df177243c,22,58,0,0,30,0,38,30,21,65,16,25,0,0,0,157,0,0,0,40,24,0,0,28,554,1131861,0.000489459,0.048945939,4.05
X,2408fc075ac1c3441d55436adf601d9b,0,0,29,0,77,53,0,0,0,0,27,52,0,39,0,51,0,39,0,75,64,0,52,0,558,1131861,0.000492993,0.04929934,4.05
,cdd87a757a31b5e305eef57fd7f4d845,0,0,0,0,41,55,32,67,0,0,0,24,0,0,40,65,76,0,21,24,54,0,38,23,560,1131861,0.00049476,0.04947604,4.05
X,4536c1e5c27dd714898fe3f1b05b9bb2,0,28,22,0,0,0,23,107,0,0,27,0,0,69,55,0,0,67,43,65,0,60,0,0,566,1131861,0.000500061,0.05000614,4.05
X,60af3ebaa4e6c400084034424ef64934,0,23,56,0,29,27,63,12,0,22,0,0,0,9,0,67,0,0,0,86,75,22,42,33,566,1131861,0.000500061,0.05000614,4.05
,fead190fe6e9b9e6d630717bc9ccb4cf,67,0,23,15,45,14,37,40,0,0,25,29,0,43,0,55,0,0,33,56,0,0,63,23,568,1131861,0.000501828,0.05018284,4.05
X,69a25cf370444b4f31c5747eb160978b,22,14,15,84,11,23,0,43,30,13,26,29,58,16,51,25,54,0,19,0,0,10,14,14,571,1131861,0.000504479,0.050447891,4.05
X,7da1299ab8186f27f3398521ade85763,0,0,57,0,55,0,0,59,0,0,48,0,0,61,60,0,52,0,59,49,0,0,29,47,576,1131861,0.000508896,0.050889641,4.05
X,2fc11b34402b80d30bb0a007d37e0f54,21,0,0,0,51,0,0,91,0,0,0,0,0,48,29,0,0,86,29,20,57,83,37,26,578,1131861,0.000510663,0.051066341,4.05
,dfb29ec040a43ef8358181cec3ef0581,33,0,9,16,46,0,34,69,9,0,26,23,0,43,0,0,0,84,0,0,55,94,37,0,578,1131861,0.000510663,0.051066341,4.05
,bdf8a26094624622d68509a87fa75ba7,16,13,0,20,19,31,27,53,0,10,0,23,34,71,20,0,38,31,41,0,35,28,52,27,589,1131861,0.000520382,0.052038192,4.05
,c1852660e0c98af7d998ab1e15dfeef2,7,23,5,13,28,33,0,71,0,13,11,13,16,16,60,36,41,40,18,22,38,48,16,22,590,1131861,0.000521265,0.052126542,4.05
X,46d6673c10fb7e8fff7a9d58f39c7dfb,100,82,0,35,0,0,40,0,45,0,0,0,0,45,0,85,0,0,47,52,0,0,63,0,594,1131861,0.000524799,0.052479942,4.05
X,5365cbcaae385a361cf6284f6d0bceb7,0,68,0,0,40,0,0,58,0,0,0,90,0,45,46,0,61,0,43,47,0,0,51,49,598,1131861,0.000528333,0.052833343,4.05
X,7c7c7761ed1d350dd250d3bf1f131073,0,0,0,0,32,0,49,76,0,0,0,0,10,0,36,26,35,52,45,0,107,118,0,18,604,1131861,0.000533634,0.053363443,4.05
X,77599677762880ea8751ee5415827be2,18,51,0,0,0,0,57,63,14,0,0,44,0,0,0,66,46,0,0,32,126,46,50,0,613,1131861,0.000541586,0.054158594,4.05
X,8260ae6f154f7215f39960da37fbef5e,0,36,0,12,47,34,54,0,0,53,33,59,0,0,0,118,36,0,0,61,0,37,33,0,613,1131861,0.000541586,0.054158594,4.05
,fa01328178c62c03d7775e418dd6ba04,0,38,74,0,43,0,37,0,57,22,48,43,53,56,0,51,0,0,26,0,0,0,60,20,628,1131861,0.000554838,0.055483845,4.06
X,8860791be9bea854d2b813e7200c00a8,0,0,0,45,109,0,56,0,46,0,0,50,0,0,0,26,9,0,0,60,124,0,25,84,634,1131861,0.000560139,0.056013945,4.06
,c938c4ceac4c09d1270d8be976a6ccde,0,0,0,0,71,0,70,66,0,0,0,0,0,51,0,67,66,0,45,67,86,0,0,50,639,1131861,0.000564557,0.056455696,4.06
,ab721876cc7159bf0ada0ccfb2a8bbdf,19,0,0,16,21,50,73,100,0,0,35,43,0,0,70,44,0,36,0,0,39,38,27,30,641,1131861,0.000566324,0.056632396,4.06
,d8b66f2293acd8eb868b3c5627745ef9,52,40,25,10,0,12,0,23,16,0,66,93,0,39,0,50,12,42,8,0,0,37,75,42,642,1131861,0.000567207,0.056720746,4.06
X,9e7bbfe13d93363d34e0ae98df331a88,52,19,16,33,31,39,47,14,24,0,32,30,0,42,33,16,0,35,40,18,0,85,43,0,649,1131861,0.000573392,0.057339196,4.06
,f24e29f33c1a1392cf47e1928bfb1f85,0,73,0,0,34,0,0,0,60,83,21,28,36,31,0,54,59,0,0,56,50,32,0,35,652,1131861,0.000576042,0.057604246,4.06
,d70e0dfbdc5b9f2791cb4a7d54605fc0,12,17,0,25,52,17,28,60,19,0,0,0,0,45,0,0,96,88,34,0,0,54,48,65,660,1131861,0.00058311,0.058311047,4.06
,c6b2ed25f50d20771b88647f12d5c837,48,0,34,0,0,31,57,55,42,66,0,0,24,0,18,70,26,0,32,54,50,0,24,30,661,1131861,0.000583994,0.058399397,4.06
,fb817cbb755566c123ccf837399dd066,27,15,0,0,39,17,48,56,22,28,24,28,19,8,28,44,40,50,22,49,52,46,0,10,672,1131861,0.000593712,0.059371248,4.06
,a1fad2342c3aea3b75f17816f0aab4b5,4,0,0,11,24,15,60,34,10,0,11,24,0,24,15,71,85,42,0,42,69,64,57,11,673,1131861,0.000594596,0.059459598,4.06
,d67d613c36869bde2d8e70b369b0c2a4,43,37,29,0,28,0,0,64,25,0,46,27,38,75,67,0,25,0,35,0,33,0,47,55,674,1131861,0.000595479,0.059547948,4.06
,efa6362be1f2eadf260d613d27866698,0,0,61,0,79,0,53,80,0,0,35,0,0,98,32,0,40,41,27,0,0,0,135,0,681,1131861,0.000601664,0.060166399,4.06
,e7b0bb9184c662636bc7827c162de099,62,34,11,38,33,37,28,0,71,22,21,17,0,35,22,32,24,12,57,0,0,26,70,30,682,1131861,0.000602547,0.060254749,4.06
X,891dc7c4bc5fbd51e97b9a0c110c6220,9,0,0,16,31,52,25,69,0,0,0,9,0,21,31,33,66,67,51,0,50,57,38,63,688,1131861,0.000607848,0.060784849,4.06
,c65bc62a0d40eaba6c671ac7eb01c3ee,0,76,56,35,0,0,0,39,44,0,0,50,56,38,51,0,0,0,71,48,0,0,78,50,692,1131861,0.000611382,0.061138249,4.06
X,31b6d495db332a8725a67e6cba15865c,0,0,0,0,81,24,34,100,0,0,14,0,0,25,85,18,35,75,35,14,9,112,15,19,695,1131861,0.000614033,0.0614033,4.06
X,3d8a3f9745dc9eaf84963ec99d125d84,60,37,49,0,52,53,0,64,0,0,15,0,0,76,17,0,59,0,51,0,32,27,77,26,695,1131861,0.000614033,0.0614033,4.06
X,15c09cb7d0c9ee2871e3599bf6f4e722,0,56,60,0,0,41,58,93,48,0,31,0,9,50,45,0,41,37,0,0,0,33,80,19,701,1131861,0.000619334,0.0619334,4.06
X,8af9b72c1b3847562719d980e6cab6ef,0,14,0,10,0,0,28,132,0,0,15,0,0,0,19,56,47,120,40,43,52,111,16,0,703,1131861,0.000621101,0.0621101,4.06
,f208d3259f9e1aae51abaf05467e398b,0,0,0,0,60,42,69,95,0,0,0,47,0,0,47,40,0,47,0,94,78,58,0,37,714,1131861,0.00063082,0.063081951,4.06
X,27aeff481683020385ff79cf659baf92,132,39,0,0,40,0,0,0,43,49,0,24,24,55,0,60,0,49,0,0,0,0,203,0,718,1131861,0.000634354,0.063435351,4.06
X,5010e21d06c7a18a1443ff214d2bc51b,0,0,45,39,30,51,44,42,0,61,39,0,48,63,0,0,0,22,0,46,58,50,46,41,725,1131861,0.000640538,0.064053802,4.06
X,6e93ba2bd97442f38b96bf7a8609843e,0,34,0,13,55,0,48,41,24,18,22,28,29,0,46,41,41,35,14,65,59,95,0,23,731,1131861,0.000645839,0.064583902,4.06
,afabed17a08ffea3fd97aa1e4079bd73,39,32,39,17,60,15,32,0,33,18,15,16,18,49,28,34,30,23,35,42,40,31,62,29,737,1131861,0.00065114,0.065114003,4.07
X,35476e9d8c7734606ffc7dd09a5e2942,0,56,44,26,25,0,42,31,49,62,17,29,0,52,0,83,19,21,24,71,27,0,38,27,743,1131861,0.000656441,0.065644103,4.07
X,1cb409f5ec2f57ae83968cb3f3f4936c,74,95,0,0,18,45,51,0,35,61,53,43,62,36,0,27,0,13,37,23,0,19,27,27,746,1131861,0.000659092,0.065909153,4.07
,f3ab46eb643f9fd49253881533af6c9c,0,32,0,0,19,50,60,100,0,0,0,25,0,0,36,71,24,67,33,75,80,29,0,47,748,1131861,0.000660859,0.066085853,4.07
,f8daf1de103cc7a544885bf81a623174,19,30,35,0,66,0,35,16,10,54,8,19,37,35,54,96,11,34,29,41,29,20,20,51,749,1131861,0.000661742,0.066174203,4.07
X,5762f858a76d37b266663011ee5172a5,41,66,44,22,0,42,33,0,53,34,0,63,26,33,50,46,56,0,20,39,0,29,60,0,757,1131861,0.00066881,0.066881004,4.07
,c117e099a57d9d761172cdd88844153f,0,62,32,16,61,0,46,0,67,55,66,0,0,50,34,49,0,20,20,91,0,26,39,38,772,1131861,0.000682063,0.068206255,4.07
,f510cc956aac7fc68f791d123f5151c8,0,30,0,0,109,19,0,164,0,0,29,0,0,16,110,44,38,0,55,39,23,59,16,31,782,1131861,0.000690898,0.069089756,4.07
X,319b815afe9c41888140c0b531a9fc50,59,39,75,21,30,31,35,26,21,36,40,0,37,60,0,24,44,0,0,29,19,33,87,38,784,1131861,0.000692665,0.069266456,4.07
X,749bdfd49d5482e24016ed5eef1cd9e2,0,48,67,0,128,71,91,59,0,31,0,0,0,0,0,0,40,0,23,48,132,0,0,51,789,1131861,0.000697082,0.069708206,4.07
,cb9e5154fd9f88fc8762492f5d4f62bf,13,19,28,0,46,26,30,63,12,35,10,14,17,41,37,31,53,34,42,30,41,59,67,51,799,1131861,0.000705917,0.070591707,4.07
X,1db00d824b8214e3110badd20a8cbd49,61,56,42,65,39,26,41,72,23,27,13,8,14,60,18,0,26,10,24,5,9,0,144,18,801,1131861,0.000707684,0.070768407,4.07
X,3d76e6900f7026dd37efd85e68cb9e7c,30,0,0,0,73,56,87,0,0,50,0,13,0,0,0,22,73,0,0,112,123,68,48,57,812,1131861,0.000717403,0.071740258,4.07
X,7079566bd1959d62ea1c7923159b7a3d,15,13,0,9,38,34,50,40,0,0,0,23,7,9,17,39,92,81,20,30,132,136,0,28,813,1131861,0.000718286,0.071828608,4.07
,aa84636b7ec9b417f6dc9f0eb2c58c7a,117,0,89,0,0,0,126,115,0,0,0,50,0,71,43,108,0,33,0,0,0,0,0,69,821,1131861,0.000725354,0.072535408,4.07
X,1a3f05d8b58c522bc987e472e8e8c485,55,40,0,20,46,28,42,37,30,38,17,0,46,58,69,25,55,23,32,0,37,45,57,53,853,1131861,0.000753626,0.075362611,4.08
,ecbbf2c79865e5f985eaf44f8efa2f44,63,43,25,18,40,36,35,0,42,28,0,26,29,57,32,44,33,65,38,48,27,51,48,29,857,1131861,0.00075716,0.075716011,4.08
,d9cd0af578a3fa9523c3fa8fec47c3ad,28,69,0,22,55,46,41,0,41,0,43,48,0,0,48,0,99,51,26,88,42,45,0,66,858,1131861,0.000758044,0.075804361,4.08
,d358f839920b6bd0d20fba6a03f7e67c,40,47,65,65,45,14,111,0,52,41,0,40,0,51,0,76,38,22,0,0,58,51,47,0,863,1131861,0.000762461,0.076246111,4.08
,de6087b1c7794a22e4a42167dca67b3b,56,69,28,67,42,45,72,31,35,47,10,31,16,65,12,0,25,6,42,11,31,24,74,24,863,1131861,0.000762461,0.076246111,4.08
X,0649da7b67156aed2b87a455e44c6a3c,30,39,0,25,96,45,41,64,53,40,39,34,0,35,53,0,78,0,0,75,0,75,43,0,865,1131861,0.000764228,0.076422812,4.08
X,9068cc249fa74993dc04bcabb5b5412e,0,45,23,16,92,30,32,45,0,13,22,40,58,20,74,23,88,48,28,31,27,67,0,47,869,1131861,0.000767762,0.076776212,4.08
X,665eb4845976f3eca53f97f29c4cf09f,0,40,53,33,74,22,33,39,55,28,92,58,0,64,55,0,24,14,34,28,27,17,62,26,878,1131861,0.000775714,0.077571363,4.08
,ab0129d2a23407212f1d2de135fd7200,0,0,0,0,108,104,140,0,0,27,0,0,57,110,139,0,45,0,0,0,97,58,0,0,885,1131861,0.000781898,0.078189813,4.08
X,6a825d980a7de1a9314fb660c594bee7,35,51,0,0,70,9,62,0,49,0,49,38,0,30,69,42,78,96,37,76,0,17,49,29,886,1131861,0.000782782,0.078278163,4.08
X,19e4c67043764aa2b2b5a9fd638ebb20,0,21,37,23,95,40,50,0,32,20,40,38,49,0,61,28,130,107,0,70,59,0,0,0,900,1131861,0.000795151,0.079515064,4.08
,b5d49294b2ff467ac47bd4354403f548,50,24,96,21,44,37,39,11,53,46,46,33,0,44,28,63,0,17,34,51,47,11,55,54,904,1131861,0.000798685,0.079868464,4.08
X,4417ecc7507040687f59c27ab492fb87,0,0,0,12,63,0,35,229,0,0,0,19,38,19,89,34,0,160,53,13,37,109,0,0,910,1131861,0.000803986,0.080398565,4.08
X,25d5661572aa5474b57290cda526b043,56,65,45,0,34,0,40,64,0,53,0,47,0,51,14,85,44,60,41,51,33,32,62,44,921,1131861,0.000813704,0.081370416,4.08
X,86c145c16f8bacf8a6ec3549a30d6990,75,32,196,0,0,0,0,38,32,25,74,0,16,121,72,12,19,0,55,23,0,0,88,44,922,1131861,0.000814588,0.081458766,4.08
X,3238f93189c7ec2d2db8c7cd61c35f48,19,24,53,0,0,28,118,29,90,49,74,63,29,25,23,69,30,0,41,91,0,46,0,31,932,1131861,0.000823423,0.082342266,4.08
X,20800c485d918ab4ba76025fd651a6a0,93,67,79,0,77,67,25,47,32,17,0,8,0,41,34,0,23,48,24,32,75,42,42,62,935,1131861,0.000826073,0.082607317,4.08
X,62b43007218a31c5920fafc6c005db34,65,32,25,0,43,19,69,0,36,66,0,26,35,47,26,69,36,40,36,84,30,40,44,67,935,1131861,0.000826073,0.082607317,4.08
X,1b9123f5b28e795eec7c9fac313296a8,0,0,17,0,88,35,82,122,0,25,31,0,0,0,49,0,54,182,0,65,83,114,0,0,947,1131861,0.000836675,0.083667517,4.08
X,92d1a7d25bc8fd9a67041099190d586a,35,22,86,25,39,30,0,39,34,28,0,41,40,66,36,37,54,58,37,49,0,43,82,66,947,1131861,0.000836675,0.083667517,4.08
,f822307e75f5ecf56a32bb978cfa0556,43,33,40,0,0,38,41,66,32,48,27,67,31,31,63,0,66,25,0,50,107,62,46,36,952,1131861,0.000841093,0.084109268,4.08
X,1a82530a81cb7d13d7d77b86aa5b0924,41,76,0,14,39,0,24,0,65,34,42,28,76,58,0,48,0,64,27,149,28,0,68,72,953,1131861,0.000841976,0.084197618,4.08
X,714d60bd4480ed3b0eab40b3ad545ba9,93,47,28,16,63,0,31,56,0,0,47,12,52,98,29,27,0,85,64,0,31,48,76,57,960,1131861,0.000848161,0.084816068,4.08
,e934de394d66c2b06ec85ba363b1f37a,27,0,19,0,74,0,116,45,0,47,22,0,0,61,21,118,84,62,40,131,48,0,0,48,963,1131861,0.000850811,0.085081119,4.09
,c8ba9d52fde7e9fe713fb5eeb77b5e7b,6,20,0,0,41,22,24,136,0,0,26,0,23,47,59,85,49,78,58,57,67,119,16,46,979,1131861,0.000864947,0.08649472,4.09
,ade04fd51fe2a7ea6a5de7be6c690573,17,10,0,18,42,18,52,99,0,16,0,26,0,0,36,80,47,94,23,96,107,114,18,79,992,1131861,0.000876433,0.087643271,4.09
X,9a56d338601eed478baefaf441a46811,0,58,0,0,61,0,66,30,41,0,54,79,0,0,73,0,0,125,0,88,125,73,65,72,1010,1131861,0.000892336,0.089233572,4.09
,ffaf51332609e3c9dcc298fbf9c3c5db,103,77,61,0,0,0,0,42,71,34,30,31,64,89,55,0,63,0,36,49,41,32,37,112,1027,1131861,0.000907355,0.090735523,4.09
X,7b0335adb8b862e1931aed516d897807,33,56,0,10,55,27,97,45,52,43,37,33,0,0,35,82,105,0,0,104,95,51,34,41,1035,1131861,0.000914423,0.091442324,4.09
,a73ea8e1b71af00189f78b641c416b65,39,26,0,0,76,0,0,0,18,71,23,73,97,33,36,69,18,54,143,91,0,85,0,94,1046,1131861,0.000924142,0.092414175,4.09
X,16dedc79dc6331305afc61a06e0a39e9,88,68,80,0,78,0,38,63,58,74,0,35,0,100,38,64,16,0,24,39,0,0,140,45,1048,1131861,0.000925909,0.092590875,4.09
X,67ee89cc3d383651ba4c87867ec6fb78,0,35,10,0,53,61,43,133,15,0,51,25,0,32,87,16,34,67,66,22,58,120,43,79,1050,1131861,0.000927676,0.092767575,4.09
X,0417932f92ef088ce95891d729697bbf,0,0,72,0,73,0,0,103,49,114,0,60,58,48,0,122,86,0,46,123,0,0,66,35,1055,1131861,0.000932093,0.093209325,4.09
X,41f205eab60ecb7fdbf8841ba52ad69e,37,0,33,0,45,22,53,132,27,22,0,28,47,55,52,29,54,44,78,38,66,71,73,54,1060,1131861,0.000936511,0.093651076,4.09
X,6a1917bd9c036971a5d32dc23299b570,59,38,33,9,67,0,21,39,18,27,39,37,48,104,75,0,104,46,36,22,62,48,54,87,1073,1131861,0.000947996,0.094799626,4.09
X,7d8ec21f3b12ff1abaecd5950ac9b2e9,57,49,84,0,83,0,39,0,51,32,41,35,41,90,35,56,44,0,73,49,0,42,116,64,1081,1131861,0.000955064,0.095506427,4.10
X,3c1801326a1ee64b174b5b420cf81f4a,112,15,24,268,67,0,0,0,38,0,38,37,0,72,17,34,11,0,76,21,7,0,179,67,1083,1131861,0.000956831,0.095683127,4.10
,c15edd4400d9195bf46b4d6619b23c16,83,65,49,40,0,50,76,78,66,55,0,91,0,0,0,141,84,0,0,116,53,0,0,36,1083,1131861,0.000956831,0.095683127,4.10
,f16b2a5133f50b691b2f8010e4aa15d9,51,39,69,0,52,0,34,113,0,0,31,27,14,75,63,0,115,43,73,35,38,110,76,36,1094,1131861,0.00096655,0.096654978,4.10
X,86c049dbebf28346fbcab63b05dd7560,38,83,0,0,58,48,71,61,40,65,30,63,102,0,52,51,69,40,24,58,46,53,0,54,1106,1131861,0.000977152,0.097715179,4.10
X,564e42cdcfd64c8d404a8a8cc74709f2,81,49,56,0,0,0,29,0,0,0,45,68,92,143,87,72,79,64,99,0,0,0,95,64,1123,1131861,0.000992171,0.09921713,4.10
X,767dac15435346bed392cc943aa325ea,0,46,21,18,0,0,0,186,0,27,36,0,0,56,166,0,83,68,113,0,60,88,80,75,1123,1131861,0.000992171,0.09921713,4.10
,eef3faaa4703410cdb54b5b8ab6d8004,0,0,41,0,0,0,28,60,0,109,39,0,57,60,50,27,99,101,65,117,89,41,51,93,1127,1131861,0.000995705,0.09957053,4.10
,b9319889259321069a1681366ffafd7a,206,99,91,0,0,45,131,0,0,76,0,0,56,76,0,0,0,0,87,50,79,0,138,0,1134,1131861,0.00100189,0.100188981,4.10
X,9214c8ae1d39f7b6cd90d07cde2582f6,0,0,0,0,137,13,0,221,34,0,52,19,0,101,47,35,30,106,73,0,40,112,52,65,1137,1131861,0.00100454,0.100454031,4.10
X,16279d63c18f0ce497fac24287ac9ed8,11,0,23,11,43,23,48,105,0,0,14,27,30,11,36,120,80,74,56,40,126,163,60,37,1138,1131861,0.001005424,0.100542381,4.10
,ff9c3182a8e40e17ac9353c339dcbfc0,98,69,67,30,20,0,38,29,66,57,88,38,0,96,59,29,34,0,61,30,0,111,68,64,1152,1131861,0.001017793,0.101779282,4.10
X,20e3fc9ceaacf533bb48079d79ebac6f,68,128,44,8,0,40,135,74,79,36,42,96,0,44,48,37,54,47,15,51,32,10,34,31,1153,1131861,0.001018676,0.101867632,4.10
,cae33a7d5f2c2e4efab7a096e71afddf,75,34,28,21,54,43,86,95,26,52,0,65,28,51,58,84,40,78,27,32,0,41,66,77,1161,1131861,0.001025744,0.102574433,4.10
,e8d295f8e73c2180395d9ef011693a31,64,0,50,23,76,49,83,14,41,0,0,26,94,71,88,83,53,0,32,144,37,79,0,57,1164,1131861,0.001028395,0.102839483,4.10
X,065caf177c9bbca39283b882486de188,63,0,93,15,107,0,27,188,33,33,0,66,0,23,0,109,37,49,64,114,113,17,0,26,1177,1131861,0.00103988,0.103988034,4.10
,a233f3333f0013b24af2d90a890c0f68,29,25,18,9,0,0,41,119,57,82,77,49,21,34,42,44,184,65,5,91,38,0,0,151,1181,1131861,0.001043414,0.104341434,4.10
,dbda19f675784c831b58035c7642532e,58,45,107,0,95,88,69,98,0,75,0,0,33,0,81,0,120,131,0,0,135,0,51,0,1186,1131861,0.001047832,0.104783185,4.10
X,4d58f5f6c5b0c7cef447775e8316a763,51,29,36,0,57,19,60,150,25,8,0,29,0,134,89,58,20,72,98,35,0,88,42,95,1195,1131861,0.001055783,0.105578335,4.11
X,3b2cd93d269ccb3d848124cbe197a98c,57,58,80,28,54,34,36,93,23,32,36,52,0,47,63,30,83,54,59,11,32,66,89,81,1198,1131861,0.001058434,0.105843385,4.11
X,7e7faa5b3c2d481a8eb03e62fabfed12,83,0,38,0,47,21,43,112,85,56,47,43,35,111,103,41,30,0,51,80,0,67,67,55,1215,1131861,0.001073453,0.107345337,4.11
X,92e99b44d3aeb745a3c8da93b4e15106,61,24,0,21,27,0,31,32,0,105,22,16,26,0,78,101,47,90,97,138,123,63,69,58,1229,1131861,0.001085822,0.108582238,4.11
X,043ffb43eda2598aa536d3affb924a92,0,0,61,0,0,58,125,104,89,62,58,49,0,0,54,119,49,51,42,90,83,77,37,23,1231,1131861,0.001087589,0.108758938,4.11
,d67c365dce47104f34fc44ca059d411e,33,28,27,45,27,59,69,132,0,0,21,140,43,44,55,52,69,45,55,47,68,52,42,91,1244,1131861,0.001099075,0.109907489,4.11
X,7814437b40796fd8f61a101560bfe4b4,63,158,0,28,68,0,82,0,48,136,16,88,0,9,46,53,69,0,52,129,55,67,19,74,1260,1131861,0.001113211,0.11132109,4.11
,bb46b1f5d33b1bbac8e2fa6bc0d87bd7,94,0,58,0,28,0,0,48,24,41,0,19,25,278,66,71,18,0,113,80,55,58,129,57,1262,1131861,0.001114978,0.11149779,4.11
,ba38c008209c1f32d15e96d005308311,24,33,0,27,74,0,0,68,29,0,42,18,0,0,79,233,87,85,27,82,92,144,96,23,1263,1131861,0.001115861,0.11158614,4.11
,da970e482dfe05782437a7463b5c71b7,52,182,89,0,80,112,160,127,36,28,27,116,0,0,56,42,76,42,0,23,0,0,19,0,1267,1131861,0.001119395,0.11193954,4.11
X,55c7c0d737d24bfc81d7e8fa4ad2f20a,169,47,115,63,72,27,58,0,58,93,18,77,47,49,0,139,0,0,19,0,92,26,77,26,1272,1131861,0.001123813,0.112381291,4.11
X,9af3467db68cf6063627304cecd46a65,13,119,32,18,62,0,47,80,16,8,40,33,11,0,52,59,53,404,28,61,28,59,16,36,1275,1131861,0.001126463,0.112646341,4.11
,fc01a3f66447a11e31ad53e00561f580,19,0,0,0,74,0,74,74,47,59,35,38,56,0,119,76,0,188,34,124,28,174,0,61,1280,1131861,0.001130881,0.113088091,4.11
X,5752404c3a16ac47581e5f471ede4652,85,116,76,34,65,0,90,0,64,81,0,61,97,0,0,77,79,24,64,71,0,43,32,129,1288,1131861,0.001137949,0.113794892,4.11
X,8d208edaadfded1f5e11b203472a52e8,92,107,0,20,79,0,46,0,26,172,43,87,137,0,50,31,46,51,0,104,105,101,0,0,1297,1131861,0.0011459,0.114590042,4.11
,c96adcfeae3792cace6f3d933a87fea0,69,159,72,18,88,16,52,19,66,97,37,66,68,42,16,69,42,30,26,89,36,29,33,66,1305,1131861,0.001152968,0.115296843,4.12
X,2cc455e2e9e3471d84049387c933e5ae,101,31,89,0,61,0,45,80,0,0,54,33,0,201,100,0,60,67,80,0,0,98,132,82,1314,1131861,0.00116092,0.116091994,4.12
X,3852523902b72b40a7621775d8aa9435,61,89,40,0,41,0,131,71,54,137,0,62,44,0,29,172,50,14,0,149,123,13,0,43,1323,1131861,0.001168871,0.116887144,4.12
X,72dc981aafcca2d9940db8b121163524,73,81,65,40,68,63,62,33,63,32,48,50,76,54,89,52,67,0,79,53,60,0,63,66,1337,1131861,0.00118124,0.118124045,4.12
X,38c4d4d8a675313ae6639259f00ff97c,109,15,15,31,55,61,20,93,32,38,0,23,40,71,51,59,86,147,45,76,78,87,51,60,1343,1131861,0.001186541,0.118654146,4.12
,c7f3063ac201bf86f753a0133f5bc8af,84,114,87,56,68,63,49,0,102,0,98,71,79,103,46,0,52,0,70,0,0,0,111,99,1352,1131861,0.001194493,0.119449296,4.12
,a5f66d45d3b07965295c5e479f8e2570,88,87,100,51,70,39,0,82,43,0,0,52,105,77,168,67,60,0,65,76,0,0,58,72,1360,1131861,0.001201561,0.120156097,4.12
,cd81cf2e9cf49ed204a338825c537fb3,0,39,46,0,0,78,112,75,74,123,31,76,0,69,35,87,59,0,72,148,72,0,104,67,1367,1131861,0.001207745,0.120774547,4.12
X,604e2b20bf3bb89d005094a212767a8c,98,0,69,0,83,51,0,0,0,0,49,52,0,131,62,89,72,82,127,0,55,83,198,83,1384,1131861,0.001222765,0.122276499,4.12
,ea5f95ad27cb6ef3e4b270f4e10bcd40,36,33,34,0,31,30,63,108,46,34,37,56,66,46,89,61,35,141,111,78,68,77,43,70,1393,1131861,0.001230716,0.123071649,4.12
X,6353e8e4d6f3a1c8050935f433252dec,0,0,0,24,48,41,43,112,27,21,0,0,0,133,115,59,59,116,171,40,0,99,168,119,1395,1131861,0.001232483,0.123248349,4.12
X,2393ace9b1cc38db9d01fbe354f1a381,0,31,14,52,34,66,22,82,18,14,0,140,0,83,66,209,48,173,57,77,35,152,0,36,1409,1131861,0.001244853,0.12448525,4.12
X,467b1e4e70e3189aa1c29dd5d1426ec4,33,102,215,26,111,27,33,91,29,30,29,0,0,164,62,0,44,27,107,38,29,22,105,92,1416,1131861,0.001251037,0.125103701,4.13
X,1c02701bb0bdd59b7831f1c12945e458,43,55,27,12,63,47,30,19,38,70,24,34,0,54,38,111,53,77,9,199,168,87,55,112,1425,1131861,0.001258989,0.125898852,4.13
,d7afea49f4db0874e17c76039e523806,140,77,129,51,72,0,35,45,99,105,63,43,0,105,37,103,0,22,55,25,0,41,107,80,1434,1131861,0.00126694,0.126694002,4.13
X,5fccfd623e685ed174c4cf98730cada5,69,74,25,66,51,74,47,83,57,52,59,32,0,107,96,53,38,46,80,72,53,97,74,46,1451,1131861,0.00128196,0.128195953,4.13
,fdc4629d355c8fd052871118064c068c,39,32,25,19,56,39,68,59,31,36,119,85,0,85,111,111,0,60,21,125,97,79,55,100,1452,1131861,0.001282843,0.128284303,4.13
,ca3535139d924cfca88ceba216fdee8e,44,9,88,14,218,25,74,102,0,0,162,28,0,417,41,0,27,29,0,0,0,40,125,14,1457,1131861,0.001287261,0.128726054,4.13
,dc8ee626ae285484ad61520ccef7a932,27,586,0,19,61,0,54,48,58,217,110,88,0,13,0,30,0,17,0,134,0,0,0,0,1462,1131861,0.001291678,0.129167804,4.13
,db0b3237ea87eb0333ac4df1c5e98c83,112,81,268,0,39,0,58,49,30,40,95,60,90,122,59,32,56,30,61,31,0,0,127,23,1463,1131861,0.001292562,0.129256154,4.13
X,5a7c85d39e6fe84bdaa0bdfb9c3e22d9,49,56,37,24,41,17,67,205,14,24,31,39,0,69,146,41,44,106,47,11,83,189,61,80,1481,1131861,0.001308465,0.130846456,4.13
,a1fa3a592da596cfd723d113579fc05f,71,62,96,118,50,49,103,83,37,70,16,171,27,93,32,0,60,0,53,69,63,33,126,0,1482,1131861,0.001309348,0.130934806,4.13
X,817c612f28169a4e2386b13f2b8f3305,56,131,96,32,87,32,39,87,79,72,50,34,0,105,84,22,58,51,56,41,20,35,93,131,1491,1131861,0.0013173,0.131729956,4.13
,c0ec01007e791d30819aa844d64ad2ae,24,16,68,9,37,20,148,91,29,0,58,11,0,254,39,31,40,120,108,23,0,51,276,57,1510,1131861,0.001334086,0.133408608,4.13
,e0b415a48430a58a81375b935360ff91,64,58,86,15,88,16,0,56,69,130,85,54,0,136,49,0,56,46,106,204,0,0,168,33,1519,1131861,0.001342038,0.134203758,4.13
,a1087281564dff44783f3b0247bb3dfa,151,91,97,84,67,47,130,34,61,76,0,52,0,76,37,33,42,0,31,119,93,46,157,25,1549,1131861,0.001368543,0.13685426,4.14
X,7cbdfe9053b27e5811adf2156d63e127,55,0,84,31,70,31,79,69,44,54,66,0,94,118,47,71,83,123,51,117,48,53,76,88,1552,1131861,0.001371193,0.137119311,4.14
,c4fb65ed3eb4a6360f13ff7ec5af1cb2,113,98,91,30,119,71,65,51,63,12,43,79,100,40,73,81,72,52,52,52,67,0,78,79,1581,1131861,0.001396815,0.139681463,4.14
,d189d41c4186447b57a13b5e5b639bc5,99,184,59,0,131,0,160,34,59,113,0,86,82,0,15,199,61,33,18,167,85,0,0,0,1585,1131861,0.001400349,0.140034863,4.14
,c9de210c5a513e7749d7e67ce403d19a,18,26,19,54,109,77,70,86,28,54,11,21,0,71,45,47,161,154,50,88,104,112,124,64,1593,1131861,0.001407417,0.140741664,4.14
X,68f21ace326fd6c1293286eaf7184417,227,69,73,0,68,0,52,131,111,73,61,63,70,84,62,79,21,21,44,72,43,20,127,37,1608,1131861,0.001420669,0.142066915,4.14
X,502fec88bf56ea7030b364c25e281df8,67,49,66,19,118,44,119,38,128,47,132,58,22,157,143,13,28,24,92,47,0,3,0,230,1644,1131861,0.001452475,0.145247517,4.15
,c42b1bcc145935d27c6c3eca92961ee2,39,95,59,75,78,55,55,125,56,122,53,54,0,67,0,88,79,110,68,68,100,90,43,81,1660,1131861,0.001466611,0.146661118,4.15
X,7c6a64214d1fa88361e42be5789fc416,47,126,26,33,81,21,145,32,46,152,33,72,27,27,77,222,63,46,24,206,27,23,14,102,1672,1131861,0.001477213,0.147721319,4.15
X,4001ebba692619127ba73cb0e0893060,23,112,193,20,86,88,42,50,45,59,120,79,112,62,120,46,50,43,72,61,0,59,40,101,1683,1131861,0.001486932,0.14869317,4.15
X,856c2f52e9359dd3b4ee1dbe2819ccf6,0,128,103,62,104,96,72,69,59,72,46,89,30,63,90,56,80,63,59,34,71,61,69,118,1694,1131861,0.00149665,0.149665021,4.15
X,2ce0cbbc8aa5cd85a0f34afc594f7567,85,56,54,37,91,64,103,119,29,35,48,45,35,140,119,74,80,52,85,36,76,110,74,52,1699,1131861,0.001501068,0.150106771,4.15
,e1fa9e4729a2fa973c8923fb8f27580c,245,130,84,93,88,101,0,146,81,135,100,98,0,101,0,0,0,0,163,0,53,0,105,0,1723,1131861,0.001522272,0.152227173,4.15
,a925dcf6cc3e777d9888aeb184a6c6ee,52,123,193,0,56,39,37,37,18,482,81,0,0,25,34,32,64,67,81,167,0,0,77,92,1757,1131861,0.001552311,0.155231075,4.16
X,9d15e89e6dfc7469f1218986d3294148,124,0,18,33,114,40,0,250,0,0,0,0,34,191,67,121,71,0,140,31,33,203,154,156,1780,1131861,0.001572631,0.157263127,4.16
X,4821dee57a629564493ff191d3cbf9b4,31,25,26,33,108,62,95,149,0,0,0,39,0,51,91,130,159,106,70,0,213,276,64,69,1797,1131861,0.001587651,0.158765078,4.16
,bd5b50733d50f1225b08b468f38eec67,30,66,52,36,100,25,32,206,0,0,65,78,0,107,85,103,117,127,123,0,63,137,124,136,1812,1131861,0.001600903,0.160090329,4.16
,cdcf50243a5184d9344a5e7a2ed79471,101,128,59,35,102,62,138,0,89,89,51,73,55,64,65,233,80,34,44,53,81,0,102,80,1818,1131861,0.001606204,0.16062043,4.16
X,3046627c356a24ce50a771cb00466245,72,84,0,33,0,57,121,117,56,111,62,86,0,70,90,137,158,169,82,0,183,87,0,45,1820,1131861,0.001607971,0.16079713,4.16
,c18cbcf9882dc05c7d7ca7d4e8112cf9,83,182,83,35,124,50,151,66,100,104,81,0,0,71,115,0,70,54,63,101,51,52,81,119,1836,1131861,0.001622107,0.162210731,4.16
X,1fcffe31a021e2c19708409c5cf6226b,21,70,113,0,115,26,116,149,76,87,11,75,57,85,73,85,157,83,41,114,103,59,130,17,1863,1131861,0.001645962,0.164596183,4.16
X,1a8287fda101bbdcd915a9ed4840c004,169,0,74,0,138,0,35,0,66,206,33,174,0,157,115,78,98,138,45,88,97,82,28,43,1864,1131861,0.001646845,0.164684533,4.16
,e320b05ff82a7b05b32a473ee84802c5,0,57,151,62,71,32,60,93,0,0,53,97,185,252,119,59,24,0,105,0,0,88,244,112,1864,1131861,0.001646845,0.164684533,4.16
X,893acb6d6f7290c6849d4c803a77f7ba,117,103,119,28,90,71,33,134,51,43,42,61,66,165,192,40,55,65,101,20,32,104,79,81,1892,1131861,0.001671583,0.167158335,4.17
X,6335726bf151d2c937052be99d617534,86,43,58,10,75,147,131,0,67,93,0,0,0,53,60,168,90,77,102,100,252,118,107,62,1899,1131861,0.001677768,0.167776785,4.17
,daa1104ebf9cf338cec85f6de68805f0,86,63,0,62,56,66,71,99,50,73,61,64,99,98,105,79,64,134,109,117,87,68,92,108,1911,1131861,0.00168837,0.168836986,4.17
X,17982332c1aed63dba32ad679a01e667,100,188,126,57,147,0,0,0,95,101,68,32,180,194,135,0,46,44,75,31,0,25,180,105,1929,1131861,0.001704273,0.170427287,4.17
,ea1a23d1df885298f244796abc1d1805,64,23,0,30,81,63,95,206,59,42,52,66,68,135,48,142,105,196,123,79,0,141,97,18,1933,1131861,0.001707807,0.170780688,4.17
X,7d95d8417564fd29645c9844a7908af6,103,89,45,38,156,52,79,79,89,123,0,75,65,166,85,102,40,45,100,43,22,83,161,139,1979,1131861,0.001748448,0.174844791,4.17
X,63552328df300b1aa1ab40bf7b49911f,71,60,68,44,58,75,196,118,73,144,38,135,68,0,47,202,71,54,0,114,125,63,106,73,2003,1131861,0.001769652,0.176965193,4.18
,c34826585dd78407f20e083103851b81,245,192,95,54,0,0,68,33,143,0,0,0,50,149,216,122,0,45,68,52,108,0,281,82,2003,1131861,0.001769652,0.176965193,4.18
X,66d2b628187f8fa3b00f5c3628cc161d,43,136,115,0,95,52,100,62,102,185,52,108,114,98,71,67,39,50,52,80,116,54,91,124,2006,1131861,0.001772302,0.177230243,4.18
X,126725edba04f6e6ea7cd4fab67c9ecb,110,171,131,39,147,43,186,69,125,138,43,81,122,60,37,49,84,21,30,122,65,30,84,37,2024,1131861,0.001788205,0.178820544,4.18
X,2679b78111c7f345ce9f9de5fe81f244,79,99,173,0,58,0,110,48,186,232,109,49,0,236,44,74,28,27,90,118,0,35,214,62,2071,1131861,0.00182973,0.182972998,4.18
X,21b726d9e46d31c3340e0ded2ce93cda,50,61,0,0,123,82,153,122,70,0,27,91,25,0,83,96,125,189,56,157,250,183,51,103,2097,1131861,0.001852701,0.185270099,4.19
X,32f6a823e61daf1b06a32cb8824a4325,95,151,115,33,66,41,53,83,112,109,85,89,95,111,167,70,98,84,88,71,41,48,107,187,2199,1131861,0.001942818,0.194281807,4.19
,f27e87e66cc341bb2dbf1a166ffb9ef8,70,76,61,47,159,58,139,211,65,65,70,90,46,62,70,128,67,171,78,82,122,81,120,70,2208,1131861,0.00195077,0.195076957,4.20
X,6aa8c3772f804fd78ad94be19a04da63,158,148,0,120,30,28,117,75,103,376,112,0,0,58,113,202,25,28,45,121,0,85,91,190,2225,1131861,0.001965789,0.196578909,4.20
,b6f17b4c02a8e93d92fcdbd3f436a567,102,94,170,29,94,50,121,28,137,85,36,139,0,62,82,73,83,90,106,155,218,88,82,113,2237,1131861,0.001976391,0.197639109,4.20
,c22fca4bf161aec670f108d97d721ff7,99,76,102,0,135,57,123,101,86,0,0,97,60,44,184,264,163,135,33,93,128,118,49,94,2241,1131861,0.001979925,0.19799251,4.20
X,7f8879f54cceba4878e0666428f37d0a,94,107,63,46,129,67,141,146,89,92,154,0,81,84,88,129,71,88,107,143,62,90,76,98,2245,1131861,0.001983459,0.19834591,4.20
,c63a29416a7eabd7ff67a49489118771,0,0,0,40,81,68,46,294,0,0,37,71,42,95,148,162,131,224,89,104,184,250,102,86,2254,1131861,0.001991411,0.199141061,4.20
X,73cc351d044ed1f086350eb35945b662,115,157,86,66,139,118,101,101,38,46,52,104,63,156,117,78,177,68,127,128,88,0,110,35,2270,1131861,0.002005547,0.200554662,4.20
,e066e75e444f1e0434c62c2714e2ed24,61,57,31,62,140,110,92,144,25,28,45,41,79,95,105,74,133,151,94,134,192,182,113,107,2295,1131861,0.002027634,0.202763414,4.20
X,56a4624e6a9dddf7d20682e53b2a49c1,211,81,195,0,112,30,66,71,88,172,72,51,119,129,116,46,176,101,97,18,55,83,114,105,2308,1131861,0.00203912,0.203911964,4.20
,d818a65e830b1281025ea48dc96e89c9,102,130,108,109,147,151,63,0,82,125,51,73,128,228,87,0,107,0,75,131,117,39,199,114,2366,1131861,0.002090363,0.209036269,4.21
X,7921fceb720af59c47c28c493d8d91a7,204,101,165,37,155,49,77,62,48,89,179,81,30,372,48,27,33,33,153,39,0,57,244,155,2438,1131861,0.002153975,0.215397474,4.22
X,979d36c2bd41f74ccf53e33c5bfe05bb,170,122,125,0,170,136,70,0,137,86,57,105,43,123,68,0,175,151,130,157,91,86,95,170,2467,1131861,0.002179596,0.217959626,4.22
X,722ca2f7dd4cfcfd70770de0b04e21bf,164,88,81,44,77,111,155,67,124,147,129,70,144,134,89,172,86,97,0,117,87,104,105,82,2474,1131861,0.002185781,0.218578076,4.22
,f57b142c70813523e8a0bcd5e016479a,48,96,30,32,101,101,80,197,0,0,41,87,126,117,167,99,243,188,64,76,186,237,45,135,2496,1131861,0.002205218,0.220521778,4.22
X,2a071af67ec43b7126e8c362bec6e8ae,79,72,0,57,247,77,128,138,76,61,40,275,78,82,74,125,176,141,0,125,226,67,106,103,2553,1131861,0.002255577,0.225557732,4.23
,e0ad8dba7fc5782cd9c71b8f52d5cd72,126,254,116,22,51,64,63,30,62,171,31,45,60,189,137,29,200,129,101,164,197,29,211,111,2592,1131861,0.002290034,0.229003385,4.23
X,17cb6783b16db5a1c270c3a0c2462b3f,97,168,109,62,79,0,185,139,126,225,71,31,79,56,121,184,91,144,0,240,175,88,102,51,2623,1131861,0.002317422,0.231742237,4.23
X,891f4e188fadbc3661081d172cdc6b0d,92,39,79,25,137,39,45,263,0,0,38,0,95,316,123,199,162,171,272,0,85,240,95,125,2640,1131861,0.002332442,0.233244188,4.23
X,2573d88484d9b2979456e4a5accbabc6,215,107,227,41,55,87,99,128,131,103,69,67,109,140,100,89,198,103,151,96,71,81,101,80,2648,1131861,0.00233951,0.233950989,4.23
X,83614ef7222308b36bf7151a842fdfa2,322,159,82,0,0,0,0,0,72,68,105,147,0,117,238,0,283,133,111,0,252,166,448,50,2753,1131861,0.002432277,0.243227746,4.24
X,13ad238ff80cde86ce862692d31236d7,93,58,142,81,152,158,90,91,68,204,0,282,68,61,81,148,230,121,88,143,261,35,106,87,2848,1131861,0.00251621,0.251621003,4.25
X,5461cbec86382de4f99ac81bfd6293cb,49,42,53,8,180,89,289,362,24,52,27,50,0,99,81,181,220,147,128,116,174,217,142,126,2856,1131861,0.002523278,0.252327804,4.25
,a1a7dde83a081698cb384f31a3387577,85,138,73,94,152,124,99,183,67,76,68,76,79,195,165,150,146,109,147,85,120,223,94,126,2874,1131861,0.002539181,0.253918105,4.25
,c156fd0f1861c5cbd451a01529215a91,61,47,52,66,82,77,75,166,60,83,100,98,0,114,225,206,118,281,159,191,100,227,135,182,2905,1131861,0.00256657,0.256656957,4.26
X,2cee54b259de60b087645d239bb06f80,143,168,171,67,181,64,211,135,57,102,57,82,90,149,116,130,170,77,92,142,200,124,73,136,2937,1131861,0.002594842,0.259484159,4.26
X,42ebf1fbb8dc9c2a59a522951af7c89c,462,182,148,79,110,108,137,24,136,86,171,159,36,344,131,34,24,33,109,37,38,92,296,126,3102,1131861,0.002740619,0.274061921,4.27
X,2e3ab9895c5da9a01ab4b5a6e18655f6,156,55,187,34,109,66,132,380,0,30,97,72,104,323,191,68,131,51,236,44,92,181,211,167,3117,1131861,0.002753872,0.275387172,4.28
,cb80be4ac2def4c41b4338fe839038be,74,132,96,104,219,121,144,43,143,165,75,121,0,163,97,137,218,133,0,195,306,214,159,161,3220,1131861,0.002844872,0.284487229,4.28
,fe0b1a443bda52db939f9ba64402a236,229,242,211,66,201,127,122,196,133,129,0,146,0,85,0,113,232,170,177,159,123,0,267,120,3248,1131861,0.00286961,0.286961031,4.29
X,78faab4772ab5a607f822f8e7bfbc0e6,424,190,478,72,273,119,131,173,166,0,381,89,0,157,69,51,0,99,74,25,29,81,183,54,3318,1131861,0.002931455,0.293145536,4.29
X,392d199c17fd63f7a79eea2cdbfe87f0,82,185,38,29,135,92,98,199,68,74,49,142,80,200,238,230,134,259,180,220,111,256,112,126,3337,1131861,0.002948242,0.294824188,4.29
X,735e187360fdf25275eaef881190740e,171,206,189,49,176,70,168,92,90,239,30,60,153,221,112,183,105,103,117,222,186,74,261,97,3374,1131861,0.002980931,0.29809314,4.30
,f6738b97269e89bede428b189e91da4f,174,193,153,94,171,140,113,129,113,97,117,106,185,130,206,94,186,145,165,121,50,132,165,208,3387,1131861,0.002992417,0.299241691,4.30
,e815840fdd9a6038d67c6878dbb3af8e,118,175,100,48,266,179,133,278,70,95,31,108,104,123,134,127,236,174,99,127,261,206,116,124,3432,1131861,0.003032174,0.303217445,4.30
X,612b65b15d2a64e55bef0a6f28a0f7d0,331,200,163,71,143,105,89,187,68,66,112,104,0,298,179,45,205,155,192,63,108,170,166,254,3474,1131861,0.003069281,0.306928148,4.31
X,58ab4d14465fb08d1359d21641b18776,90,105,100,54,282,188,325,244,127,85,130,271,0,28,142,201,239,78,82,271,132,177,72,75,3498,1131861,0.003090485,0.309048549,4.31
X,27d5787da5e6434481488cc86719e896,123,468,75,99,169,94,175,223,159,265,152,190,92,34,122,203,164,85,105,143,173,121,125,112,3671,1131861,0.003243331,0.324333112,4.32
X,6ddb6ca13d5e22fb7808595926eceaec,180,280,218,51,172,85,297,104,88,318,62,117,106,117,84,366,98,41,113,194,138,43,211,192,3675,1131861,0.003246865,0.324686512,4.32
X,0549640f80afc02d3f5453c94f60a627,69,272,27,81,217,168,190,135,55,93,119,133,29,75,128,97,338,289,60,294,353,362,94,69,3747,1131861,0.003310477,0.331047717,4.33
X,6cf596d9f7f35025f21ec140b96aa9a6,243,185,101,43,283,0,87,159,237,154,159,122,251,144,159,371,116,129,95,284,153,164,34,102,3775,1131861,0.003335215,0.333521519,4.33
X,064b6ec110a2276ebc79fa679460bb9c,232,146,179,69,87,110,162,161,209,126,176,189,150,263,243,128,197,121,190,144,72,91,206,202,3853,1131861,0.003404128,0.340412825,4.34
,b40dca02f07ecf1c0f53760f0153a059,226,243,340,121,241,69,167,66,223,216,100,200,266,333,117,90,63,77,109,142,0,80,250,218,3957,1131861,0.003496012,0.349601232,4.35
X,58540ccde4dec965024c3ea4439cbb6b,115,183,66,76,136,136,239,211,91,145,75,138,97,195,283,227,243,185,163,195,141,291,105,273,4009,1131861,0.003541954,0.354195436,4.35
X,15013e76cab8983167cea844a3cd9c81,381,230,192,120,165,132,128,143,181,186,167,143,188,269,164,57,135,96,237,102,64,60,296,262,4098,1131861,0.003620586,0.362058592,4.36
,a6841fd6c341bedd8a401cd08bb2763d,250,238,418,110,186,157,166,110,153,116,161,118,139,453,133,60,129,69,132,119,59,106,400,128,4110,1131861,0.003631188,0.363118793,4.36
X,45a9db0e9b18fda14379dfa2554ff370,237,276,118,136,123,227,456,0,68,269,157,198,217,265,156,125,55,113,187,388,99,177,123,113,4283,1131861,0.003784034,0.378403355,4.38
X,6c1ed4312d03470a8323002ba1553e32,241,284,310,34,171,100,181,277,199,226,116,185,173,180,134,256,234,138,95,183,147,165,153,104,4286,1131861,0.003786684,0.378668405,4.38
X,75cac7ae6fbcbb7817a14f6772f94924,370,213,361,72,185,43,203,266,270,171,183,222,30,247,196,173,198,95,187,127,78,122,185,138,4335,1131861,0.003829976,0.382997559,4.38
X,9e04003825b786bb57df86bd48e6b9f8,194,213,217,125,227,271,79,185,63,60,119,149,80,171,201,238,254,168,222,75,232,385,182,277,4387,1131861,0.003875918,0.387591763,4.39
,aaeaf48251cb111740428f41dd173118,161,344,114,124,238,183,203,137,148,212,112,181,260,132,145,223,226,150,148,264,157,178,181,186,4407,1131861,0.003893588,0.389358764,4.39
,cc40b03f4e9d74ac9bc80407a1c35c0e,0,112,0,127,247,211,210,465,0,133,135,175,0,70,319,357,295,352,132,149,230,401,88,241,4449,1131861,0.003930695,0.393069467,4.39
,e1a8cf35b1f52422e75b3ca6ea77c567,176,213,389,44,311,57,129,134,235,187,241,223,77,212,215,160,236,171,117,244,120,84,266,273,4514,1131861,0.003988122,0.398812222,4.40
X,48e665141691a28bc90fb9f37cbc09c2,249,129,229,68,112,115,123,543,87,105,159,124,122,387,311,113,153,202,234,132,133,190,286,235,4541,1131861,0.004011977,0.401197674,4.40
,d564a3f8e76f94f7a767be2d841b1aa1,175,277,216,135,231,159,225,272,189,200,178,64,0,361,337,283,220,165,193,271,180,211,149,184,4875,1131861,0.004307066,0.430706597,4.43
,aa1a95bff808c63959ec26ff3dcf8dd9,600,330,232,156,165,146,151,427,239,112,263,298,273,335,188,28,152,76,190,0,48,96,242,269,5016,1131861,0.00443164,0.443163957,4.44
,ff455197e5f668acf0c4aaee9bd0812f,222,209,218,103,152,305,152,397,83,176,102,178,156,313,181,123,409,231,160,238,254,206,308,228,5104,1131861,0.004509388,0.450938764,4.45
X,1975f0f2b6531e29f1c84e99f1b51ef8,51,269,97,96,402,315,369,230,136,85,106,187,82,111,151,326,259,207,191,229,562,192,272,204,5129,1131861,0.004531475,0.453147515,4.45
X,845be08d6ae6d3073a24d790fab9962a,184,105,346,54,133,80,309,267,117,22,135,109,212,573,136,291,172,151,329,196,98,262,659,213,5153,1131861,0.004552679,0.455267917,4.46
,fe8db3671084850358ab6b8b52ad6f71,246,224,242,100,264,135,309,380,146,257,131,220,155,98,218,225,251,246,137,358,243,250,187,168,5190,1131861,0.004585369,0.45853687,4.46
,dd3d36fd596e048a228a8837fc847f49,169,232,252,90,263,143,159,146,120,223,111,103,185,445,245,195,319,310,370,310,112,278,361,150,5291,1131861,0.004674602,0.467460227,4.47
,e4ee05bbf4ea42bb7404e560a5998628,85,80,42,99,348,238,435,247,155,148,93,201,100,117,133,349,552,369,111,471,496,441,112,151,5573,1131861,0.004923749,0.492374947,4.49
,aa6884ce838770d70b18e5e242babbda,318,224,80,177,293,256,440,190,200,159,348,262,210,415,47,386,179,305,275,291,193,207,372,186,6013,1131861,0.00531249,0.531248978,4.53
X,43c9e86409734b832125a67753d9b6ab,421,338,489,193,263,87,286,282,290,288,78,330,201,211,98,216,331,255,161,122,315,190,358,250,6053,1131861,0.00534783,0.534782981,4.53
,e9b2e722f3407d73e6e0e1a8c2ea14d7,586,575,207,71,305,86,243,163,441,491,219,213,87,386,211,187,152,145,241,262,81,240,289,249,6130,1131861,0.005415859,0.541585937,4.54
X,62970cdab801fc6571c0935006126aaf,257,339,314,224,243,182,361,443,162,278,138,354,0,503,277,282,240,148,470,229,155,99,607,308,6613,1131861,0.00584259,0.584259021,4.58
X,6e105f3f79341d4c6ac024b928786898,244,550,194,86,447,226,428,194,198,441,161,343,245,251,285,447,334,198,165,336,351,388,242,299,7053,1131861,0.006231331,0.623133053,4.62
X,9e68814ff5c7be0da458d282eb1bdb90,547,511,418,191,326,255,319,186,276,454,200,296,387,372,227,213,292,132,306,372,110,67,354,299,7110,1131861,0.00628169,0.628169007,4.63
X,5753e2e978be831e0069b6a3a76862c8,233,442,186,55,234,124,458,316,384,462,351,362,330,151,458,542,252,196,183,522,332,201,141,210,7125,1131861,0.006294943,0.629494258,4.63
X,2ac28c9b07b5c15b9e07ea8ff280d7d8,289,591,368,59,295,82,334,246,284,527,151,279,347,212,198,348,299,409,265,548,188,225,258,334,7136,1131861,0.006304661,0.630466108,4.63
X,787c7e53503496792dbcfa585c388b9b,615,384,427,230,412,379,155,250,186,74,245,252,258,388,349,178,386,247,287,253,138,413,344,322,7172,1131861,0.006336467,0.633646711,4.63
X,284c506d6a39ac0fd6464da973bcd0c0,307,425,595,104,320,213,169,427,151,190,166,115,0,767,379,138,248,187,431,141,168,218,679,670,7208,1131861,0.006368273,0.636827314,4.64
X,69f38f9e79867a0a88b172de2543b59d,411,366,254,164,322,310,357,343,157,262,276,300,324,267,316,314,404,395,271,350,229,507,356,239,7494,1131861,0.006620954,0.662095434,4.66
,ceb36da1a26eecc6429aa5cefb368a09,359,351,304,96,263,208,337,391,338,257,258,308,168,584,437,502,263,505,466,334,198,433,539,405,8304,1131861,0.00733659,0.733658992,4.73
X,815441e55a0ea6cec04bc18f890a100d,309,585,488,102,591,365,399,513,236,391,222,193,229,525,284,358,659,411,338,423,280,404,394,355,9054,1131861,0.007999215,0.799921545,4.80
,d8bdbb4d88ad5b3fe2106357539a53db,523,663,562,218,401,511,664,336,396,538,149,457,341,329,273,212,425,203,249,439,425,208,441,307,9270,1131861,0.008190052,0.819005161,4.82
X,45d4963bdf8ca919a6dc6bd7d3e1696c,683,613,604,63,427,127,344,283,391,510,317,354,348,613,269,407,423,236,401,444,202,227,732,350,9368,1131861,0.008276635,0.827663468,4.83
X,4351d2689ebb61f85de63d886ea4c309,763,402,516,145,284,157,170,333,469,321,379,344,443,672,533,228,282,316,482,372,170,481,597,525,9384,1131861,0.008290771,0.829077069,4.83
,c7d515854b42f436b0a5127fb010e8c0,548,383,422,260,916,566,566,369,177,100,336,490,122,270,336,367,620,471,156,445,265,550,359,299,9393,1131861,0.008298722,0.829872219,4.83
X,7379cb1eb04cbde0c10f7375d914e6bc,249,562,124,235,582,330,842,291,228,310,278,481,305,213,268,607,836,388,102,648,561,854,249,156,9699,1131861,0.008569073,0.856907341,4.86
X,3b38999bdbf762d48005d1e4f7a5de40,761,773,878,476,457,341,422,225,468,559,269,350,0,846,254,256,227,133,458,310,446,254,1001,556,10720,1131861,0.009471128,0.947112764,4.95
,d3843642fb3c77ed98e31a35fa918c92,416,732,567,281,686,330,409,489,529,884,321,460,122,414,503,256,413,361,404,510,286,315,585,591,10864,1131861,0.009598352,0.959835174,4.96
X,093dbcff1372d79fd828467dbbd5d9a7,319,266,344,241,716,397,594,785,217,196,430,423,349,458,498,427,774,902,429,661,462,853,263,480,11484,1131861,0.010146122,1.014612218,5.01
,c45e5200945481c371932d3c578789c3,429,497,348,276,417,225,511,609,252,284,313,383,83,912,561,624,696,672,425,466,368,757,928,670,11706,1131861,0.010342259,1.034225934,5.03
X,25b2a501741d7ecb0c876cbe140fa840,469,722,501,383,857,519,486,417,377,673,302,658,189,406,476,446,689,525,352,802,682,589,314,379,12213,1131861,0.010790194,1.07901942,5.08
,d0855c29c251c2223fa348963b97b15c,797,819,578,166,303,123,645,491,651,730,412,548,457,886,400,403,515,439,474,637,339,437,851,408,12509,1131861,0.01105171,1.105171041,5.11
,ab0184f9b865f34e92ea87ed83be9079,738,476,711,359,698,623,281,565,286,323,542,637,272,566,960,542,853,512,672,337,277,859,438,476,13003,1131861,0.01148816,1.148815977,5.15
,f1554c22d6d84c3d277f11d7a173399a,537,627,346,333,865,573,791,793,301,437,206,340,406,634,605,404,747,601,444,759,609,639,431,776,13204,1131861,0.011665743,1.166574341,5.17
X,7c5e43b67baf767b7e3dbfc961596180,1064,821,1309,367,612,484,300,344,748,585,310,380,512,1168,553,147,191,201,768,339,82,185,1266,1325,14061,1131861,0.012422904,1.242290352,5.24
,e19d2ae3bb9663795ab3089680a3f9cc,875,901,637,236,864,267,691,350,517,750,487,929,617,794,736,688,831,746,551,836,421,562,563,598,15447,1131861,0.013647436,1.364743551,5.36
X,6b11029a780b6fd78fc82ae5c77092d3,1249,1213,1062,559,645,444,643,673,401,500,495,291,0,1130,720,784,552,538,778,317,237,676,853,1039,15799,1131861,0.013958428,1.395842776,5.40
,d7abbdf4303cc5e5221d18d8a6bed3c7,594,833,586,450,757,584,812,926,673,774,533,613,434,726,603,804,1039,519,642,939,399,680,506,593,16019,1131861,0.014152798,1.415279791,5.42
X,29abf79937c29f1d4d7d5739225d3b22,1594,1207,1050,310,709,325,705,455,1140,968,648,816,82,980,683,500,726,305,449,694,303,324,780,712,16465,1131861,0.014546839,1.454683923,5.45
X,622f82cb77c0053f9260cc95a3a8a6d9,1137,903,834,438,742,189,536,664,855,886,829,621,944,1921,887,766,1170,1043,1105,986,598,803,1478,1034,21369,1131861,0.018879527,1.887952673,5.89
X,2e1ad4de8caa2af94cb2ae810b2ed9ce,513,711,549,284,1365,656,1247,1894,439,495,428,496,666,1380,1134,1297,1627,1906,1073,1150,1434,2095,908,1219,24966,1131861,0.022057479,2.205747879,6.21
X,157a7c6518a3b3e70daf62add4531002,1672,1717,1434,1156,1096,588,1767,692,1366,1988,738,1208,0,1359,619,1088,799,549,666,1405,1216,579,2163,594,26459,1131861,0.023376545,2.337654535,6.34
,b0546a8c6a38415c52d2dc916319d3fd,1135,1350,770,573,1536,2009,970,1790,344,506,578,908,609,1016,1306,1165,2743,1500,1168,1001,854,2060,687,991,27569,1131861,0.024357231,2.435723114,6.44
,ceee02490f5d19e92601d01378460755,2299,1206,2065,415,1144,399,1419,1409,1024,1546,1326,1439,1077,1811,1053,760,964,718,1462,632,387,466,1922,1450,28393,1131861,0.025085236,2.508523573,6.51
X,1c291466057260266d13db2efa0a99d7,1652,2720,830,506,1569,662,1709,1074,1293,2213,1202,1605,57,1114,1030,2203,1114,816,855,1923,1115,1155,913,1276,30606,1131861,0.027040423,2.704042281,6.70
X,4017068a951170606948e850bd9fbd30,2322,1862,1701,775,1791,1396,1219,2134,1105,980,1292,1878,1646,1471,2014,1134,1990,1425,1539,1277,1349,1284,1874,1933,37391,1131861,0.033034975,3.303497514,7.30
,bd1c5a1d598935c732723e49a713dee1,2794,2062,2195,994,1374,1261,1662,1575,1607,2798,1625,1733,1711,2320,1238,1063,1911,1389,1685,1512,827,1468,2654,1624,41082,1131861,0.036295976,3.629597627,7.63
X,90aca794c7e30b8a77e87f13ffc9a5cc,1455,2612,1401,918,2871,1413,2116,1695,1385,2442,761,1644,1631,1557,1665,1907,2188,1833,1123,2950,2270,2052,1535,1526,42950,1131861,0.037946356,3.79463556,7.79
,d829bee4984f82ffc2453212157caf96,2863,3878,3016,2159,2465,1864,3046,2577,1627,3017,1622,1994,2498,3563,2257,1721,2239,2291,2579,2673,2819,2645,4215,2289,61917,1131861,0.054703714,5.470371362,9.47
