XXX,Sample,FD10,FD11,FD12,FD13,FD14,FD15,FD16,FD17,FD18,FD31,FD32,FD33,FD34,FD35,FD36,FD43,FD44,FD45,FD46,FD47,FD48,FD7,FD8,FD9,Totalpersamp,totalfeatures,relabund,reabund*100,size
X,01407dff9187239ef65ae8514b77869f,0,0,0,0,109,44,53,69,43,0,0,29,38,14,42,0,58,0,0,15,0,21,113,40,688,1135022,0.000606156,0.060615565,4.06
X,0232c8f4f3f2b7268891c772901d4678,5,0,0,0,7,0,12,0,7,8,0,0,0,4,9,9,9,0,3,0,0,7,0,7,87,1135022,7.66505E-05,0.00766505,4.01
X,03d0864275ffa173ba848eb1d370daa6,12,13,0,0,22,0,12,0,27,21,0,0,18,0,0,0,30,38,30,0,33,0,36,15,307,1135022,0.000270479,0.027047934,4.03
X,0417932f92ef088ce95891d729697bbf,40,0,0,0,0,31,0,0,0,65,0,0,98,74,75,0,0,62,51,0,0,59,100,63,718,1135022,0.000632587,0.063258686,4.06
X,043ffb43eda2598aa536d3affb924a92,43,62,0,21,67,42,0,0,0,47,0,0,85,49,61,0,0,39,37,0,50,21,58,12,694,1135022,0.000611442,0.061144189,4.06
X,0549640f80afc02d3f5453c94f60a627,211,295,144,20,58,75,161,71,191,113,100,253,270,79,40,323,277,500,705,263,451,186,157,247,5190,1135022,0.004572599,0.457259859,4.46
X,063a8b0b4589fa1fdbeb2119ffe4faf5,0,0,19,20,0,0,0,0,26,0,0,0,48,0,0,0,0,42,71,30,13,19,32,33,353,1135022,0.000311007,0.031100719,4.03
X,0649da7b67156aed2b87a455e44c6a3c,39,0,0,0,37,78,31,0,54,155,0,60,98,50,144,0,0,46,0,0,0,41,246,40,1119,1135022,0.000985884,0.098588397,4.10
X,064b6ec110a2276ebc79fa679460bb9c,189,121,88,33,65,111,157,0,0,85,23,68,146,145,62,78,94,117,113,0,84,239,132,224,2374,1135022,0.002091589,0.209158941,4.21
X,065caf177c9bbca39283b882486de188,56,0,31,0,25,30,32,29,12,51,0,0,48,55,17,106,32,54,33,69,41,59,0,140,920,1135022,0.000810557,0.081055698,4.08
X,06e94b05336011353c109340bf138207,7,0,18,0,11,26,32,195,16,0,0,0,6,0,0,0,33,30,10,7,0,0,0,0,391,1135022,0.000344487,0.034448671,4.03
X,06f387f65f7da7bca26ef586a011265e,0,12,16,7,0,36,0,25,12,0,0,6,6,0,6,5,0,0,4,7,0,8,0,6,156,1135022,0.000137442,0.013744227,4.01
X,07155d961aea72ab502375b13ea42c76,0,0,0,0,14,22,23,27,24,0,11,0,0,0,23,43,15,9,21,20,14,0,0,0,266,1135022,0.000234357,0.023435669,4.02
X,093dbcff1372d79fd828467dbbd5d9a7,490,716,706,212,833,911,622,629,438,439,211,726,738,546,579,71,496,527,358,203,393,425,698,494,12461,1135022,0.010978642,1.097864182,5.10
X,09bf00953ec6cccbe3687aad8535b73e,62,0,0,0,36,46,21,115,107,13,0,0,55,0,0,147,82,0,12,70,57,0,0,0,823,1135022,0.000725096,0.072509608,4.07
X,0abd0956118580ee250ecb794d9ea19f,0,0,0,0,0,37,22,38,33,17,0,0,14,0,0,18,0,0,17,60,20,0,0,6,282,1135022,0.000248453,0.024845333,4.02
X,0c9930d0da80f6ff1bb5f631d7053245,0,0,0,0,0,0,7,24,0,0,0,0,35,0,47,29,43,17,0,0,26,30,0,19,277,1135022,0.000244048,0.024404813,4.02
X,0d4ced5f977118b406077655d55deb3b,0,35,72,23,33,92,61,38,52,0,0,16,21,25,52,51,0,0,36,0,0,0,0,0,607,1135022,0.000534791,0.05347914,4.05
X,0e1f53744bae7e235180cc03167e50fc,11,8,10,0,0,17,0,0,21,0,0,25,0,5,0,0,0,0,22,0,0,66,0,12,197,1135022,0.000173565,0.017356492,4.02
X,0e55339184fe9a032b6098595b39905f,0,30,0,0,27,24,36,0,0,30,0,0,23,20,0,0,0,0,0,0,8,52,38,22,310,1135022,0.000273122,0.027312246,4.03
X,0fc441a149fa25d0a1d67e0ff2eb4ebb,20,0,40,0,0,91,34,58,129,0,0,41,0,0,34,0,0,0,25,0,33,0,0,0,505,1135022,0.000444925,0.04449253,4.04
X,10d15bd789d2f850846c7042dc9759f2,0,0,0,0,0,41,0,73,64,0,18,0,0,0,0,52,57,37,29,75,50,0,0,0,496,1135022,0.000436996,0.043699593,4.04
X,126725edba04f6e6ea7cd4fab67c9ecb,77,49,24,12,12,0,19,0,4,33,0,28,42,25,23,15,0,31,28,0,61,80,70,93,726,1135022,0.000639635,0.063963518,4.06
X,12e2bb64d262590c8c32d2b090882e42,0,34,0,0,26,30,0,88,17,0,0,0,17,21,0,15,0,0,0,0,0,41,34,17,340,1135022,0.000299554,0.029955367,4.03
X,13ad238ff80cde86ce862692d31236d7,47,106,40,54,195,72,111,97,106,74,33,37,123,176,98,0,188,153,118,55,190,39,296,77,2485,1135022,0.002189385,0.218938488,4.22
X,13e562cd4721747845d9a3d56a1c3d2e,24,20,0,0,23,0,16,38,0,21,0,0,46,26,28,0,0,13,11,0,0,34,86,40,426,1135022,0.000375323,0.037532312,4.04
X,14a79b7e1862deef2d42d29f4b716778,12,31,0,0,18,19,19,0,17,11,0,9,16,16,20,8,3,0,5,8,9,15,22,13,271,1135022,0.000238762,0.023876189,4.02
X,14e1dc18c05d5def613c9cf216b34d53,0,6,30,0,0,11,32,0,0,4,0,15,8,14,0,0,0,0,14,13,0,0,0,0,147,1135022,0.000129513,0.012951291,4.01
X,15013e76cab8983167cea844a3cd9c81,110,151,60,101,111,66,120,55,70,79,16,76,155,173,105,51,55,65,39,0,40,160,230,266,2354,1135022,0.002073969,0.207396861,4.21
X,151f25319c8715bb49632a77fb021ad5,34,29,43,0,47,0,34,109,76,12,0,0,24,0,32,0,90,23,42,65,40,0,32,22,754,1135022,0.000664304,0.06643043,4.07
X,157a7c6518a3b3e70daf62add4531002,586,564,208,214,456,221,507,67,174,766,121,238,842,582,498,992,715,626,697,215,519,1456,1447,1805,14516,1135022,0.012789179,1.278917942,5.28
X,15c09cb7d0c9ee2871e3599bf6f4e722,47,52,64,0,55,60,80,67,58,21,0,148,68,99,93,14,39,0,0,0,54,0,0,48,1067,1135022,0.00094007,0.094006988,4.09
X,15f25fdd487b28486331fe45f5823b08,31,36,16,0,0,53,0,0,0,25,0,74,53,42,19,0,0,22,0,0,38,0,50,20,479,1135022,0.000422018,0.042201825,4.04
X,16279d63c18f0ce497fac24287ac9ed8,70,124,124,0,167,216,250,167,187,0,55,120,134,119,124,161,182,168,252,405,335,28,30,23,3441,1135022,0.003031659,0.30316593,4.30
X,16dedc79dc6331305afc61a06e0a39e9,46,47,0,16,86,40,0,0,0,20,0,50,61,0,75,47,0,39,43,20,43,128,113,116,990,1135022,0.00087223,0.087222979,4.09
X,1783130695e075d282de454888581216,63,61,0,0,48,78,52,18,79,0,0,0,0,0,42,68,69,39,53,107,66,0,0,0,843,1135022,0.000742717,0.074271688,4.07
X,17cb6783b16db5a1c270c3a0c2462b3f,72,157,43,0,141,0,49,63,0,0,0,0,80,52,82,40,143,0,80,108,103,50,30,102,1395,1135022,0.001229051,0.122905107,4.12
X,1975f0f2b6531e29f1c84e99f1b51ef8,165,308,136,46,357,287,498,262,323,159,110,186,344,149,140,823,465,429,469,425,600,311,348,241,7581,1135022,0.006679166,0.667916569,4.67
X,19c14775b20f5cac9f0743f35ac51c6f,9,0,0,0,11,7,0,0,14,0,0,27,0,14,17,0,0,0,8,0,0,24,0,14,145,1135022,0.000127751,0.012775083,4.01
X,19e4c67043764aa2b2b5a9fd638ebb20,28,39,0,0,36,0,61,0,38,28,0,74,28,29,0,15,32,53,49,0,55,0,0,0,565,1135022,0.000497788,0.049778771,4.05
X,1a3f05d8b58c522bc987e472e8e8c485,29,55,30,18,0,28,45,15,0,0,0,27,34,30,29,43,43,33,40,0,31,0,50,51,631,1135022,0.000555936,0.055593636,4.06
X,1a8287fda101bbdcd915a9ed4840c004,110,182,97,46,155,131,117,119,0,165,0,137,188,0,151,60,0,90,0,0,70,62,106,47,2033,1135022,0.001791155,0.179115471,4.18
X,1b9123f5b28e795eec7c9fac313296a8,110,132,139,0,329,185,128,193,162,61,28,0,113,0,123,126,192,100,116,161,123,0,109,46,2676,1135022,0.002357664,0.235766355,4.24
X,1c02701bb0bdd59b7831f1c12945e458,14,77,67,0,87,29,44,13,35,61,0,41,88,78,53,12,0,88,62,0,98,98,88,69,1202,1135022,0.00105901,0.105901031,4.11
X,1c291466057260266d13db2efa0a99d7,1037,1018,501,138,830,441,499,271,501,755,285,922,871,783,569,580,426,869,1023,610,759,1670,1315,1379,18052,1135022,0.015904538,1.590453753,5.59
X,1d145835e7f0188562322f4eefb02657,74,82,138,0,84,81,89,223,138,31,0,0,72,54,68,0,114,0,0,176,85,0,65,0,1574,1135022,0.001386757,0.138675726,4.14
X,1d8f612763d34c1a3ddbeb32073dcab6,36,25,0,10,93,43,63,38,24,0,0,51,35,16,34,74,93,69,84,58,117,0,48,0,1011,1135022,0.000890732,0.089073163,4.09
X,1db00d824b8214e3110badd20a8cbd49,20,55,25,9,9,12,27,21,14,9,5,7,17,18,10,5,3,3,0,0,0,47,30,16,362,1135022,0.000318937,0.031893655,4.03
X,1de7c613f510336f19c2ce1a6089faf7,20,26,0,0,18,33,31,38,26,3,11,24,0,0,0,15,23,0,13,46,0,0,0,0,327,1135022,0.0002881,0.028810014,4.03
X,1ef2e6295de68016efd5fe1df177243c,61,0,24,0,187,38,31,36,67,0,0,0,25,23,22,47,52,29,58,0,43,102,35,39,919,1135022,0.000809676,0.080967594,4.08
X,1f8d875146897fdad4face9b82c5b15a,9,0,29,0,0,25,16,53,0,0,0,14,0,0,0,0,32,0,17,25,12,0,16,0,248,1135022,0.000218498,0.021849797,4.02
X,1fcc495884d62a95ed5843382ab3c319,0,16,13,0,0,15,21,0,0,15,23,16,0,0,0,60,21,22,33,30,39,0,0,0,324,1135022,0.000285457,0.028545702,4.03
X,1fcffe31a021e2c19708409c5cf6226b,112,95,73,23,133,100,123,28,59,21,0,14,83,50,67,16,84,43,86,0,111,28,75,81,1505,1135022,0.001325965,0.132596549,4.13
X,20800c485d918ab4ba76025fd651a6a0,33,75,58,0,80,37,67,59,64,60,38,87,60,24,32,48,41,94,80,55,43,49,53,73,1310,1135022,0.001154163,0.115416265,4.12
X,20e3fc9ceaacf533bb48079d79ebac6f,42,60,0,8,0,14,19,0,0,62,0,25,27,33,27,8,0,0,25,8,17,55,87,62,579,1135022,0.000510122,0.051012227,4.05
X,21b726d9e46d31c3340e0ded2ce93cda,88,108,38,0,229,205,254,184,184,86,44,94,89,25,110,206,280,209,179,291,277,0,109,69,3358,1135022,0.002958533,0.295853296,4.30
X,223719187a68c608d2c516c11734a452,0,39,36,0,29,0,32,45,62,0,0,0,23,0,14,62,60,0,27,118,24,14,0,0,585,1135022,0.000515409,0.051540851,4.05
X,2393ace9b1cc38db9d01fbe354f1a381,0,79,70,0,135,70,122,51,103,43,21,80,80,103,40,58,51,53,63,108,196,0,84,50,1660,1135022,0.001462527,0.146252672,4.15
X,23efce07a9a5ce9745b758327a770b9c,81,24,31,16,59,31,16,0,53,0,0,0,40,0,8,72,63,29,32,26,43,0,29,23,676,1135022,0.000595583,0.059558317,4.06
X,24abf7bfaf309973513207720f873430,0,0,41,0,26,23,45,0,22,18,0,36,26,38,41,0,15,5,0,0,25,0,13,11,385,1135022,0.0003392,0.033920047,4.03
X,2573d88484d9b2979456e4a5accbabc6,96,146,100,20,72,46,70,48,89,149,45,209,205,157,127,37,70,46,75,84,77,100,115,184,2367,1135022,0.002085422,0.208542213,4.21
X,25b2a501741d7ecb0c876cbe140fa840,483,843,333,133,613,278,727,317,519,544,209,650,818,527,234,526,258,813,483,251,697,434,850,752,12292,1135022,0.010829746,1.082974603,5.08
X,25d5661572aa5474b57290cda526b043,0,0,57,18,45,43,61,44,0,0,0,19,33,21,39,0,0,38,39,21,0,62,56,35,631,1135022,0.000555936,0.055593636,4.06
X,26005dfb7ad2e8cdbb139846af329663,72,38,0,0,289,0,44,37,30,0,9,50,0,0,0,27,106,22,0,0,16,35,137,49,961,1135022,0.00084668,0.084667962,4.08
X,2679b78111c7f345ce9f9de5fe81f244,0,78,39,39,21,28,0,0,0,61,0,58,0,97,62,0,31,0,0,0,0,129,62,49,754,1135022,0.000664304,0.06643043,4.07
X,2687ca73142102d4ea7051ae9a0cb10f,0,0,16,0,13,102,8,33,175,5,0,0,0,12,9,19,0,0,0,0,0,26,17,26,461,1135022,0.00040616,0.040615953,4.04
X,2701d1b79b4d530cca5d5e58b1d967f5,42,80,0,30,85,0,38,80,0,22,0,0,2,0,0,0,61,53,0,0,36,35,0,0,564,1135022,0.000496907,0.049690667,4.05
X,2720bf53389fb08ed27156e6b5d21e00,0,25,34,0,20,55,22,101,46,0,0,0,0,0,0,40,58,15,22,31,24,0,0,0,493,1135022,0.000434353,0.043435281,4.04
X,2743823e7602e70cfa467627e69d2774,0,10,21,0,0,0,13,62,18,0,0,0,0,24,8,38,0,8,0,18,9,0,0,0,229,1135022,0.000201758,0.02017582,4.02
X,27d5787da5e6434481488cc86719e896,225,187,113,68,88,82,140,76,153,28,0,0,74,48,80,157,182,134,24,0,79,557,116,295,2906,1135022,0.002560303,0.25603028,4.26
X,284c506d6a39ac0fd6464da973bcd0c0,227,353,282,118,352,270,545,437,273,201,60,267,503,329,306,254,213,169,167,50,226,360,365,438,6765,1135022,0.005960237,0.596023689,4.60
X,2951329abbe43dc4e3487b3f09c864de,0,15,0,0,28,0,74,20,15,41,16,22,28,30,15,17,21,38,32,0,68,34,46,23,583,1135022,0.000513646,0.051364643,4.05
X,297857e5d313afe7f8ac7a2bc0ce83a7,0,0,14,0,20,17,27,17,22,13,0,0,16,0,18,14,0,0,0,0,6,0,0,0,184,1135022,0.000162111,0.01621114,4.02
X,299814070bba81d19d3849f89ac65603,6,8,11,0,12,10,18,8,0,13,7,9,23,0,0,14,0,11,20,0,17,0,0,6,193,1135022,0.000170041,0.017004076,4.02
X,29a75f5a9161809f23325fc518c26c91,0,0,0,0,0,41,0,27,0,24,20,43,33,19,0,29,50,30,27,37,57,0,0,0,437,1135022,0.000385015,0.038501456,4.04
X,29abf79937c29f1d4d7d5739225d3b22,410,376,58,405,344,376,278,186,298,215,73,417,233,422,334,212,247,302,302,65,329,1093,987,1796,9758,1135022,0.00859719,0.859719019,4.86
X,2a071af67ec43b7126e8c362bec6e8ae,120,108,16,52,126,76,89,38,0,87,0,63,110,53,70,90,119,62,87,0,197,101,255,114,2033,1135022,0.001791155,0.179115471,4.18
X,2ac28c9b07b5c15b9e07ea8ff280d7d8,286,292,101,109,300,139,286,171,148,157,91,340,303,283,220,117,95,215,160,42,219,443,454,525,5496,1135022,0.004842197,0.484219689,4.48
X,2b24fb649625bc5758bd7fb56cc6f051,0,40,19,0,0,0,18,0,31,34,19,46,0,0,0,77,65,90,164,0,72,0,20,0,695,1135022,0.000612323,0.061232293,4.06
X,2b2bf61846ac2d5d20ebe60d9ac3ba21,14,6,3,6,0,0,0,20,5,14,0,0,9,0,14,0,0,0,0,0,0,26,36,40,193,1135022,0.000170041,0.017004076,4.02
X,2cb0993c1835d5d8b3b677ad1993f84e,17,0,0,8,22,0,0,0,19,18,0,12,0,0,0,0,0,23,0,0,0,25,30,23,197,1135022,0.000173565,0.017356492,4.02
X,2cc455e2e9e3471d84049387c933e5ae,0,198,201,29,236,281,268,88,187,150,70,216,127,157,99,0,0,66,67,0,67,58,83,96,2744,1135022,0.002417574,0.241757428,4.24
X,2ce0cbbc8aa5cd85a0f34afc594f7567,98,133,152,18,205,141,206,153,145,52,20,69,182,73,106,188,142,91,167,100,176,89,56,159,2921,1135022,0.002573518,0.25735184,4.26
X,2cee54b259de60b087645d239bb06f80,110,79,126,21,160,140,238,150,118,89,46,0,87,68,96,292,215,194,204,143,216,174,241,165,3372,1135022,0.002970868,0.297086753,4.30
X,2d12daf59d919a9813ce7e5d6490c5b0,29,21,0,6,0,0,12,0,0,26,0,32,19,0,0,0,0,14,0,0,0,34,36,15,244,1135022,0.000214974,0.021497381,4.02
X,2d16d001e21717f960cf771ae879b1dd,0,0,10,0,19,50,0,68,28,0,0,0,19,0,21,0,21,0,0,30,48,0,20,0,334,1135022,0.000294267,0.029426742,4.03
X,2d4daf13211b721af1cc1e591194d198,0,35,31,0,28,24,14,0,44,23,0,31,36,22,30,0,0,37,39,52,0,24,44,26,540,1135022,0.000475762,0.04757617,4.05
X,2d66d59115e5f8c6d716f72f4fc26f23,18,15,0,0,0,19,14,24,40,27,0,20,29,25,14,0,46,25,0,18,25,0,36,10,405,1135022,0.000356821,0.035682128,4.04
X,2d674c6a771b24e43d3aba70d1813cf6,24,32,0,0,19,46,36,36,34,0,9,15,18,11,0,27,37,0,11,0,36,0,0,0,391,1135022,0.000344487,0.034448671,4.03
X,2e1ad4de8caa2af94cb2ae810b2ed9ce,1191,2105,1572,376,2069,2509,1786,3036,2443,1803,816,1971,2694,1498,1860,2082,1915,1321,1858,2378,2151,751,1487,947,42619,1135022,0.037549052,3.754905191,7.75
X,2e280725e0cbc1f03e4fbcc5bf33694d,27,0,0,9,23,0,32,27,19,19,0,6,18,0,11,0,0,0,0,0,0,0,18,0,209,1135022,0.000184137,0.01841374,4.02
X,2e3ab9895c5da9a01ab4b5a6e18655f6,120,149,342,89,412,489,598,826,452,165,92,245,206,178,161,343,357,167,183,520,279,243,199,293,7108,1135022,0.006262434,0.626243368,4.63
X,2fc11b34402b80d30bb0a007d37e0f54,28,82,0,0,56,89,30,49,65,0,29,51,0,37,70,60,33,59,84,44,59,23,47,14,1009,1135022,0.00088897,0.088896955,4.09
X,3046627c356a24ce50a771cb00466245,113,111,45,57,164,111,106,0,117,113,0,80,115,99,0,0,140,0,74,71,133,109,134,85,1977,1135022,0.001741816,0.174181646,4.17
X,30b71cc08a69d8e08d490e65ca8559d3,0,11,0,0,35,45,38,20,17,0,0,0,0,0,0,0,60,0,0,58,34,9,0,0,327,1135022,0.0002881,0.028810014,4.03
X,30db82ecd684666762c7c5179d386246,0,0,0,0,45,48,29,0,40,29,0,0,24,0,0,16,0,27,0,42,53,0,0,0,353,1135022,0.000311007,0.031100719,4.03
X,30f9b2a0467ca25673a4be290f274842,11,22,28,0,0,0,0,17,28,0,0,0,19,0,54,22,23,30,0,34,42,0,17,0,347,1135022,0.000305721,0.030572095,4.03
X,31007730baa70d749fa552104d14c408,25,0,0,0,94,60,30,53,11,0,0,16,0,0,0,49,34,67,0,66,72,0,0,0,577,1135022,0.00050836,0.050836019,4.05
X,313a85f98077c1aa5b5ab76f7fb4b64a,0,16,51,0,37,100,103,113,40,0,0,0,0,0,21,23,50,22,14,49,49,0,0,0,688,1135022,0.000606156,0.060615565,4.06
X,319b815afe9c41888140c0b531a9fc50,0,48,25,13,30,22,40,0,0,21,0,0,37,23,32,35,31,26,46,0,0,52,0,0,481,1135022,0.00042378,0.042378033,4.04
X,31b6d495db332a8725a67e6cba15865c,36,106,130,13,100,135,139,151,151,25,26,31,54,31,24,93,164,50,37,153,107,0,32,12,1800,1135022,0.001585872,0.158587234,4.16
X,3219fac0eea51eba98fc10c81c4af213,0,22,25,0,0,66,0,65,136,12,0,0,14,0,19,68,61,19,29,107,58,0,0,0,701,1135022,0.000617609,0.061760917,4.06
X,32f6a823e61daf1b06a32cb8824a4325,60,107,0,37,0,75,84,0,65,0,20,56,53,96,83,0,0,63,47,48,41,205,95,108,1343,1135022,0.001183237,0.118323698,4.12
X,342f3da9819ce1f5ff8e569649277d59,0,29,16,0,0,36,20,42,20,5,0,12,35,29,0,0,0,0,0,0,0,0,0,0,244,1135022,0.000214974,0.021497381,4.02
X,34e6ea53f84ecdc24739d097afc5e7fb,0,0,19,0,0,35,18,19,18,35,0,23,31,0,27,0,0,0,0,15,0,0,0,0,240,1135022,0.00021145,0.021144965,4.02
X,34f92f6e28930dba2a1dc876a78d4915,46,36,0,0,0,0,70,0,59,20,0,29,61,0,0,123,0,93,139,145,167,0,0,0,988,1135022,0.000870468,0.087046771,4.09
X,35476e9d8c7734606ffc7dd09a5e2942,0,15,17,0,0,0,35,10,0,33,0,14,30,19,22,0,0,0,0,0,30,46,40,0,311,1135022,0.000274003,0.02740035,4.03
X,35845519e75ee6d9432c24a8975e4dbc,40,47,55,0,34,73,20,64,40,0,0,0,0,0,23,42,81,19,54,38,22,0,0,0,652,1135022,0.000574438,0.05744382,4.06
X,378ebc49aa43ea5c4d8eec8c50c0bb94,0,0,59,0,0,0,56,0,0,14,0,43,39,21,0,20,22,0,0,12,26,0,0,0,312,1135022,0.000274885,0.027488454,4.03
X,38497c998beab005fb77308d7da4bc91,0,0,21,0,33,83,32,0,14,0,22,60,13,0,0,36,0,28,22,20,29,9,0,0,422,1135022,0.000371799,0.037179896,4.04
X,384cc1ed47f9717cbaf2e9985e2576dc,38,0,56,0,53,51,43,93,42,0,0,0,0,0,36,0,0,0,70,64,0,0,0,0,546,1135022,0.000481048,0.048104794,4.05
X,3852523902b72b40a7621775d8aa9435,14,35,0,0,0,16,0,0,0,53,0,0,56,31,0,0,0,46,39,0,42,43,42,33,450,1135022,0.000396468,0.039646809,4.04
X,38c4d4d8a675313ae6639259f00ff97c,111,94,137,0,90,165,101,191,159,131,29,86,120,108,114,121,94,64,90,111,85,34,71,50,2356,1135022,0.002075731,0.207573069,4.21
X,392d199c17fd63f7a79eea2cdbfe87f0,175,254,227,77,233,200,246,205,297,193,65,282,311,286,94,215,155,195,225,226,146,177,175,209,4868,1135022,0.004288904,0.428890365,4.43
X,3a9cb06d27bd7df10538cbab8de97293,23,0,49,9,0,53,62,30,42,39,25,44,78,56,0,18,17,0,0,0,0,0,47,0,592,1135022,0.000521576,0.052157579,4.05
X,3aca17ea1d41cc369fd7e2b3d124d312,0,0,0,8,0,0,0,0,0,15,30,15,23,0,0,0,8,0,22,0,0,18,17,17,173,1135022,0.00015242,0.015241995,4.02
X,3b2cd93d269ccb3d848124cbe197a98c,54,64,46,32,80,94,139,108,47,52,11,41,109,55,86,65,61,35,42,9,97,85,56,57,1525,1135022,0.001343586,0.134358629,4.13
X,3b38999bdbf762d48005d1e4f7a5de40,275,392,199,117,241,194,339,309,304,166,29,141,321,305,228,413,352,491,304,167,264,991,809,814,8165,1135022,0.007193693,0.719369316,4.72
X,3c1801326a1ee64b174b5b420cf81f4a,0,0,0,9,23,28,0,0,0,0,0,17,20,59,28,0,12,0,0,0,0,14,18,36,264,1135022,0.000232595,0.023259461,4.02
X,3cf57b67f0f80276682fdd07686a6eff,35,15,0,0,57,0,59,29,23,21,0,0,0,48,0,26,46,0,0,21,0,48,67,134,629,1135022,0.000554174,0.055417428,4.06
X,3d76e6900f7026dd37efd85e68cb9e7c,0,0,0,0,61,55,18,0,0,60,0,0,52,19,40,0,16,79,35,0,52,46,10,54,597,1135022,0.000525981,0.052598099,4.05
X,3d8a3f9745dc9eaf84963ec99d125d84,16,38,59,0,36,42,183,72,53,27,0,15,98,49,23,87,30,21,49,58,65,0,16,24,1061,1135022,0.000934784,0.093478364,4.09
X,4001ebba692619127ba73cb0e0893060,38,36,0,24,102,38,131,46,42,41,23,111,100,93,67,0,0,35,64,0,41,71,89,69,1261,1135022,0.001110992,0.111099168,4.11
X,4017068a951170606948e850bd9fbd30,807,1619,1064,308,1303,1148,2127,811,997,693,274,965,990,1028,657,1136,1007,1039,1014,428,981,2306,1601,1709,26012,1135022,0.022917617,2.291761746,6.29
X,40fa96a2f7fc7b939f5eb0d52d7e5b3c,0,10,24,0,26,64,13,63,66,70,0,0,38,46,37,21,46,0,0,19,0,0,0,0,543,1135022,0.000478405,0.047840482,4.05
X,41772f5cba416fa7a1936368b92803fb,5,0,0,0,49,70,45,83,104,38,0,68,66,47,56,0,51,16,23,54,0,0,0,0,775,1135022,0.000682806,0.068280615,4.07
X,41f18ddfb0faf41179008f633a1c69f7,22,30,11,0,24,0,12,0,29,17,0,0,0,12,0,0,0,0,22,27,0,59,41,37,343,1135022,0.000302197,0.030219679,4.03
X,41f205eab60ecb7fdbf8841ba52ad69e,34,75,139,20,50,132,132,42,72,36,0,49,105,86,74,69,0,0,57,43,76,35,49,39,1414,1135022,0.001245791,0.124579083,4.12
X,424044e944610d8acafa32952718957d,0,16,57,0,0,44,7,24,37,0,0,18,13,0,27,0,0,0,0,0,14,0,0,0,257,1135022,0.000226427,0.022642733,4.02
X,42ebf1fbb8dc9c2a59a522951af7c89c,49,72,0,0,49,0,71,0,0,0,0,0,0,0,0,28,21,53,67,0,39,178,78,199,904,1135022,0.00079646,0.079646033,4.08
X,433c1fba6eff1395051c91936c2a53a4,5,7,7,0,0,7,8,9,6,6,0,0,0,0,0,7,0,7,0,6,7,14,7,8,111,1135022,9.77955E-05,0.009779546,4.01
X,4351d2689ebb61f85de63d886ea4c309,273,458,513,153,746,739,601,457,491,315,87,454,545,461,407,65,270,213,277,227,154,558,446,505,9415,1135022,0.008294993,0.82949934,4.83
X,43c9e86409734b832125a67753d9b6ab,140,232,106,99,305,182,174,208,218,272,47,145,310,202,344,74,245,230,243,95,309,243,403,240,5066,1135022,0.00446335,0.446334961,4.45
X,43e7568ca9f141c79b1104cc520c679f,5,9,19,0,0,15,13,31,0,0,0,9,8,4,4,17,14,0,6,29,19,0,0,0,202,1135022,0.00017797,0.017797012,4.02
X,43edc72eab30473b6d77ae8f89b43379,27,52,89,7,70,193,97,133,141,0,17,59,55,21,59,53,77,43,55,73,67,14,53,13,1468,1135022,0.001293367,0.1293367,4.13
X,4417ecc7507040687f59c27ab492fb87,48,147,394,20,108,248,107,60,190,255,99,222,380,142,268,51,64,38,94,135,64,14,36,22,3206,1135022,0.002824615,0.282461485,4.28
X,4458280dec92601aeb5872159cd10485,36,25,0,0,0,0,52,143,37,13,0,0,0,0,0,0,0,46,0,35,0,18,79,21,505,1135022,0.000444925,0.04449253,4.04
X,449d138904cecd3293dd6b94ebf6e210,0,32,0,0,63,0,0,13,28,7,12,135,0,38,22,0,0,0,0,23,0,0,0,0,373,1135022,0.000328628,0.032862799,4.03
X,44f304c5821e9efeb48bdf9f0bd82191,0,30,0,0,36,90,54,56,64,0,7,0,0,19,31,26,42,15,38,50,51,0,0,0,609,1135022,0.000536553,0.053655348,4.05
X,4536c1e5c27dd714898fe3f1b05b9bb2,0,0,0,0,0,0,0,55,81,77,0,116,193,132,0,27,0,27,0,91,46,0,0,42,887,1135022,0.000781483,0.078148265,4.08
X,45a9db0e9b18fda14379dfa2554ff370,166,187,107,123,137,92,177,0,0,147,0,0,221,0,71,0,0,0,150,0,90,259,244,318,2489,1135022,0.002192909,0.219290904,4.22
X,45d4963bdf8ca919a6dc6bd7d3e1696c,145,441,228,41,238,204,233,200,271,164,43,183,316,235,230,106,180,152,210,56,246,275,330,607,5334,1135022,0.004699468,0.469946838,4.47
X,467b1e4e70e3189aa1c29dd5d1426ec4,27,84,36,14,119,44,210,86,57,55,0,49,64,71,84,19,0,47,38,0,0,114,33,94,1345,1135022,0.001184999,0.118499906,4.12
X,475466b882ed396887ccb3af92e5cccc,0,41,122,0,55,154,111,290,95,0,0,22,0,19,16,61,52,0,21,56,37,0,0,20,1172,1135022,0.001032579,0.10325791,4.10
X,4821dee57a629564493ff191d3cbf9b4,88,123,150,13,86,113,191,61,110,51,32,71,93,90,79,218,205,200,421,284,458,35,59,70,3301,1135022,0.002908314,0.290831367,4.29
X,48cbefde19001137abb8b7976cf711e0,14,0,15,0,0,0,17,0,12,0,0,25,17,26,11,0,0,12,16,6,0,0,0,16,187,1135022,0.000164755,0.016475452,4.02
X,48e665141691a28bc90fb9f37cbc09c2,150,279,257,123,326,467,336,314,268,129,31,191,430,198,263,162,282,160,220,273,194,256,271,313,5893,1135022,0.00519197,0.519196985,4.52
X,48fb88caf2671016c7c9f0bfca30b52e,19,0,0,0,23,94,0,142,77,12,0,0,59,11,49,51,121,32,0,63,25,0,26,0,804,1135022,0.000708356,0.070835631,4.07
X,49aab1235622e13b92c1dc8c22a2f5b3,0,5,32,0,19,65,40,30,41,0,0,0,0,11,0,29,13,6,11,0,0,0,0,0,302,1135022,0.000266074,0.026607414,4.03
X,49abb1b29dc3b24cc71d018f98c3e82b,5,21,72,0,16,0,23,43,23,0,0,0,0,25,0,13,19,15,16,0,18,0,0,0,309,1135022,0.000272241,0.027224142,4.03
X,49b67952aac13a185a1cb1e63ab1ceb4,0,10,19,7,14,14,44,0,4,0,10,64,26,77,11,0,0,0,0,0,5,0,0,0,305,1135022,0.000268717,0.026871726,4.03
X,4b7c868af146d3de677b92c516b49db2,74,0,70,0,0,0,19,41,49,0,0,0,37,0,27,57,14,62,31,0,35,0,0,0,516,1135022,0.000454617,0.045461674,4.05
X,4cb7ca2bdf65e41f6324ac10e5160606,27,0,0,0,30,33,55,50,54,0,0,0,0,0,0,8,87,36,47,20,81,0,68,0,596,1135022,0.0005251,0.052509995,4.05
X,4d58f5f6c5b0c7cef447775e8316a763,102,255,349,0,304,439,386,398,246,52,0,88,129,112,192,97,48,0,0,82,51,71,85,66,3552,1135022,0.003129455,0.312945476,4.31
X,4d6201fb420d647c32ea0cd582ef338d,18,27,20,0,47,0,41,0,0,0,18,0,49,0,58,74,24,0,23,0,27,18,76,44,564,1135022,0.000496907,0.049690667,4.05
X,4f0c090701b32c7167242573945c9834,6,0,16,0,0,0,0,18,15,53,4,29,30,7,13,0,0,7,5,0,6,0,0,0,209,1135022,0.000184137,0.01841374,4.02
X,4f7c7554db591b7f5df83ffb72ebce7a,0,18,36,0,9,28,21,52,18,0,0,0,0,0,0,27,25,0,0,25,0,0,0,0,259,1135022,0.000228189,0.022818941,4.02
X,5010e21d06c7a18a1443ff214d2bc51b,33,48,42,0,95,49,89,43,63,37,0,61,67,77,60,46,49,0,37,0,29,13,43,36,1017,1135022,0.000896018,0.089601787,4.09
X,502fec88bf56ea7030b364c25e281df8,26,61,0,0,105,0,60,0,30,47,0,57,25,42,24,0,0,0,0,0,0,157,38,53,725,1135022,0.000638754,0.063875414,4.06
X,5461cbec86382de4f99ac81bfd6293cb,166,184,147,0,162,316,302,263,255,35,27,48,119,92,202,103,211,141,115,65,249,89,248,59,3598,1135022,0.003169983,0.316998261,4.32
X,5596a5820056253298dbb0affab97752,0,0,27,0,0,31,19,26,29,0,0,0,0,0,7,24,22,7,0,0,9,0,0,0,201,1135022,0.000177089,0.017708908,4.02
X,55c7c0d737d24bfc81d7e8fa4ad2f20a,0,0,0,37,37,0,28,0,0,78,0,0,28,0,0,0,0,0,18,0,30,49,71,58,434,1135022,0.000382371,0.038237144,4.04
X,56118cf5e72a74e430e0bb9806212e0f,0,0,33,0,28,93,28,74,54,14,0,14,0,0,0,12,27,0,0,88,0,0,0,0,465,1135022,0.000409684,0.040968369,4.04
X,564e42cdcfd64c8d404a8a8cc74709f2,0,17,46,16,25,0,0,15,36,0,0,33,35,0,0,0,0,0,23,0,0,71,45,22,384,1135022,0.000338319,0.033831943,4.03
X,5657df2da8a1d5ff253962dea9523523,0,0,28,0,0,20,19,14,0,11,0,11,34,0,10,0,18,0,9,25,0,0,0,0,199,1135022,0.000175327,0.0175327,4.02
X,56a4624e6a9dddf7d20682e53b2a49c1,79,85,68,39,124,0,32,61,17,14,0,82,85,135,36,21,34,56,39,25,55,0,127,137,1351,1135022,0.001190285,0.11902853,4.12
X,56a907d9d1b605167806a1cae69ec68b,11,8,16,0,0,14,5,65,29,9,15,0,0,0,5,34,0,4,8,148,5,0,13,0,389,1135022,0.000342725,0.034272463,4.03
X,56b67247101ead27f1204a5f1db0f0be,24,0,50,0,30,31,0,30,28,0,0,17,0,0,0,11,0,0,15,18,0,0,22,0,276,1135022,0.000243167,0.024316709,4.02
X,56c5c190e897f53539787c40eeac8d21,0,0,0,0,43,37,0,22,0,0,0,12,21,0,17,0,46,0,24,10,25,12,0,0,269,1135022,0.000237,0.023699981,4.02
X,574a6d8a4a9e23f799340bb050914c84,0,0,0,17,38,23,62,72,29,0,0,0,36,0,0,72,52,33,47,0,77,0,0,0,558,1135022,0.00049162,0.049162043,4.05
X,5752404c3a16ac47581e5f471ede4652,58,91,0,0,63,0,0,0,51,0,0,0,58,74,92,0,63,132,46,0,0,111,0,87,926,1135022,0.000815843,0.081584322,4.08
X,5753e2e978be831e0069b6a3a76862c8,210,232,139,92,375,218,176,241,347,73,44,250,109,186,122,75,143,222,228,176,265,567,302,589,5381,1135022,0.004740877,0.474087727,4.47
X,58540ccde4dec965024c3ea4439cbb6b,218,288,155,96,200,123,161,108,121,106,52,150,237,176,170,194,173,208,193,63,173,279,251,272,4167,1135022,0.003671294,0.367129448,4.37
X,58ab4d14465fb08d1359d21641b18776,143,193,46,29,155,54,140,0,33,164,76,153,113,53,58,141,61,101,258,51,192,251,227,126,2818,1135022,0.002482771,0.248277126,4.25
X,5902a635fbbaa70769045e37ef1bb20b,0,33,32,11,45,39,52,0,58,31,0,18,0,22,30,31,35,31,27,18,24,0,34,0,571,1135022,0.000503074,0.050307395,4.05
X,5958fd2b7ec972907e061e8f4d0c49b8,26,0,63,0,11,100,18,65,73,0,4,0,0,0,22,14,19,0,21,56,0,0,0,0,492,1135022,0.000433472,0.043347177,4.04
X,595c8b8e312c12524cc06f2b7fda2a76,0,0,23,0,23,29,22,53,19,0,0,0,0,0,0,29,31,11,13,25,13,0,0,0,291,1135022,0.000256383,0.02563827,4.03
X,5a7c85d39e6fe84bdaa0bdfb9c3e22d9,83,176,450,14,139,291,151,174,280,64,37,146,197,65,143,138,161,76,126,245,103,71,47,84,3461,1135022,0.00304928,0.30492801,4.30
X,5b824059f35b2d1a22e2ce26ab79ede0,27,27,0,0,0,108,28,134,62,0,0,0,0,9,0,0,57,24,0,91,0,0,0,0,567,1135022,0.00049955,0.049954979,4.05
X,5ba1ab9b747ad569ef160c824f165e27,91,0,0,36,49,66,97,0,0,0,0,0,0,0,0,45,67,0,38,0,58,0,46,0,593,1135022,0.000522457,0.052245683,4.05
X,5c38e760f9f3be7306ed0cdd355c5df0,0,0,0,0,24,35,29,74,49,0,0,0,0,0,0,22,35,26,0,41,36,0,0,0,371,1135022,0.000326866,0.032686591,4.03
X,5d15728d36a679257babb9cd13b29a99,24,0,0,0,40,0,29,0,24,41,0,0,38,48,41,26,36,27,0,34,0,45,54,43,550,1135022,0.000484572,0.048457211,4.05
X,5d9180880af9854c6372832cdeb3d320,0,30,24,32,100,0,69,88,0,17,0,0,0,0,0,78,79,40,33,0,44,0,12,0,646,1135022,0.000569152,0.056915196,4.06
X,5e50faa5e834afc75cf246f413e9e886,0,0,32,0,19,44,50,162,34,0,0,0,0,0,0,52,60,17,35,94,40,0,0,0,639,1135022,0.000562985,0.056298468,4.06
X,5fccfd623e685ed174c4cf98730cada5,86,69,85,35,61,45,30,24,33,98,20,45,153,66,85,27,82,51,91,70,68,37,105,73,1539,1135022,0.001355921,0.135592085,4.14
X,604e2b20bf3bb89d005094a212767a8c,0,116,100,29,71,117,150,119,89,73,31,97,120,101,125,107,77,63,64,54,99,77,69,0,1948,1135022,0.001716266,0.171626629,4.17
X,610bee17f344fdf3fa3c21ee93bda2b1,24,41,43,0,26,41,38,0,31,0,10,26,28,0,25,24,25,20,10,29,28,0,15,0,484,1135022,0.000426423,0.042642345,4.04
X,612b65b15d2a64e55bef0a6f28a0f7d0,201,374,59,133,260,460,465,588,507,259,71,255,249,168,179,343,257,199,300,254,200,192,194,322,6489,1135022,0.00571707,0.57170698,4.57
X,61563a869a19edbc5b2ca07ce6be59dd,0,67,0,0,33,19,45,14,46,0,0,37,59,0,0,79,58,62,45,43,89,0,0,0,696,1135022,0.000613204,0.061320397,4.06
X,622f82cb77c0053f9260cc95a3a8a6d9,480,1166,795,147,678,1102,1172,606,857,458,141,985,857,1292,879,126,661,501,972,406,700,1600,1242,1520,19343,1135022,0.01704196,1.704196042,5.70
X,62970cdab801fc6571c0935006126aaf,178,151,108,226,285,180,315,481,347,168,0,0,211,151,239,253,264,160,85,95,234,263,512,839,5745,1135022,0.005061576,0.50615759,4.51
X,62b43007218a31c5920fafc6c005db34,35,50,22,0,27,0,0,8,11,24,0,0,31,8,28,16,28,31,28,0,36,42,58,35,518,1135022,0.000456379,0.045637882,4.05
X,6335726bf151d2c937052be99d617534,50,63,0,31,85,31,68,68,0,75,0,35,115,34,42,100,67,176,102,35,258,0,93,0,1528,1135022,0.001346229,0.134622941,4.13
X,6353e8e4d6f3a1c8050935f433252dec,0,260,254,28,191,300,506,255,154,98,88,250,268,189,296,64,100,0,85,43,77,0,107,37,3650,1135022,0.003215797,0.32157967,4.32
X,63552328df300b1aa1ab40bf7b49911f,160,151,16,23,0,41,0,16,47,56,0,31,138,35,133,46,65,54,90,32,89,238,187,50,1698,1135022,0.001496006,0.149600624,4.15
X,636b8291108f765220c716517342c27f,0,12,36,0,20,9,20,18,0,32,0,0,43,0,10,0,19,0,15,0,0,0,0,0,234,1135022,0.000206163,0.02061634,4.02
X,63945242997d77d36942527575a8a99d,0,0,0,8,0,17,27,0,25,0,0,11,19,0,21,24,20,25,43,0,0,60,46,0,346,1135022,0.00030484,0.030483991,4.03
X,6435305917df1cdda1015c6d8671f88b,0,61,61,0,53,133,129,24,110,0,0,94,42,0,0,0,25,0,0,0,0,0,0,0,732,1135022,0.000644921,0.064492142,4.06
X,6551d66ef2c110d584d8e0dd397daf43,0,0,17,0,0,29,16,32,16,0,0,0,10,0,0,32,33,0,0,20,25,0,0,0,230,1135022,0.000202639,0.020263924,4.02
X,665eb4845976f3eca53f97f29c4cf09f,0,41,14,0,0,0,23,0,0,0,0,24,17,19,20,0,0,0,0,0,0,137,41,57,393,1135022,0.000346249,0.03462488,4.03
X,669306af7642adbf5fdb5657a2ac5ee1,0,15,11,0,16,0,0,0,19,16,9,0,0,5,11,14,27,0,16,0,0,0,5,7,171,1135022,0.000150658,0.015065787,4.02
X,66d2b628187f8fa3b00f5c3628cc161d,63,55,27,0,0,34,0,29,46,63,18,0,118,38,69,33,35,35,46,0,52,156,87,153,1157,1135022,0.001019364,0.10193635,4.10
X,67d3747ee84f037e226b915881038a66,25,21,0,0,17,0,24,0,10,0,0,20,24,0,0,0,21,0,15,0,17,0,33,0,227,1135022,0.000199996,0.019999612,4.02
X,67ee5b631e8da81d3a65a8558efa7b72,20,18,28,0,0,38,68,85,31,0,0,0,0,0,0,58,79,27,0,58,0,0,0,0,510,1135022,0.00044933,0.04493305,4.04
X,67ee89cc3d383651ba4c87867ec6fb78,90,220,62,0,294,354,509,285,401,16,49,172,58,112,86,223,226,110,167,281,215,67,19,14,4030,1135022,0.003550592,0.355059197,4.36
X,68df9aa146fbc58badd2b90fed67eb26,0,37,92,0,38,147,95,115,144,52,38,64,95,60,0,62,89,18,34,67,58,0,0,22,1327,1135022,0.00116914,0.116914033,4.12
X,68f21ace326fd6c1293286eaf7184417,0,0,82,38,57,45,39,71,47,0,0,51,0,0,0,0,62,38,55,73,41,46,76,89,910,1135022,0.000801747,0.080174657,4.08
X,691030e2d6a922bcfaa876be65c5f445,0,13,0,0,0,62,0,47,60,0,0,9,10,0,11,0,0,9,7,43,40,0,0,0,311,1135022,0.000274003,0.02740035,4.03
X,69a25cf370444b4f31c5747eb160978b,23,24,0,10,56,0,22,0,0,0,0,0,0,0,0,0,0,25,24,0,33,48,44,21,330,1135022,0.000290743,0.029074326,4.03
X,69f1ac22a000b2366134834c72015fdd,0,39,44,0,0,89,86,0,50,0,0,66,32,12,52,0,0,0,28,0,0,0,0,0,498,1135022,0.000438758,0.043875802,4.04
X,69f38f9e79867a0a88b172de2543b59d,331,343,328,167,459,437,454,305,445,389,127,398,536,282,337,437,160,422,484,231,334,296,444,364,8510,1135022,0.007497652,0.749765203,4.75
X,6a1917bd9c036971a5d32dc23299b570,7,46,46,0,36,45,97,0,0,8,0,30,0,31,22,39,28,79,73,0,63,40,12,83,785,1135022,0.000691617,0.069161655,4.07
X,6a825d980a7de1a9314fb660c594bee7,0,42,64,0,0,0,29,0,52,45,46,16,53,44,63,75,110,57,41,47,31,62,68,44,989,1135022,0.000871349,0.087134875,4.09
X,6aa8c3772f804fd78ad94be19a04da63,0,49,31,0,0,14,47,0,0,63,0,19,42,137,52,0,31,0,0,0,25,0,36,94,640,1135022,0.000563866,0.056386572,4.06
X,6b11029a780b6fd78fc82ae5c77092d3,550,890,418,198,670,442,624,226,543,460,83,295,547,764,452,308,626,439,403,455,425,714,829,733,12094,1135022,0.0106553,1.065530007,5.07
X,6c1ed4312d03470a8323002ba1553e32,100,210,39,13,58,34,50,0,0,93,0,37,93,35,115,83,0,72,116,0,137,177,161,260,1883,1135022,0.001658999,0.165899868,4.17
X,6cf596d9f7f35025f21ec140b96aa9a6,176,173,95,0,128,88,71,77,77,85,0,332,154,83,110,30,137,138,103,69,62,404,249,230,3071,1135022,0.002705674,0.270567443,4.27
X,6d90fc9deadf01b322f40d7b5a0bf7d7,0,8,17,10,67,37,17,64,30,0,0,0,9,17,10,0,0,0,0,0,0,0,0,0,286,1135022,0.000251977,0.025197749,4.03
X,6ddb6ca13d5e22fb7808595926eceaec,140,130,35,113,78,0,0,0,45,38,0,0,56,0,0,0,55,108,89,0,37,263,168,450,1805,1135022,0.001590278,0.159027755,4.16
X,6e105f3f79341d4c6ac024b928786898,252,186,183,30,212,78,216,130,213,154,59,0,221,83,138,329,265,277,424,157,388,423,422,289,5129,1135022,0.004518855,0.451885514,4.45
X,6e93ba2bd97442f38b96bf7a8609843e,31,48,63,0,57,71,68,177,82,0,19,34,47,25,33,115,164,66,82,82,53,26,32,22,1397,1135022,0.001230813,0.123081315,4.12
X,6f1722d5bfda5781a3f7983e0a24f0dc,0,56,28,0,9,10,0,0,0,0,0,9,27,0,28,0,0,0,0,0,0,47,31,21,266,1135022,0.000234357,0.023435669,4.02
X,7079566bd1959d62ea1c7923159b7a3d,46,78,26,6,51,25,51,42,26,15,0,0,32,0,40,167,160,92,221,58,125,17,33,18,1329,1135022,0.001170902,0.117090241,4.12
X,70d797be773299386054192dc78a5e01,42,0,91,0,0,59,0,81,0,0,0,56,0,0,0,53,46,40,39,90,51,0,0,0,648,1135022,0.000570914,0.057091404,4.06
X,714d60bd4480ed3b0eab40b3ad545ba9,0,85,0,0,26,22,0,0,23,27,0,0,31,30,31,20,0,0,0,0,10,36,37,80,458,1135022,0.000403516,0.040351641,4.04
X,71b158f33f6e5593f0d08f95907f45b8,31,0,43,0,78,54,71,253,90,0,0,0,63,0,0,101,141,68,49,81,116,0,0,0,1239,1135022,0.001091609,0.10916088,4.11
X,722ca2f7dd4cfcfd70770de0b04e21bf,110,153,29,0,35,0,0,14,51,28,35,0,59,0,23,36,78,46,44,0,79,162,58,37,1077,1135022,0.00094888,0.094888029,4.09
X,72b9fd906c292337502380e5e81016dc,0,18,21,0,41,78,24,49,41,0,0,0,0,0,0,66,0,0,0,50,37,0,0,0,425,1135022,0.000374442,0.037444208,4.04
X,72dc981aafcca2d9940db8b121163524,27,83,0,0,0,33,64,0,45,77,0,60,65,85,45,0,37,50,0,0,37,50,0,48,806,1135022,0.000710118,0.071011839,4.07
X,735e187360fdf25275eaef881190740e,134,104,72,0,71,74,97,55,108,165,27,94,158,85,136,96,78,166,102,89,143,284,68,148,2554,1135022,0.002250177,0.225017665,4.23
X,7379cb1eb04cbde0c10f7375d914e6bc,290,326,103,32,88,138,230,33,73,335,134,327,256,194,126,56,211,666,880,342,585,246,310,346,6327,1135022,0.005574341,0.557434129,4.56
X,73cc351d044ed1f086350eb35945b662,94,0,54,30,157,52,67,125,94,123,73,53,97,98,131,23,134,125,55,138,96,76,160,93,2148,1135022,0.001892474,0.189247433,4.19
X,749bdfd49d5482e24016ed5eef1cd9e2,33,116,0,0,0,49,101,50,27,40,0,0,33,0,23,96,97,134,97,49,142,36,34,23,1180,1135022,0.001039627,0.103962743,4.10
X,74d2af17686e6f39a9d3adaec853df05,0,0,0,11,34,0,0,0,0,22,0,77,16,8,8,0,0,0,0,0,0,60,23,20,279,1135022,0.00024581,0.024581021,4.02
X,75cac7ae6fbcbb7817a14f6772f94924,177,233,146,34,203,92,58,151,143,116,17,206,254,224,253,45,93,51,52,67,84,329,254,377,3659,1135022,0.003223726,0.322372606,4.32
X,7610c71ec6589c708edd0bd55497fcde,0,16,9,0,0,0,0,28,12,0,0,0,0,9,0,10,0,4,6,0,0,8,8,0,110,1135022,9.69144E-05,0.009691442,4.01
X,767dac15435346bed392cc943aa325ea,51,237,411,49,214,327,341,204,383,61,0,61,148,45,203,112,201,0,94,210,126,151,92,86,3807,1135022,0.00335412,0.335412001,4.34
X,77599677762880ea8751ee5415827be2,55,0,55,0,29,47,0,0,0,0,0,0,0,0,0,0,0,101,57,0,94,54,74,65,631,1135022,0.000555936,0.055593636,4.06
X,7814437b40796fd8f61a101560bfe4b4,0,62,0,18,41,56,0,0,42,0,0,31,18,18,0,20,39,17,0,0,65,55,31,25,538,1135022,0.000474,0.047399962,4.05
X,7827aba066e2364e6e5bc2e48f5f8c86,18,17,0,0,47,79,109,66,46,0,0,40,19,0,48,29,74,0,0,235,35,0,14,13,889,1135022,0.000783245,0.078324473,4.08
X,784349e477e08340ba4fe07545d1525c,0,19,55,0,0,30,15,83,56,0,11,17,31,0,0,0,0,0,0,42,0,0,0,0,359,1135022,0.000316293,0.031629343,4.03
X,787c7e53503496792dbcfa585c388b9b,146,272,163,68,108,226,261,83,134,217,123,276,146,209,109,239,78,251,430,79,284,244,208,297,4651,1135022,0.004097718,0.409771793,4.41
X,78faab4772ab5a607f822f8e7bfbc0e6,130,47,0,41,189,61,38,0,50,45,0,354,120,96,0,0,25,0,41,0,53,193,126,97,1706,1135022,0.001503055,0.150305457,4.15
X,7921fceb720af59c47c28c493d8d91a7,23,79,41,20,50,66,73,0,38,12,19,116,34,66,39,7,13,0,0,0,0,71,178,110,1055,1135022,0.000929497,0.09294974,4.09
X,7a0d045062b12c073c5e34dec03ae7b7,0,20,25,0,29,21,23,16,24,0,0,10,0,0,0,26,0,7,0,18,0,0,0,0,219,1135022,0.000192948,0.01929478,4.02
X,7a0edff496f00bba213827ea5e7702a2,22,44,20,19,22,29,33,34,0,0,16,27,22,32,28,0,0,0,0,0,0,24,21,24,417,1135022,0.000367394,0.036739376,4.04
X,7b0335adb8b862e1931aed516d897807,23,19,0,0,39,48,0,0,0,36,0,27,28,31,25,51,30,71,88,92,78,100,79,35,900,1135022,0.000792936,0.079293617,4.08
X,7c5e43b67baf767b7e3dbfc961596180,341,505,222,230,283,260,388,338,231,192,51,100,173,240,258,88,72,84,102,0,36,798,605,984,6581,1135022,0.005798125,0.57981255,4.58
X,7c60a851ed6e1b3a0246fc84bc81472d,0,54,0,16,50,49,68,41,0,54,0,56,91,0,48,19,36,0,0,0,0,0,56,25,663,1135022,0.00058413,0.058412965,4.06
X,7c6a64214d1fa88361e42be5789fc416,147,61,0,62,43,19,22,24,48,0,0,20,0,30,53,34,66,67,61,37,0,103,149,184,1230,1135022,0.001083679,0.108367944,4.11
X,7c7c7761ed1d350dd250d3bf1f131073,44,61,90,0,121,116,235,359,182,63,36,65,61,51,92,241,191,74,64,290,185,14,22,0,2657,1135022,0.002340924,0.234092379,4.23
X,7cbdfe9053b27e5811adf2156d63e127,68,78,68,0,66,23,37,33,63,74,54,70,56,157,54,31,0,45,24,20,39,239,72,92,1463,1135022,0.001288962,0.12889618,4.13
X,7d252b1446a364a999c53c970a66489b,0,0,116,0,28,110,63,155,95,0,0,0,28,0,26,80,86,0,0,0,0,11,38,0,836,1135022,0.00073655,0.07365496,4.07
X,7d6d1d8113ec7f891d27d8391df66411,12,48,45,0,24,0,24,18,29,0,8,27,20,27,26,21,0,12,0,25,12,47,28,38,491,1135022,0.000432591,0.043259073,4.04
X,7d95d8417564fd29645c9844a7908af6,82,142,70,0,41,0,89,50,66,42,0,38,162,79,47,0,0,17,0,38,0,142,33,85,1223,1135022,0.001077512,0.107751215,4.11
X,7da1299ab8186f27f3398521ade85763,0,60,0,0,0,29,82,0,0,0,21,68,55,0,0,26,0,0,29,0,23,67,0,0,460,1135022,0.000405278,0.040527849,4.04
X,7e7faa5b3c2d481a8eb03e62fabfed12,72,0,84,0,32,74,51,0,0,23,0,81,64,0,37,0,22,0,0,0,26,96,0,71,733,1135022,0.000645802,0.064580246,4.06
X,7e86b48094ed01076711799df43ea9cd,0,48,0,0,49,35,0,83,39,44,0,70,95,0,37,46,40,62,70,112,36,0,32,0,898,1135022,0.000791174,0.079117409,4.08
X,7f8879f54cceba4878e0666428f37d0a,78,21,53,41,137,55,0,46,80,43,0,52,122,0,0,58,92,0,47,0,58,323,73,150,1529,1135022,0.00134711,0.134711045,4.13
X,7fbcbf060cc20ed43ec136d96a8f5765,13,49,0,0,28,27,25,0,25,29,0,39,43,52,27,44,63,45,50,101,62,0,0,15,737,1135022,0.000649327,0.064932662,4.06
X,80f937741179ac587bd1e4de3f6f77a9,53,36,25,17,23,20,26,19,22,12,0,32,27,16,25,16,12,0,0,0,12,0,29,58,480,1135022,0.000422899,0.042289929,4.04
X,815441e55a0ea6cec04bc18f890a100d,375,570,275,64,409,467,296,395,241,285,49,247,471,338,294,275,357,199,360,197,515,379,464,484,8006,1135022,0.007053608,0.705360777,4.71
X,817c612f28169a4e2386b13f2b8f3305,71,120,48,31,120,66,142,93,111,58,0,71,103,84,90,46,10,26,0,0,0,163,189,175,1817,1135022,0.00160085,0.160085003,4.16
X,82c60d272efb9668c7048b4fefd45fdf,0,17,0,0,0,12,14,0,23,0,21,77,83,49,0,0,0,33,0,10,25,42,15,26,447,1135022,0.000393825,0.039382497,4.04
X,83614ef7222308b36bf7151a842fdfa2,41,0,0,0,0,0,279,104,0,80,0,0,0,0,0,404,133,0,64,0,175,193,462,406,2341,1135022,0.002062515,0.206251509,4.21
X,83805be70aece30df0d0e78d719d7a63,22,33,0,0,51,42,40,54,45,16,0,13,16,10,20,30,55,38,51,50,22,13,17,28,666,1135022,0.000586773,0.058677277,4.06
X,83d0fb5233cd558505090b596065ef56,0,0,0,0,22,14,41,0,0,29,0,0,0,22,21,28,14,0,17,0,30,16,0,9,263,1135022,0.000231714,0.023171357,4.02
X,845be08d6ae6d3073a24d790fab9962a,87,196,262,41,125,241,228,119,178,224,34,333,377,467,203,110,99,118,41,0,184,103,260,179,4209,1135022,0.003708298,0.370829817,4.37
X,84bcf042e3a9faf5a79ebeb6b4cc2284,13,17,0,0,0,11,0,0,0,13,0,0,22,14,17,16,0,0,24,19,0,0,12,23,201,1135022,0.000177089,0.017708908,4.02
X,856c2f52e9359dd3b4ee1dbe2819ccf6,103,103,54,42,72,37,63,57,66,55,0,64,143,89,41,71,56,71,46,0,55,57,81,105,1531,1135022,0.001348873,0.134887253,4.13
X,86c049dbebf28346fbcab63b05dd7560,52,39,33,17,28,21,33,31,22,44,14,15,56,17,12,71,56,60,63,33,55,98,52,64,986,1135022,0.000868706,0.086870563,4.09
X,86c145c16f8bacf8a6ec3549a30d6990,9,42,0,0,13,11,25,0,28,9,0,0,0,25,67,0,0,0,0,0,0,41,49,61,380,1135022,0.000334795,0.033479527,4.03
X,86d737843e7fd3272b6af197ce45a71c,11,0,0,0,0,0,4,0,7,0,10,0,14,11,0,0,0,15,8,0,19,0,14,0,113,1135022,9.95575E-05,0.009955754,4.01
X,86e14dd85367bf944f87fb172a7697ea,0,20,30,0,68,0,37,43,24,0,0,24,20,0,0,33,56,0,0,58,24,0,0,0,437,1135022,0.000385015,0.038501456,4.04
X,87f80e1b75c17bba760e92b1f6969094,33,53,27,19,63,36,47,27,60,36,0,38,42,52,39,0,43,19,10,0,26,0,43,36,749,1135022,0.000659899,0.06598991,4.07
X,883fab469077b040e17e928577ed4a8a,0,8,18,0,9,10,8,0,5,7,0,0,0,0,0,0,11,7,0,0,0,0,10,0,93,1135022,8.19367E-05,0.008193674,4.01
X,8860791be9bea854d2b813e7200c00a8,0,0,69,0,48,0,35,0,80,103,0,0,37,0,0,21,0,21,26,0,0,0,85,0,525,1135022,0.000462546,0.04625461,4.05
X,88a6c91701cd7cbd73bff81f821a4d47,19,20,44,0,0,47,50,120,78,0,0,13,0,0,48,0,78,28,0,45,28,0,0,0,618,1135022,0.000544483,0.054448284,4.05
X,88fb15f05df086348963d416fa3f3077,0,0,28,0,52,36,39,0,30,0,0,17,0,0,0,33,58,10,13,35,33,0,0,0,384,1135022,0.000338319,0.033831943,4.03
X,891dc7c4bc5fbd51e97b9a0c110c6220,69,96,57,21,118,157,182,132,96,33,13,33,47,30,62,166,153,58,90,118,119,0,47,22,1919,1135022,0.001690716,0.169071613,4.17
X,891f4e188fadbc3661081d172cdc6b0d,104,565,1016,156,519,1805,1175,1121,991,224,177,529,451,307,442,367,373,164,208,690,442,67,86,151,12130,1135022,0.010687018,1.068701752,5.07
X,893acb6d6f7290c6849d4c803a77f7ba,25,105,65,31,35,49,105,13,59,30,29,162,105,114,42,72,38,50,106,88,65,75,51,130,1644,1135022,0.00144843,0.144843007,4.14
X,8a6a25bf1aef413f6cae7a6678383e23,29,23,19,14,0,27,27,0,28,0,0,0,0,0,0,0,0,16,17,0,0,0,30,28,258,1135022,0.000227308,0.022730837,4.02
X,8acf98e90b03c6e2b7cd8d66b96f76b0,20,13,0,0,0,9,10,0,0,0,0,0,22,20,16,11,12,11,12,0,0,25,10,9,200,1135022,0.000176208,0.017620804,4.02
X,8af9b72c1b3847562719d980e6cab6ef,77,130,240,12,154,316,150,515,115,23,32,133,158,72,137,103,212,26,133,187,117,29,73,38,3182,1135022,0.00280347,0.280346989,4.28
X,8cc92a17f049c226b3da5af42a046922,28,38,0,0,37,54,0,0,25,0,0,22,17,12,0,0,17,16,42,0,0,56,22,48,434,1135022,0.000382371,0.038237144,4.04
X,8d1b5098c19d452a16d54c3481b04b9b,0,17,29,15,13,0,0,0,9,0,0,14,0,24,0,12,0,0,0,0,0,15,27,0,175,1135022,0.000154182,0.015418203,4.02
X,8d208edaadfded1f5e11b203472a52e8,35,74,47,0,15,0,33,0,26,15,26,129,65,29,0,45,22,92,93,65,21,96,75,137,1140,1135022,0.001004386,0.100438582,4.10
X,8deaa2d22da68725c5999060b3f3d7dc,17,0,0,0,0,18,31,16,0,20,0,0,29,0,10,27,0,0,29,27,65,0,0,0,289,1135022,0.000254621,0.025462062,4.03
X,8e1fcedc470496e0a9beda003f27794e,0,69,0,23,77,100,38,123,81,22,0,33,30,0,88,40,98,28,40,45,61,35,0,25,1056,1135022,0.000930378,0.093037844,4.09
X,8eb8726ba6cbf89f7cbde776252e683b,0,0,0,0,0,48,16,0,25,0,0,47,44,39,31,13,19,12,0,20,0,0,11,0,325,1135022,0.000286338,0.028633806,4.03
X,8eeee86659d39d7697f96a115ec58955,0,38,0,0,23,39,34,0,26,0,0,35,0,0,0,38,0,0,35,0,23,25,26,41,383,1135022,0.000337438,0.033743839,4.03
X,8f90932836eec8eb89164f265ebd63f5,20,22,0,0,36,54,65,78,50,0,0,0,25,24,0,46,43,0,0,70,0,0,23,0,556,1135022,0.000489858,0.048985835,4.05
X,8fe082ca2a9e48e72fa4263990d308fc,0,19,0,0,50,33,0,83,45,0,0,0,0,0,15,48,0,0,0,54,28,0,0,24,399,1135022,0.000351535,0.035153504,4.04
X,903eefeee322e52d15e60cb18567a7b8,40,0,33,0,40,35,42,76,113,0,0,0,0,0,82,52,0,0,39,83,16,36,0,0,687,1135022,0.000605275,0.060527461,4.06
X,9068cc249fa74993dc04bcabb5b5412e,0,37,31,0,18,50,96,0,47,18,13,32,59,84,8,36,37,50,31,77,88,15,17,21,865,1135022,0.0007621,0.076209977,4.08
X,908a07db99a2fd499396734f0600a05d,0,24,33,0,25,36,23,23,16,15,13,0,21,16,0,38,0,26,0,0,0,0,32,31,372,1135022,0.000327747,0.032774695,4.03
X,90aca794c7e30b8a77e87f13ffc9a5cc,1287,2278,1139,464,2201,1713,2732,2388,1980,1438,596,2253,2631,1566,1446,2255,2043,2221,2322,2010,2206,1817,2067,2156,45209,1135022,0.039830946,3.983094601,7.98
X,90d91a0fb858cc9a96670532b6259785,0,73,98,0,63,0,36,38,118,28,42,272,75,147,84,0,0,7,0,32,0,13,30,0,1156,1135022,0.001018482,0.101848246,4.10
X,9135d7155bba0167c18abea1547e40a1,0,0,29,0,0,30,40,0,20,9,0,15,16,0,18,19,0,13,12,0,25,11,17,14,288,1135022,0.00025374,0.025373958,4.03
X,91c031ca66abf3247ada2df127f78fec,27,56,73,0,20,117,0,128,63,0,4,44,0,7,64,9,19,0,0,16,24,0,0,0,671,1135022,0.000591178,0.059117797,4.06
X,9214c8ae1d39f7b6cd90d07cde2582f6,33,157,39,29,163,325,191,293,199,77,41,130,84,102,93,42,92,25,132,150,89,0,27,63,2576,1135022,0.00226956,0.226955953,4.23
X,925393b9f7f11f90380be72f3221084b,0,0,74,0,0,125,83,113,50,0,21,35,98,0,0,23,0,12,21,53,0,0,0,0,708,1135022,0.000623776,0.062377646,4.06
X,92d1a7d25bc8fd9a67041099190d586a,50,46,73,34,42,42,16,81,0,0,13,0,16,18,0,38,0,23,38,0,61,30,33,61,715,1135022,0.000629944,0.062994374,4.06
X,92e99b44d3aeb745a3c8da93b4e15106,97,186,196,0,146,105,127,54,153,172,30,90,44,137,174,55,201,147,109,167,152,45,113,51,2751,1135022,0.002423742,0.242374157,4.24
X,9579a5f30c614e368b67f8feca65e1bb,0,0,0,0,0,35,0,57,24,0,0,0,18,11,0,0,72,33,0,31,36,0,41,0,358,1135022,0.000315412,0.031541239,4.03
X,95b7ca5420d297cd6aa607b4d70451ee,0,60,62,0,76,17,88,0,99,14,24,69,0,0,57,40,0,34,48,137,67,0,0,0,892,1135022,0.000785888,0.078588785,4.08
X,95d34d68ebc901006e2b053007a394be,0,0,30,0,34,59,0,51,63,22,0,44,37,30,35,0,46,0,17,86,18,0,0,0,572,1135022,0.000503955,0.050395499,4.05
X,96a9f76145d491a45ae6f37e5f000c32,0,54,0,0,117,0,71,119,96,0,0,0,0,0,25,135,38,89,86,78,89,0,26,0,1023,1135022,0.000901304,0.090130412,4.09
X,979d36c2bd41f74ccf53e33c5bfe05bb,64,140,77,42,294,93,157,47,104,194,56,236,192,144,0,0,0,63,58,0,39,75,187,144,2406,1135022,0.002119783,0.21197827,4.21
X,97a7fce8cdd13b1e08878a12b1ece4fd,92,0,43,0,107,65,40,48,65,32,17,0,88,10,0,72,30,51,103,72,95,0,0,20,1050,1135022,0.000925092,0.09250922,4.09
X,9914d8db34d1ba2e1b1d738debd628ed,20,0,0,6,34,0,0,0,0,16,0,0,21,0,0,23,0,13,10,0,36,0,10,0,189,1135022,0.000166517,0.01665166,4.02
X,99dcc006e4e9e32684001ad2b1fbae80,0,3,0,5,0,18,9,26,0,0,0,0,21,5,10,0,23,0,0,0,11,0,0,0,131,1135022,0.000115416,0.011541627,4.01
X,9a56d338601eed478baefaf441a46811,74,0,112,0,100,0,145,105,72,40,0,62,91,57,75,142,0,120,47,82,162,80,81,0,1647,1135022,0.001451073,0.14510732,4.15
X,9a8e4e8ffadc16a536dcc728c522ecd4,0,14,15,0,6,27,9,14,13,0,0,20,0,0,9,0,0,0,10,21,4,0,0,0,162,1135022,0.000142729,0.014272851,4.01
X,9af3467db68cf6063627304cecd46a65,45,54,70,20,65,169,125,198,146,59,15,29,18,48,42,96,344,55,30,61,37,29,38,28,1821,1135022,0.001604374,0.160437419,4.16
X,9af46ca9a2e9be167a4699576e46986e,13,17,0,20,0,0,0,0,27,0,0,14,30,0,0,0,15,0,0,0,29,26,21,0,212,1135022,0.000186781,0.018678052,4.02
X,9b3c83f0ce7d2ff29b69d076065c65d9,38,46,47,16,107,47,57,59,0,29,0,12,34,0,26,36,80,58,57,0,15,40,44,24,872,1135022,0.000768267,0.076826705,4.08
X,9c01a12efa2c13aa18015f606e2177ad,0,0,41,0,34,27,27,18,19,0,0,0,0,0,11,0,18,0,23,0,0,9,0,0,227,1135022,0.000199996,0.019999612,4.02
X,9c4106ff1be67d955608c29452acea9c,0,9,0,2,0,0,0,0,11,0,0,0,0,0,0,8,12,5,6,18,15,0,5,4,95,1135022,8.36988E-05,0.008369882,4.01
X,9c4117365dcf5e96db1c2696e3ba0aca,0,17,0,0,19,0,32,0,0,37,14,39,27,15,0,19,9,31,52,0,44,0,0,10,365,1135022,0.00032158,0.032157967,4.03
X,9d15e89e6dfc7469f1218986d3294148,70,420,351,37,57,461,164,209,513,167,64,264,120,117,97,108,205,87,416,227,111,60,93,62,4480,1135022,0.00394706,0.394706006,4.39
X,9d44542f9e5d6afaa65338fade7390cb,23,24,35,0,44,36,0,27,37,0,0,24,0,19,20,22,26,23,23,34,0,0,28,19,464,1135022,0.000408803,0.040880265,4.04
X,9e009a61a1eaaf8ab02bd92eed63b2e6,0,0,38,0,26,29,30,35,36,0,0,13,19,20,22,0,43,20,0,0,30,0,31,0,392,1135022,0.000345368,0.034536775,4.03
X,9e04003825b786bb57df86bd48e6b9f8,171,331,267,71,347,247,359,391,474,216,76,194,316,301,288,392,572,198,297,386,264,57,121,185,6521,1135022,0.005745263,0.574526309,4.57
X,9e68814ff5c7be0da458d282eb1bdb90,218,137,48,137,61,30,68,0,0,90,0,0,102,87,78,90,27,172,95,0,73,397,489,488,2887,1135022,0.002543563,0.254356303,4.25
X,9e7bbfe13d93363d34e0ae98df331a88,63,27,28,0,42,52,52,0,0,36,0,28,62,0,0,48,9,0,36,29,28,87,25,56,708,1135022,0.000623776,0.062377646,4.06
,a1087281564dff44783f3b0247bb3dfa,43,34,0,78,65,97,69,0,48,58,0,0,51,35,18,42,183,24,48,71,55,98,138,189,1444,1135022,0.001272222,0.127222204,4.13
,a1a7dde83a081698cb384f31a3387577,145,308,172,74,140,151,199,103,180,190,71,144,214,202,160,125,128,108,286,191,152,188,163,147,3941,1135022,0.003472179,0.347217939,4.35
,a1fa3a592da596cfd723d113579fc05f,51,83,0,33,0,23,38,70,40,61,14,36,112,0,0,0,0,0,31,0,0,46,122,59,819,1135022,0.000721572,0.072157192,4.07
,a1fad2342c3aea3b75f17816f0aab4b5,0,43,0,0,9,30,40,0,0,14,30,0,14,36,30,0,34,65,79,42,66,0,0,0,532,1135022,0.000468713,0.046871338,4.05
,a22fcdd3e671bf3d1fdf9126ecbe36b5,0,41,0,13,48,122,29,72,18,0,0,29,0,18,86,0,0,0,0,0,0,0,37,16,529,1135022,0.00046607,0.046607026,4.05
,a233f3333f0013b24af2d90a890c0f68,64,40,52,0,120,69,54,75,65,0,0,33,32,0,52,54,21,0,27,23,0,54,63,55,953,1135022,0.000839631,0.08396313,4.08
,a2bee44bbef7016d61ea7b67edbcbeee,0,0,68,0,94,89,121,327,186,21,0,10,17,0,0,472,285,76,81,211,113,0,0,0,2171,1135022,0.001912738,0.191273826,4.19
,a3eec1066dc4d8e5c4ddfae5d2c4f9f8,12,23,0,0,49,36,27,26,22,13,0,16,0,11,42,51,24,0,0,34,25,0,0,0,411,1135022,0.000362108,0.036210752,4.04
,a5e48b027fcf233fa5c9a33e67ddd2c4,0,0,0,0,32,42,27,43,65,0,0,0,25,22,25,36,105,29,34,80,47,0,0,0,612,1135022,0.000539197,0.05391966,4.05
,a5f66d45d3b07965295c5e479f8e2570,55,75,0,0,0,49,49,65,0,0,0,73,52,54,0,65,0,109,39,0,0,80,108,84,957,1135022,0.000843155,0.084315546,4.08
,a6841fd6c341bedd8a401cd08bb2763d,112,156,37,60,70,26,84,47,0,94,23,60,189,92,28,105,79,96,82,49,102,242,179,211,2223,1135022,0.001958552,0.195855235,4.20
,a6b28c46eae3926c45e4dcd5a265e5cc,55,0,33,7,99,40,37,0,0,34,28,14,0,0,0,59,36,0,79,32,50,0,0,0,603,1135022,0.000531267,0.053126724,4.05
,a73ea8e1b71af00189f78b641c416b65,71,194,0,0,125,119,201,145,110,0,45,26,143,87,184,129,0,81,28,64,100,56,32,149,2089,1135022,0.001840493,0.184049296,4.18
,a84536420f1d2bfcad7c99841fdd714c,0,12,44,0,42,119,24,161,96,0,0,0,0,0,6,58,59,18,27,82,19,0,0,0,767,1135022,0.000675758,0.067575783,4.07
,a925dcf6cc3e777d9888aeb184a6c6ee,36,64,51,9,43,74,0,0,162,47,31,132,131,89,0,0,0,0,0,0,0,197,133,219,1418,1135022,0.001249315,0.124931499,4.12
,aa1a95bff808c63959ec26ff3dcf8dd9,277,232,219,134,603,394,372,287,282,104,48,171,166,141,207,58,148,97,52,0,63,240,260,278,4833,1135022,0.004258067,0.425806724,4.43
,aa4a7da60cbfadf333c660778816fa41,21,0,13,0,0,0,10,0,0,30,6,20,29,0,19,0,0,0,8,0,23,0,0,0,179,1135022,0.000157706,0.015770619,4.02
,aa6884ce838770d70b18e5e242babbda,133,53,145,0,76,0,129,0,65,125,0,101,171,166,0,57,126,64,232,0,223,534,227,203,2830,1135022,0.002493344,0.249334374,4.25
,aa84636b7ec9b417f6dc9f0eb2c58c7a,42,0,54,81,93,0,91,0,0,0,0,0,46,0,63,56,58,0,0,25,44,77,26,103,859,1135022,0.000756814,0.075681352,4.08
,aaeaf48251cb111740428f41dd173118,275,181,98,82,106,37,63,52,81,88,0,119,162,125,62,236,51,125,194,115,32,412,185,468,3349,1135022,0.002950604,0.29506036,4.30
,ab0129d2a23407212f1d2de135fd7200,36,0,0,0,68,109,171,101,107,0,0,0,0,0,60,197,52,0,0,49,0,0,88,0,1038,1135022,0.00091452,0.091451972,4.09
,ab0184f9b865f34e92ea87ed83be9079,215,757,549,174,534,775,844,369,562,706,310,1039,1080,1080,600,460,572,424,479,264,565,334,343,621,13656,1135022,0.012031485,1.203148485,5.20
,ab721876cc7159bf0ada0ccfb2a8bbdf,108,74,0,15,136,51,68,42,81,39,26,21,0,50,60,52,93,40,40,67,113,22,34,0,1232,1135022,0.001085442,0.108544152,4.11
,abad53feb6f5780f11bf5253dd85b33b,12,0,57,0,0,88,0,54,45,19,0,0,45,0,27,80,55,0,13,38,57,23,28,12,653,1135022,0.000575319,0.057531924,4.06
,abf320b88f186e4d58caaad5269eec4a,0,0,0,2,9,47,30,16,14,0,0,13,0,7,0,0,18,16,17,0,17,0,7,0,213,1135022,0.000187662,0.018766156,4.02
,ac05239d928345234c6539b3a6fd96e3,0,20,37,0,36,29,77,32,27,0,0,0,0,0,25,0,43,19,44,35,36,0,17,0,477,1135022,0.000420256,0.042025617,4.04
,acdd1a133a40c6b818242c334607b6c4,0,23,55,0,52,64,26,70,23,0,0,0,24,0,20,25,13,13,35,25,27,0,22,0,517,1135022,0.000455498,0.045549778,4.05
,ad3b7fb4c9a6503748eea4556b980550,0,27,51,0,0,31,27,59,27,0,0,21,0,0,0,0,37,0,0,33,32,0,0,0,345,1135022,0.000303959,0.030395887,4.03
,ad940a13228634488f45fd53ace3a77f,77,68,25,33,104,63,167,30,32,42,0,58,91,30,56,9,33,13,22,18,0,27,34,48,1080,1135022,0.000951523,0.095152341,4.10
,ade04fd51fe2a7ea6a5de7be6c690573,77,85,80,10,110,140,121,112,160,45,0,50,82,0,77,40,122,97,92,134,140,19,97,22,1912,1135022,0.001684549,0.168454885,4.17
,afabed17a08ffea3fd97aa1e4079bd73,20,40,12,0,29,20,34,11,5,25,8,22,22,22,20,35,31,46,66,59,57,40,29,35,688,1135022,0.000606156,0.060615565,4.06
,b0546a8c6a38415c52d2dc916319d3fd,1153,2084,1446,323,1036,1099,1365,1047,1559,1476,624,1867,2624,2626,727,2029,1941,1444,1943,1280,1220,263,516,694,32386,1135022,0.028533368,2.853336764,6.85
,b08518861aad3a55ec7ee5dee551c3a1,0,0,0,13,0,0,0,27,57,25,0,0,21,27,27,84,0,30,44,20,38,18,0,28,459,1135022,0.000404397,0.040439745,4.04
,b0e4f3ceee29def926d46293783b1d7e,23,0,48,7,0,29,27,49,0,22,18,60,32,24,0,26,45,0,35,42,0,0,33,23,543,1135022,0.000478405,0.047840482,4.05
,b2ec51c2f0077d6b87161717efe76364,18,20,30,0,19,0,16,24,53,0,0,0,25,0,22,0,0,0,19,0,0,0,9,0,255,1135022,0.000224665,0.022466525,4.02
,b32c31cdf2e8499f2dcf74dc1dca50df,23,28,16,0,62,61,0,58,0,9,0,0,0,0,0,54,123,31,0,72,133,0,0,0,670,1135022,0.000590297,0.059029693,4.06
,b3c1211e14d33271520c54eca3cb28ef,28,35,0,0,32,27,29,37,0,10,0,11,0,0,0,60,44,0,26,57,46,0,0,0,442,1135022,0.00038942,0.038941976,4.04
,b40dca02f07ecf1c0f53760f0153a059,67,187,115,61,82,91,69,0,0,128,0,51,136,75,53,0,63,85,54,0,81,304,196,215,2113,1135022,0.001861638,0.186163792,4.19
,b477fe06ecfbad39757b5fbf632ec460,0,0,0,0,21,25,28,0,0,0,0,0,18,23,0,12,31,0,0,0,38,35,35,0,266,1135022,0.000234357,0.023435669,4.02
,b567decaef71d6ea34ae052cb3f4d9ec,20,12,22,0,20,31,20,15,73,30,0,51,11,27,9,13,48,12,45,54,20,0,0,0,533,1135022,0.000469594,0.046959442,4.05
,b5d49294b2ff467ac47bd4354403f548,10,0,0,0,0,19,49,12,0,15,45,13,22,23,56,0,0,29,29,0,49,53,0,31,455,1135022,0.000400873,0.040087329,4.04
,b6a43518489d27d2ed896dabc3b4ad17,9,21,7,8,20,0,49,41,17,0,0,15,14,12,0,0,8,9,0,0,3,0,6,0,239,1135022,0.000210569,0.021056861,4.02
,b6f17b4c02a8e93d92fcdbd3f436a567,88,177,75,0,100,79,132,24,47,101,26,49,151,55,41,177,72,140,89,28,65,208,253,209,2386,1135022,0.002102162,0.21021619,4.21
,b789f4414dbc46ec887bca40211be30e,40,35,46,0,77,33,29,20,36,15,0,20,20,14,31,51,0,28,28,0,30,0,21,13,587,1135022,0.000517171,0.051717059,4.05
,b7ac0bc559a12538548ef7ce2f485586,0,33,49,0,0,42,56,55,49,0,0,0,31,0,50,44,65,46,28,54,0,0,31,0,633,1135022,0.000557698,0.055769844,4.06
,b9d64121503c9f2dd6f82327aaae7aba,62,75,61,0,0,46,0,49,24,18,0,46,87,62,72,0,0,19,34,29,38,0,0,31,753,1135022,0.000663423,0.066342326,4.07
,ba38c008209c1f32d15e96d005308311,19,41,84,0,32,27,86,0,64,70,43,142,47,87,54,93,81,123,292,0,131,29,45,85,1675,1135022,0.001475742,0.147574232,4.15
,bad02fb4b97f30182ffe6e934f54ad5f,18,0,23,0,69,66,61,119,130,0,0,0,0,0,20,177,185,31,58,119,38,0,0,0,1114,1135022,0.000981479,0.098147877,4.10
,bb10687239ff03141efa552d999885ed,0,7,0,0,0,22,19,8,14,0,0,31,11,0,12,0,5,0,18,0,0,0,0,0,147,1135022,0.000129513,0.012951291,4.01
,bb46b1f5d33b1bbac8e2fa6bc0d87bd7,8,146,112,0,49,77,83,77,35,0,0,71,31,120,85,0,34,25,0,0,7,99,46,86,1191,1135022,0.001049319,0.104931887,4.10
,bb618c07d8b9cdb0d42ec2541ba82725,10,12,9,0,0,19,0,6,0,14,0,0,0,7,15,0,17,0,13,0,0,46,0,0,168,1135022,0.000148015,0.014801475,4.01
,bb7dabeda6ffe6cae93a9cbbc7afb54b,0,10,37,0,0,21,24,0,0,0,0,19,0,0,0,23,19,27,38,9,12,53,22,0,314,1135022,0.000276647,0.027664662,4.03
,bd1c5a1d598935c732723e49a713dee1,1066,1391,970,734,1205,774,979,693,354,1524,179,1079,1604,1457,1327,326,753,721,1020,395,986,1942,1992,3012,26483,1135022,0.023332587,2.333258739,6.33
,bd45687e58f780141d2fd0009e2ac526,0,14,0,0,16,14,39,29,14,22,0,0,4,0,21,23,32,14,45,31,39,10,15,0,382,1135022,0.000336557,0.033655735,4.03
,bd5b50733d50f1225b08b468f38eec67,86,231,166,59,261,336,323,194,201,176,57,224,293,219,167,153,311,113,30,98,119,0,160,114,4091,1135022,0.003604335,0.360433542,4.36
,bdf8a26094624622d68509a87fa75ba7,0,0,20,0,259,45,31,32,66,37,0,44,21,42,20,27,144,39,39,52,0,33,38,33,1022,1135022,0.000900423,0.090042308,4.09
,bffe9696e67621f8e6f63d7dd8814ae3,25,0,55,0,0,36,57,47,55,0,0,0,0,0,41,0,22,0,0,23,22,0,0,0,383,1135022,0.000337438,0.033743839,4.03
,c0bcf7e96430d61108868a152d0d7ff0,0,0,26,0,31,79,32,50,67,10,0,0,22,0,0,81,85,0,0,23,51,0,0,0,557,1135022,0.000490739,0.049073939,4.05
,c0ec01007e791d30819aa844d64ad2ae,14,154,81,27,57,134,192,58,42,22,23,58,31,106,62,34,59,0,9,0,0,22,173,33,1391,1135022,0.001225527,0.122552691,4.12
,c0f775fff77049501c4f8b4f5460097c,0,23,11,0,40,15,47,50,42,12,16,6,0,0,24,23,19,0,0,0,17,7,0,0,352,1135022,0.000310126,0.031012615,4.03
,c156fd0f1861c5cbd451a01529215a91,57,259,177,13,77,115,246,56,137,78,100,399,243,334,73,163,131,173,210,16,143,136,121,86,3543,1135022,0.003121525,0.31215254,4.31
,c1852660e0c98af7d998ab1e15dfeef2,42,61,37,0,34,0,39,49,57,0,13,21,38,36,41,31,91,36,46,64,26,35,0,22,819,1135022,0.000721572,0.072157192,4.07
,c18cbcf9882dc05c7d7ca7d4e8112cf9,0,0,0,0,71,42,75,34,54,44,0,77,63,71,0,39,0,52,46,16,0,133,112,38,967,1135022,0.000851966,0.085196586,4.09
,c22fca4bf161aec670f108d97d721ff7,34,105,75,0,104,30,88,0,73,63,21,157,105,100,117,41,33,113,149,12,131,66,20,28,1665,1135022,0.001466932,0.146693192,4.15
,c301d3e68043b5944227a3d68409ab62,22,37,0,0,0,22,0,34,0,35,0,0,9,33,10,9,41,0,0,14,0,25,16,31,338,1135022,0.000297792,0.029779158,4.03
,c34826585dd78407f20e083103851b81,0,0,0,0,53,0,0,16,40,0,0,0,0,0,0,23,0,109,114,0,53,429,22,252,1111,1135022,0.000978836,0.097883565,4.10
,c3fcc0e2e3c0bd928af7694aeb15d7b9,21,32,0,0,17,18,22,0,21,0,0,0,20,0,32,14,0,13,0,0,20,36,0,16,282,1135022,0.000248453,0.024845333,4.02
,c42b1bcc145935d27c6c3eca92961ee2,29,88,63,0,36,34,66,32,22,63,35,63,85,76,72,45,45,31,106,0,0,90,117,92,1290,1135022,0.001136542,0.113654185,4.11
,c45e5200945481c371932d3c578789c3,266,722,84,168,863,765,1117,666,912,369,186,514,639,589,692,384,828,663,614,468,967,553,716,677,14422,1135022,0.012706362,1.270636164,5.27
,c4ba50034a960675ef977846fd1a4ca2,8,18,0,0,0,0,0,35,0,13,0,0,17,0,13,13,23,0,0,0,20,0,0,44,204,1135022,0.000179732,0.01797322,4.02
,c4fb65ed3eb4a6360f13ff7ec5af1cb2,65,101,45,33,71,114,84,46,80,0,0,0,0,0,0,37,45,15,0,50,42,59,69,83,1039,1135022,0.000915401,0.091540076,4.09
,c550d693ad3b162a817462cc945063ff,0,32,0,8,30,0,0,0,0,27,0,0,22,0,24,0,0,0,31,0,0,33,45,47,299,1135022,0.000263431,0.026343102,4.03
,c5e54fbde810694d472e2f8a49332727,0,64,0,0,34,71,59,0,0,0,14,0,0,0,0,45,33,17,69,90,39,0,0,0,535,1135022,0.000471357,0.04713565,4.05
,c60262a210173d6a6605e298797827d3,17,0,13,0,19,65,32,91,18,0,0,5,25,0,0,82,29,0,39,65,41,0,0,0,541,1135022,0.000476643,0.047664274,4.05
,c63a29416a7eabd7ff67a49489118771,162,274,319,24,268,427,272,515,349,194,143,309,314,131,285,588,620,324,701,635,500,36,123,80,7593,1135022,0.006689738,0.668973817,4.67
,c6b2ed25f50d20771b88647f12d5c837,25,0,0,34,0,18,0,46,0,42,0,0,48,44,0,0,0,0,0,0,27,41,38,41,404,1135022,0.00035594,0.035594024,4.04
,c7a766d06d80ef6e2ad150327a7cd0e9,24,34,84,0,75,61,50,156,89,23,0,27,60,33,49,0,48,37,0,52,38,36,33,34,1043,1135022,0.000918925,0.091892492,4.09
,c7bb22db90c4c6ada753e55b6e7f2e95,5,14,6,0,15,15,7,0,6,0,12,14,12,10,8,0,0,0,0,0,0,18,6,13,161,1135022,0.000141847,0.014184747,4.01
,c7d515854b42f436b0a5127fb010e8c0,280,352,108,63,622,250,762,107,253,394,210,578,206,200,145,94,114,420,423,144,363,226,259,377,6950,1135022,0.006123229,0.612322933,4.61
,c8ba9d52fde7e9fe713fb5eeb77b5e7b,40,105,141,10,126,129,0,119,88,30,0,52,80,63,129,93,0,0,95,88,108,21,48,45,1610,1135022,0.001418475,0.141847471,4.14
,c8ceb1545da3cdb631c6b22da67d8a14,0,20,62,0,56,98,49,86,103,0,0,13,15,0,17,42,86,36,32,41,16,0,17,19,808,1135022,0.00071188,0.071188047,4.07
,c938c4ceac4c09d1270d8be976a6ccde,0,65,0,0,0,30,126,59,24,0,0,0,0,0,0,163,148,96,99,91,107,0,65,0,1073,1135022,0.000945356,0.094535613,4.09
,c96adcfeae3792cace6f3d933a87fea0,57,48,26,0,0,0,22,0,22,29,0,0,44,24,30,14,22,28,30,27,30,108,66,86,713,1135022,0.000628182,0.062818166,4.06
,c9de210c5a513e7749d7e67ce403d19a,61,79,53,38,89,110,170,152,66,57,52,70,61,70,115,227,133,64,140,95,139,68,91,32,2232,1135022,0.001966482,0.196648171,4.20
,ca3535139d924cfca88ceba216fdee8e,0,26,0,0,0,79,86,0,0,30,0,96,11,29,0,0,0,0,17,0,12,59,63,29,537,1135022,0.000473119,0.047311858,4.05
,cae33a7d5f2c2e4efab7a096e71afddf,0,0,37,25,32,74,106,0,42,84,0,34,62,0,38,0,49,40,48,44,66,38,75,41,935,1135022,0.000823773,0.082377258,4.08
,cb5ca9ea57b4297619b4459a0347252f,0,0,64,0,39,56,72,153,33,0,0,0,0,0,0,21,132,0,0,78,0,0,31,0,679,1135022,0.000598226,0.059822629,4.06
,cb71b18550ce1ce06ef45d07508de654,0,21,25,0,0,0,0,0,0,25,0,0,18,25,16,0,0,19,0,0,20,23,12,10,214,1135022,0.000188543,0.01885426,4.02
,cb80be4ac2def4c41b4338fe839038be,105,223,0,30,224,152,219,220,230,117,15,0,267,189,191,301,242,252,132,131,301,143,211,138,4033,1135022,0.003553235,0.355323509,4.36
,cb9e5154fd9f88fc8762492f5d4f62bf,41,65,50,13,66,42,93,57,42,38,5,11,34,27,28,112,38,50,65,43,34,34,75,32,1095,1135022,0.000964739,0.096473901,4.10
,cc2d5f52ead9609489ae71b511ec1bab,0,0,0,0,42,63,74,140,94,0,0,32,0,0,0,15,110,0,54,67,53,0,0,0,744,1135022,0.000655494,0.06554939,4.07
,cc40b03f4e9d74ac9bc80407a1c35c0e,232,437,232,0,134,125,154,48,310,208,67,540,529,332,97,202,229,363,239,504,231,131,156,137,5637,1135022,0.004966424,0.496642356,4.50
,cc4fa9a30fb72ffe2170c798191b1aba,27,5,6,0,51,27,21,43,26,20,20,14,0,0,26,42,37,40,22,0,44,9,32,12,524,1135022,0.000461665,0.046166506,4.05
,cca19678c3a9f58fa0be4db8fbaafaef,17,21,45,0,0,43,0,65,48,0,0,0,0,0,0,29,46,0,14,69,40,0,0,0,437,1135022,0.000385015,0.038501456,4.04
,cd81cf2e9cf49ed204a338825c537fb3,0,82,0,169,48,21,25,31,28,82,0,19,99,178,71,68,0,58,52,0,89,97,84,0,1301,1135022,0.001146233,0.114623329,4.11
,cdcf50243a5184d9344a5e7a2ed79471,55,95,0,29,0,0,0,0,20,53,0,0,0,46,69,0,0,61,32,0,0,97,24,79,660,1135022,0.000581487,0.058148653,4.06
,cdd87a757a31b5e305eef57fd7f4d845,24,62,73,0,90,74,104,45,62,103,51,101,83,82,66,142,140,109,87,118,113,0,36,0,1765,1135022,0.001555036,0.155503594,4.16
,ceb36da1a26eecc6429aa5cefb368a09,346,508,495,103,685,482,579,589,731,250,28,404,567,320,330,226,381,260,240,497,403,535,467,512,9938,1135022,0.008755777,0.875577742,4.88
,ceee02490f5d19e92601d01378460755,899,1153,532,507,1034,1074,1371,655,586,340,141,959,932,1233,912,215,430,230,114,0,418,1387,1670,2255,19047,1135022,0.016781173,1.678117252,5.68
,d0855c29c251c2223fa348963b97b15c,347,510,491,66,268,278,235,130,209,395,152,578,692,703,603,63,112,154,248,46,183,620,642,710,8435,1135022,0.007431574,0.743157401,4.74
,d0ffd30a57208e2b4ee598ad0bf508ef,19,0,0,0,42,0,27,0,0,0,0,0,0,0,0,26,22,15,33,0,14,0,22,11,231,1135022,0.00020352,0.020352028,4.02
,d1de0cdf915dc10f96ac0eee7ad8f512,0,0,61,0,0,0,0,32,53,0,0,58,78,51,48,0,0,52,89,43,63,21,0,0,649,1135022,0.000571795,0.057179508,4.06
,d358f839920b6bd0d20fba6a03f7e67c,26,0,0,22,12,0,0,0,0,46,0,0,0,0,0,0,15,0,61,0,22,71,28,24,327,1135022,0.0002881,0.028810014,4.03
,d3843642fb3c77ed98e31a35fa918c92,354,410,200,153,545,287,570,451,430,267,85,337,551,610,586,121,205,269,110,0,183,656,771,900,9051,1135022,0.007974295,0.797429477,4.80
,d564a3f8e76f94f7a767be2d841b1aa1,166,327,0,52,267,214,200,121,136,180,0,333,172,203,128,155,196,224,268,21,192,378,337,314,4584,1135022,0.004038688,0.403868824,4.40
,d5d860147932bb862b02645d63ca1dc5,12,0,11,0,0,0,22,0,0,0,0,0,0,0,0,103,24,109,30,7,20,0,17,0,355,1135022,0.000312769,0.031276927,4.03
,d67c365dce47104f34fc44ca059d411e,96,53,30,35,67,46,78,70,48,112,0,33,82,37,82,59,71,66,58,0,113,77,113,55,1481,1135022,0.001304821,0.130482052,4.13
,d67d613c36869bde2d8e70b369b0c2a4,49,71,0,0,0,0,45,0,35,0,0,53,0,0,0,0,0,32,27,0,28,46,18,61,465,1135022,0.000409684,0.040968369,4.04
,d70e0dfbdc5b9f2791cb4a7d54605fc0,0,38,57,0,27,65,67,20,59,0,31,0,30,49,33,43,0,38,34,0,76,37,41,32,777,1135022,0.000684568,0.068456823,4.07
,d770d6b96d7ceb1facfdd0883bea6ee2,17,18,0,0,22,48,37,0,22,0,0,14,20,0,0,33,26,0,0,24,20,0,0,0,301,1135022,0.000265193,0.02651931,4.03
,d7abbdf4303cc5e5221d18d8a6bed3c7,665,517,535,136,916,589,781,471,458,686,135,437,856,415,257,298,509,510,705,472,646,626,679,980,13279,1135022,0.011699333,1.16993327,5.17
,d7afea49f4db0874e17c76039e523806,39,54,0,34,46,0,18,21,22,0,0,0,39,35,0,0,0,0,0,0,0,74,100,71,553,1135022,0.000487215,0.048721523,4.05
,d818a65e830b1281025ea48dc96e89c9,88,0,0,36,81,46,70,89,30,51,0,0,112,54,99,49,62,50,110,78,0,165,127,199,1596,1135022,0.00140614,0.140614015,4.14
,d81ece3aedf859fc4827ba491df989f4,20,56,34,0,135,125,137,58,71,96,0,0,0,0,38,38,0,49,67,0,0,0,0,0,924,1135022,0.000814081,0.081408114,4.08
,d823ed19654f78ebefe938a223f132bc,22,22,17,0,50,59,37,48,84,0,0,17,23,0,70,55,23,31,0,98,53,0,27,0,736,1135022,0.000648446,0.064844558,4.06
,d829bee4984f82ffc2453212157caf96,2171,3060,1655,750,2719,2306,3450,3670,2763,2350,429,1348,2981,1942,3107,797,3539,2618,2902,2461,2823,2524,3618,2740,58723,1135022,0.051737323,5.173732315,9.17
,d85fa5f4ab28e6b9870462a4bd61a712,0,32,16,0,0,64,45,0,24,0,0,33,22,28,29,18,0,8,23,15,0,7,0,0,364,1135022,0.000320699,0.032069863,4.03
,d8a190cda3f0e71443c891d10790cdf2,18,57,8,0,20,0,6,4,0,15,0,19,33,21,0,0,0,4,5,12,0,0,0,12,234,1135022,0.000206163,0.02061634,4.02
,d8b66f2293acd8eb868b3c5627745ef9,0,15,0,0,18,72,42,0,24,0,0,39,49,24,57,0,32,17,34,14,18,40,34,33,562,1135022,0.000495145,0.049514459,4.05
,d8bdbb4d88ad5b3fe2106357539a53db,339,266,95,218,246,26,122,54,73,313,34,83,357,157,237,35,140,174,231,49,246,566,524,952,5537,1135022,0.00487832,0.487831954,4.49
,d8ca6f3a115e76bbec9b5ea36f9c288a,13,0,58,0,0,23,0,48,49,0,0,0,0,0,7,10,20,0,22,0,24,0,0,0,274,1135022,0.000241405,0.024140501,4.02
,d985d535524c0b7e81cedff933136408,21,89,100,13,73,152,123,41,32,16,37,80,75,35,49,50,46,18,0,0,50,39,20,0,1159,1135022,0.001021126,0.102112558,4.10
,d9cd0af578a3fa9523c3fa8fec47c3ad,46,60,0,0,39,10,31,0,79,23,0,81,59,50,0,0,9,0,0,0,45,61,55,49,697,1135022,0.000614085,0.061408501,4.06
,da0122b16b42a79be903ee2d9f1e6003,0,0,105,0,45,87,75,32,44,22,20,57,40,15,26,14,0,0,15,32,27,35,11,13,715,1135022,0.000629944,0.062994374,4.06
,da6cbba85532325ae6988febd6e0a26d,0,0,5,0,11,40,31,11,8,0,0,0,0,0,26,20,0,17,0,0,8,0,8,18,203,1135022,0.000178851,0.017885116,4.02
,da88d8677a4ba67fb2406c91ed1fc1aa,0,68,94,0,39,36,0,154,193,18,0,172,75,117,50,16,0,6,0,196,0,0,31,0,1265,1135022,0.001114516,0.111451584,4.11
,da970e482dfe05782437a7463b5c71b7,151,0,0,153,142,100,81,36,58,84,29,110,95,44,29,0,0,36,0,76,0,0,117,267,1608,1135022,0.001416713,0.141671263,4.14
,daa1104ebf9cf338cec85f6de68805f0,161,143,114,0,77,102,63,0,200,86,27,120,57,84,0,0,186,49,124,0,79,85,64,49,1870,1135022,0.001647545,0.164754516,4.16
,dab1160ee7a4ecf9945086ff09f99528,39,0,0,0,75,136,59,186,96,0,0,0,19,0,0,124,145,0,69,58,38,0,0,0,1044,1135022,0.000919806,0.091980596,4.09
,db0b3237ea87eb0333ac4df1c5e98c83,37,61,0,0,81,42,34,0,25,0,0,48,31,24,0,0,0,18,29,22,20,58,34,72,636,1135022,0.000560342,0.056034156,4.06
,dbda19f675784c831b58035c7642532e,0,0,0,47,0,0,80,0,0,52,0,126,0,0,0,181,159,187,117,0,106,61,49,88,1253,1135022,0.001103943,0.110394336,4.11
,dbe3bf334f419c03ca252af75b90db2c,0,11,15,0,9,0,21,19,135,0,0,0,0,0,19,23,9,4,17,0,0,0,15,8,305,1135022,0.000268717,0.026871726,4.03
,dd3d36fd596e048a228a8837fc847f49,156,269,171,49,123,93,174,233,174,206,62,268,423,351,159,157,360,186,115,103,139,408,343,406,5128,1135022,0.004517974,0.45179741,4.45
,de6087b1c7794a22e4a42167dca67b3b,30,30,11,10,8,0,17,14,0,76,12,12,58,12,10,19,0,0,0,5,0,43,49,27,443,1135022,0.000390301,0.03903008,4.04
,de6e1899ed8f2b53e49f838b5218ddcc,0,25,33,0,45,75,54,140,40,22,31,42,14,21,72,0,287,39,73,129,73,0,0,0,1215,1135022,0.001070464,0.107046383,4.11
,dfb29ec040a43ef8358181cec3ef0581,45,44,85,0,57,135,113,104,161,0,0,0,31,39,16,106,85,31,87,139,84,0,59,0,1421,1135022,0.001251958,0.125195811,4.13
,dfc9562d868332327b6ed197e9847f12,5,26,12,4,0,12,10,18,61,0,0,0,0,0,0,29,0,14,9,38,5,0,0,0,243,1135022,0.000214093,0.021409277,4.02
,e007841bb000bd7f1c0884eebf2da7e8,32,45,0,0,59,56,0,59,20,42,0,39,44,44,41,0,0,44,0,0,35,0,0,0,560,1135022,0.000493383,0.049338251,4.05
,e066e75e444f1e0434c62c2714e2ed24,60,208,233,33,351,464,484,826,405,170,113,245,290,114,163,580,459,247,352,335,368,119,137,108,6864,1135022,0.00604746,0.604745987,4.60
,e0970a202a09d65f8ae6a264f7979962,15,0,0,12,0,12,0,0,0,0,0,7,15,3,8,0,0,0,0,0,0,13,11,14,110,1135022,9.69144E-05,0.009691442,4.01
,e0ad8dba7fc5782cd9c71b8f52d5cd72,52,239,0,30,38,0,92,43,16,30,0,91,37,82,31,249,33,226,184,12,130,280,46,335,2276,1135022,0.002005247,0.200524748,4.20
,e0b415a48430a58a81375b935360ff91,50,125,63,20,45,60,39,0,53,77,56,77,51,55,45,36,55,47,29,0,0,89,170,107,1349,1135022,0.001188523,0.118852322,4.12
,e16d86b7fe770de88e7e8fd0fb6c8b5a,0,0,22,0,0,63,42,136,40,0,0,0,28,19,38,38,70,0,0,33,0,0,38,0,567,1135022,0.00049955,0.049954979,4.05
,e19d2ae3bb9663795ab3089680a3f9cc,592,837,408,231,478,472,517,383,568,265,214,617,332,552,485,317,382,631,512,593,395,766,879,958,12384,1135022,0.010910802,1.091080173,5.09
,e1a8cf35b1f52422e75b3ca6ea77c567,137,145,121,77,214,136,179,106,84,56,17,122,128,118,203,0,46,83,41,41,96,525,286,345,3306,1135022,0.002912719,0.291271887,4.29
,e1afda7647b678ef6678d4b1afe50c90,25,0,0,0,72,67,36,32,78,32,0,76,43,40,58,26,0,0,0,44,34,0,0,20,683,1135022,0.00060175,0.060175045,4.06
,e22aff5e874e465ec4f8d9568f485a81,16,0,17,0,17,29,0,0,0,0,0,13,19,20,15,16,0,5,19,0,16,0,16,0,218,1135022,0.000192067,0.019206676,4.02
,e2ff60daa01b00c781440ec036618848,0,0,20,0,25,17,0,0,22,9,0,0,33,15,16,0,7,0,8,20,0,0,0,0,192,1135022,0.00016916,0.016915972,4.02
,e30f1976c624474a5983076439bf1b80,0,0,28,0,0,25,0,22,23,0,0,0,0,0,27,22,20,0,23,0,33,0,0,27,250,1135022,0.00022026,0.022026005,4.02
,e320b05ff82a7b05b32a473ee84802c5,36,133,57,24,84,77,137,47,0,47,0,56,72,119,74,0,0,0,44,0,41,111,68,87,1314,1135022,0.001157687,0.115768681,4.12
,e4d9699729e0e056a0c772efc6dd6005,11,32,74,0,0,17,27,25,6,0,0,15,0,40,16,0,15,0,0,0,0,0,27,23,328,1135022,0.000288981,0.028898118,4.03
,e4ee05bbf4ea42bb7404e560a5998628,281,253,86,41,214,186,134,62,93,343,103,150,204,150,246,39,325,252,267,275,418,246,555,108,5031,1135022,0.004432513,0.44325132,4.44
,e4f3d014197dbe0b51d919dd79d6a401,0,19,17,6,23,0,0,13,21,11,0,22,18,18,26,16,17,14,0,15,10,4,17,11,298,1135022,0.00026255,0.026254998,4.03
,e64a92be1228395994cdd4766e069c61,0,44,24,0,35,35,101,28,17,0,0,0,30,0,30,28,0,0,32,25,31,0,0,22,482,1135022,0.000424661,0.042466137,4.04
,e6bfaadfe29b6c21c4fd51dfabd21d97,14,35,22,0,34,53,35,33,31,14,19,16,0,0,40,57,74,22,58,52,47,0,0,0,656,1135022,0.000577962,0.057796237,4.06
,e6c5859ce155e9ccb36c66453abaef3a,18,12,0,11,15,5,0,12,22,8,0,0,0,0,10,0,0,0,0,8,0,0,37,0,158,1135022,0.000139204,0.013920435,4.01
,e75853001f23d7b6c62c7db79e7e6819,0,0,28,0,36,0,15,0,9,0,0,16,16,18,13,8,0,0,0,0,21,0,0,0,180,1135022,0.000158587,0.015858723,4.02
,e815840fdd9a6038d67c6878dbb3af8e,134,196,157,65,233,89,232,134,110,51,46,115,169,100,92,117,199,310,287,139,366,115,174,204,3834,1135022,0.003377908,0.337790809,4.34
,e83fcf3e1b3e01d39c844deaea7a68b6,18,12,0,0,0,20,62,15,0,0,0,0,0,0,0,26,0,51,0,25,13,0,45,0,287,1135022,0.000252859,0.025285853,4.03
,e85bf5e4b095690c5c32e3b4ff2630c9,28,18,0,0,47,52,34,0,15,0,0,0,0,0,0,40,28,28,30,0,0,0,52,63,435,1135022,0.000383252,0.038325248,4.04
,e8d295f8e73c2180395d9ef011693a31,0,92,34,28,0,32,65,0,80,77,0,0,81,0,46,44,38,60,49,57,29,51,66,24,953,1135022,0.000839631,0.08396313,4.08
,e934de394d66c2b06ec85ba363b1f37a,67,71,24,0,57,27,71,0,98,0,0,0,10,41,57,23,46,60,0,42,54,69,18,42,877,1135022,0.000772672,0.077267225,4.08
,e9b2e722f3407d73e6e0e1a8c2ea14d7,44,236,206,74,392,219,343,185,296,181,31,317,270,232,181,19,109,94,174,101,69,380,232,497,4882,1135022,0.004301238,0.430123821,4.43
,ea0830e008a25d18eb78c25d5c5a1677,40,0,0,0,69,0,52,95,170,0,29,60,0,32,0,58,31,57,0,0,37,0,0,0,730,1135022,0.000643159,0.064315934,4.06
,ea1a23d1df885298f244796abc1d1805,250,176,131,15,144,151,77,182,127,142,20,93,205,127,153,45,110,28,31,82,109,28,100,40,2566,1135022,0.002260749,0.226074913,4.23
,ea5f95ad27cb6ef3e4b270f4e10bcd40,89,179,0,0,196,43,114,51,183,111,53,118,196,165,166,0,94,102,36,90,133,44,21,89,2273,1135022,0.002002604,0.200260435,4.20
,ec08af952b506ed3b32fd412bd8633c4,13,39,50,0,23,38,64,0,17,14,0,26,44,160,33,27,32,18,24,13,25,14,22,16,712,1135022,0.000627301,0.062730062,4.06
,ecbbf2c79865e5f985eaf44f8efa2f44,0,52,27,15,31,39,65,20,25,0,16,0,24,37,60,37,22,31,20,25,44,46,49,59,744,1135022,0.000655494,0.06554939,4.07
,ed4897364210960229ae8b3074c5a6ed,0,0,0,0,54,38,13,62,42,14,0,0,0,0,0,19,74,10,54,0,0,7,19,0,406,1135022,0.000357702,0.035770232,4.04
,edf6976e7979d102972a1279f743ec9d,43,36,0,0,103,0,0,0,0,0,0,18,40,0,0,0,0,9,18,23,50,0,74,53,467,1135022,0.000411446,0.041144577,4.04
,ee93b8e1b6dca887e9a6e38cc5873ce8,0,0,0,0,0,71,63,108,48,0,15,31,0,0,0,0,46,21,11,39,0,0,0,0,453,1135022,0.000399111,0.039911121,4.04
,ee978c7052d97f666b9cb6aee34ed202,16,0,70,0,0,32,29,88,25,0,0,0,0,0,0,0,38,28,0,92,0,0,39,0,457,1135022,0.000402635,0.040263537,4.04
,eef3faaa4703410cdb54b5b8ab6d8004,101,112,38,0,95,0,0,0,0,73,23,51,127,33,36,0,69,91,157,47,51,104,23,89,1320,1135022,0.001162973,0.116297305,4.12
,ef8f72781dc49e5fb82b65f7c666be67,0,29,0,0,61,58,68,47,46,13,0,0,21,0,0,132,92,52,50,80,89,0,0,0,838,1135022,0.000738312,0.073831168,4.07
,efa6362be1f2eadf260d613d27866698,0,0,0,0,0,64,45,0,0,0,0,138,21,43,0,22,0,0,0,0,28,21,35,18,435,1135022,0.000383252,0.038325248,4.04
,f073df90e41bdd0c9674d8de667f5f32,23,0,31,0,29,31,0,59,25,0,0,0,0,0,0,21,84,23,0,0,24,0,0,0,350,1135022,0.000308364,0.030836407,4.03
,f1554c22d6d84c3d277f11d7a173399a,601,807,553,146,863,766,953,633,612,833,326,931,1414,674,732,707,685,598,728,820,740,476,704,737,17039,1135022,0.015012044,1.501204382,5.50
,f16b2a5133f50b691b2f8010e4aa15d9,44,101,80,0,157,110,67,77,38,65,0,100,71,107,61,53,59,43,101,60,74,0,50,50,1568,1135022,0.001381471,0.138147102,4.14
,f1de58e896111f37a5547e55c818bd8d,15,0,0,53,0,0,38,0,0,20,0,0,11,0,0,0,0,14,25,0,16,30,30,35,287,1135022,0.000252859,0.025285853,4.03
,f1f62fe97b660b307a957c182e19cfde,3,14,0,0,0,12,0,0,0,9,0,0,15,13,15,0,0,0,0,0,0,18,22,4,125,1135022,0.00011013,0.011013002,4.01
,f208d3259f9e1aae51abaf05467e398b,97,83,51,0,50,130,0,0,61,41,47,49,101,31,72,0,33,51,80,43,33,0,0,25,1078,1135022,0.000949761,0.094976133,4.09
,f226090f54fbf7333963676e13538dfb,0,8,22,0,0,22,13,0,26,19,0,0,12,16,16,16,15,0,14,33,15,0,0,0,247,1135022,0.000217617,0.021761693,4.02
,f27e87e66cc341bb2dbf1a166ffb9ef8,79,83,87,21,65,146,128,161,125,79,0,49,97,0,73,82,189,134,65,74,128,115,164,101,2245,1135022,0.001977935,0.197793523,4.20
,f3ab46eb643f9fd49253881533af6c9c,59,64,68,0,100,77,46,129,46,22,0,41,48,0,0,144,109,54,109,91,74,53,70,62,1466,1135022,0.001291605,0.129160492,4.13
,f3c7962f5072986528a3f2161cbc4a11,0,11,0,0,32,30,0,20,0,0,0,0,15,15,0,9,0,0,0,3,0,0,16,11,162,1135022,0.000142729,0.014272851,4.01
,f45b4cdf75020fdf298fe38e86bf0592,13,0,19,0,13,0,22,0,10,23,0,0,34,40,0,0,0,0,0,6,0,0,0,13,193,1135022,0.000170041,0.017004076,4.02
,f510cc956aac7fc68f791d123f5151c8,28,45,67,0,0,54,134,0,0,0,41,131,56,90,18,43,0,37,52,39,72,0,0,0,907,1135022,0.000799103,0.079910345,4.08
,f53053652ab9cde93381490e4c3513c4,0,37,21,14,13,24,0,118,51,0,10,56,25,0,0,0,30,0,0,43,15,0,0,11,468,1135022,0.000412327,0.041232681,4.04
,f53437c681b0307b3380252a308a8973,3,17,18,0,0,0,16,0,0,19,8,28,0,32,13,0,5,0,0,0,0,0,19,0,178,1135022,0.000156825,0.015682515,4.02
,f57b142c70813523e8a0bcd5e016479a,96,212,256,35,363,330,270,398,465,117,97,248,231,122,106,605,559,425,495,787,449,57,64,128,6915,1135022,0.006092393,0.609239292,4.61
,f6738b97269e89bede428b189e91da4f,110,139,61,55,94,97,140,111,95,155,29,183,184,218,120,69,62,74,91,0,70,158,189,137,2641,1135022,0.002326827,0.232682715,4.23
,f6da163672ad774ddc3ca4bc4dc96245,13,0,32,0,0,57,15,118,41,0,0,0,3,0,15,68,72,20,43,76,37,0,7,0,617,1135022,0.000543602,0.05436018,4.05
,f70353692f65154433c11996f20b22c2,32,34,22,0,25,32,17,38,35,10,0,32,20,25,0,0,0,22,14,21,0,22,17,42,460,1135022,0.000405278,0.040527849,4.04
,f724e6bc614876601b7b5100dda4f431,45,56,0,0,49,0,0,0,30,0,0,30,0,0,162,0,50,0,35,0,135,31,0,26,649,1135022,0.000571795,0.057179508,4.06
,f7fcf7b07c4a987e18711a95a263d4be,0,0,59,0,35,42,47,39,23,0,0,33,27,0,27,70,47,66,58,47,0,0,24,0,644,1135022,0.00056739,0.056738988,4.06
,f822307e75f5ecf56a32bb978cfa0556,28,0,30,29,13,0,0,25,47,44,0,0,84,0,31,23,33,36,42,27,54,73,79,71,769,1135022,0.00067752,0.067751991,4.07
,f86b50b5a5a3dfc3956b2138a93c229d,11,9,25,0,22,0,0,33,13,40,0,0,0,0,0,35,31,0,22,0,33,0,0,0,274,1135022,0.000241405,0.024140501,4.02
,f87fac0587d674e089d69d4ad4e9d0cf,8,24,30,0,18,20,24,42,15,17,0,15,21,0,16,27,36,38,19,11,14,7,28,20,450,1135022,0.000396468,0.039646809,4.04
,f8b8173289056f3442317b4669562a60,35,36,71,0,53,50,41,86,72,0,0,0,0,29,45,63,53,40,31,51,45,0,31,0,832,1135022,0.000733025,0.073302544,4.07
,f8daf1de103cc7a544885bf81a623174,29,58,0,0,0,18,51,0,0,0,0,10,0,32,0,0,15,47,27,0,11,164,21,63,546,1135022,0.000481048,0.048104794,4.05
,f969cc698abaea143a020339bd041f36,0,24,0,19,0,23,0,0,29,17,0,16,0,0,0,25,10,0,4,0,0,0,0,12,179,1135022,0.000157706,0.015770619,4.02
,f994864d94b731cd82d045771e370631,15,25,36,0,37,49,28,24,78,0,0,16,26,19,22,17,0,0,0,0,0,0,28,0,420,1135022,0.000370037,0.037003688,4.04
,fa75f975431f52b784f14e4dea3c9054,0,21,20,0,0,26,16,0,22,0,0,19,21,15,18,0,0,0,0,24,6,0,11,0,219,1135022,0.000192948,0.01929478,4.02
,fb817cbb755566c123ccf837399dd066,27,51,44,13,48,44,42,31,40,30,21,33,43,20,37,0,40,37,31,32,38,36,49,19,806,1135022,0.000710118,0.071011839,4.07
,fb877d5fc2c9ec4bd9d9a163fa05486e,0,0,0,0,60,59,0,65,0,0,0,0,0,28,0,109,0,54,0,67,30,0,34,29,535,1135022,0.000471357,0.04713565,4.05
,fc01a3f66447a11e31ad53e00561f580,160,62,203,27,258,225,145,271,271,65,0,146,193,120,188,77,194,84,153,207,154,66,28,26,3323,1135022,0.002927697,0.292769656,4.29
,fc98f93e3893491d8960bbed9247b40c,0,21,35,0,0,38,12,23,32,13,19,0,22,0,25,30,21,0,10,42,24,0,0,0,367,1135022,0.000323342,0.032334175,4.03
,fd27ad015ce336037a046a81ff31136a,18,52,18,22,50,168,79,228,92,17,19,0,31,47,61,60,196,68,47,0,86,0,0,47,1406,1135022,0.001238743,0.123874251,4.12
,fdb5cea9da6632a6eca6c002cd6397e4,19,0,0,0,34,0,47,0,0,25,17,21,18,23,0,39,23,25,0,0,55,0,22,0,368,1135022,0.000324223,0.032422279,4.03
,fdc4629d355c8fd052871118064c068c,0,65,57,0,47,24,31,0,23,23,45,113,0,51,0,0,28,76,52,18,54,69,60,71,907,1135022,0.000799103,0.079910345,4.08
,fdf4f97d8f390bd3a66f47bcdbc12d8b,0,27,61,0,12,87,0,132,44,0,0,0,55,17,20,19,40,0,45,27,0,0,0,0,586,1135022,0.00051629,0.051628955,4.05
,fe0b1a443bda52db939f9ba64402a236,106,140,174,0,159,193,193,123,121,112,58,117,252,167,168,85,0,0,0,0,151,97,168,166,2750,1135022,0.002422861,0.242286053,4.24
,fe30cd3d3b6fc823fa7ddd393e10a4d7,22,25,28,0,0,25,29,0,48,0,0,16,47,0,0,22,0,0,0,0,21,33,0,32,348,1135022,0.000306602,0.030660199,4.03
,fe8db3671084850358ab6b8b52ad6f71,362,199,208,43,431,317,195,272,242,187,39,216,311,154,202,184,156,130,79,105,177,215,313,330,5067,1135022,0.004464231,0.446423065,4.45
,fec897381d27796e074c6c9b05a1de93,0,0,0,15,40,0,24,0,0,32,0,0,0,0,32,58,34,28,0,0,67,0,0,23,353,1135022,0.000311007,0.031100719,4.03
,ff455197e5f668acf0c4aaee9bd0812f,267,484,296,24,503,468,513,512,472,336,45,245,468,217,269,549,518,451,486,462,370,157,366,360,8838,1135022,0.007786633,0.778663321,4.78
,ff9c3182a8e40e17ac9353c339dcbfc0,0,97,41,0,0,142,0,101,89,10,0,30,0,87,0,0,0,0,0,0,0,39,53,76,765,1135022,0.000673996,0.067399575,4.07
,ffa31a3700f9548aa83f7acaa113d1e8,70,74,109,0,122,171,61,198,122,25,0,73,58,55,74,0,122,32,46,99,95,0,0,0,1606,1135022,0.001414951,0.141495055,4.14
,ffaf51332609e3c9dcc298fbf9c3c5db,0,36,0,0,0,0,19,0,44,0,0,70,0,51,39,37,0,36,26,0,0,65,73,60,556,1135022,0.000489858,0.048985835,4.05
,ffca0141e5304e25a280b2ab2df4d9ed,0,12,27,9,37,62,42,45,34,0,0,16,17,0,41,31,23,0,33,18,64,0,0,0,511,1135022,0.000450212,0.045021154,4.05
,fff06545d9062bf857e4ce4ebf59d76f,0,69,0,0,23,24,36,0,0,16,0,20,9,25,0,0,10,0,9,0,0,29,0,20,290,1135022,0.000255502,0.025550166,4.03
