Sample,Treatment,a0c8af6597e7dd187eca57efcec2d6cb,0232c8f4f3f2b7268891c772901d4678,11edf19ca293df3beddc0d9dd8448ccb,f1f62fe97b660b307a957c182e19cfde,2feb2e2e13c01276adfb91ac274c8893,19c14775b20f5cac9f0743f35ac51c6f,914d40cd922f6a7fbaa7b816f464c1b3,5ed5903550fad5bedea65103fd8bcc02,f2d82ad0b0d90bf76ec713686155d270,abf320b88f186e4d58caaad5269eec4a,0e1f53744bae7e235180cc03167e50fc,8acf98e90b03c6e2b7cd8d66b96f76b0,5431b56452ec0edd4808b4e8151b44d7,2c5f08689a5ddb6cf45c98388f8bb749,24abf7bfaf309973513207720f873430,8794cdb3944890e267fa418f85e25d58,5902a635fbbaa70769045e37ef1bb20b,dc36b0fe75ac832d46c5d905d1e67dbb,13e319d64e89630aa2c798f24cd3f75d,5beb719d2153498ea99e740ee8b22a99,6f201daa07694ea5ead1344c7310baeb,9579a5f30c614e368b67f8feca65e1bb,1e6d17fc81733f6b3139f507ea8b3964,324508fc7efa1c35109b7e930d883fb3,fb877d5fc2c9ec4bd9d9a163fa05486e,fdb5cea9da6632a6eca6c002cd6397e4,f45b4cdf75020fdf298fe38e86bf0592,0d4ced5f977118b406077655d55deb3b,dca9533da4b01b47ac33136f4a2134fc,43edc72eab30473b6d77ae8f89b43379,739f0ee223c9356f71d340b887e35acb,3c0d78d25ced17b529d930b89571ff57,8eeee86659d39d7697f96a115ec58955,8398b1c650e249bbfb3988e1721b1954,d985d535524c0b7e81cedff933136408,58f0afd219aeca9177ec09c30c28fc33,71cf03b7adaf0113eece7081240f4da0,6df074ab421f2ff64868ffe0bf6f88f2,4479338abc4249dc2d7a4385e261fb7d,46d6673c10fb7e8fff7a9d58f39c7dfb,c938c4ceac4c09d1270d8be976a6ccde,aa84636b7ec9b417f6dc9f0eb2c58c7a,ab0129d2a23407212f1d2de135fd7200,299814070bba81d19d3849f89ac65603,e6c5859ce155e9ccb36c66453abaef3a,60fbff7fe7b0fa4520f9b0a694f5c88b,defd1d344a150108a15a0a91f3712313,e07af1c8d6ba26edfdf4fd4a03637b22,bacbe60d58b991f07b8136140eadd5c8,2b24fb649625bc5758bd7fb56cc6f051,e2883c80ad609c3a91bc5f14d8931447,e4d9699729e0e056a0c772efc6dd6005,b3540c0af25833630dbb3a1d2971ede1,e30f1976c624474a5983076439bf1b80,a3fe53963e192e7bcf96e334a868edcc,b789f4414dbc46ec887bca40211be30e,97a7fce8cdd13b1e08878a12b1ece4fd,b13156b2fb7e1ee377d0b1e6ec7b8c7f,814829b28c2f2b6d01ef3da917aa9620,b08518861aad3a55ec7ee5dee551c3a1,2687ca73142102d4ea7051ae9a0cb10f,aa79cd522d10c4cd9d0b573958b93c40,4d6201fb420d647c32ea0cd582ef338d,6bf484a150739797db30e1db399881d9,41ca44af58936b94226a6eacd3b61523,61563a869a19edbc5b2ca07ce6be59dd,2408fc075ac1c3441d55436adf601d9b,4536c1e5c27dd714898fe3f1b05b9bb2,7da1299ab8186f27f3398521ade85763,5365cbcaae385a361cf6284f6d0bceb7,8860791be9bea854d2b813e7200c00a8,efa6362be1f2eadf260d613d27866698,27aeff481683020385ff79cf659baf92,433c1fba6eff1395051c91936c2a53a4,6b1937bd02bf7a3b979ae467217cfda5,bb618c07d8b9cdb0d42ec2541ba82725,f70353692f65154433c11996f20b22c2,3b53c57d6dd8fdcb547ce42dfd8ab2d5,aa4a7da60cbfadf333c660778816fa41,4dd6e1691a3e806c8f86c206bcd9cb3d,2d66d59115e5f8c6d716f72f4fc26f23,9af46ca9a2e9be167a4699576e46986e,574a6d8a4a9e23f799340bb050914c84,ac23332462f5f95fd670fccdda1d3ecf,378ebc49aa43ea5c4d8eec8c50c0bb94,908a07db99a2fd499396734f0600a05d,f7c1307c9e515afbdf782bfb74360967,a368d176d7e9f2688872e48fedfe7451,fe30cd3d3b6fc823fa7ddd393e10a4d7,4cb7ca2bdf65e41f6324ac10e5160606,7f6848bde6881e71ccbf6363246d11c7,a9ed26435b9a0410d043eb859626a6af,f7fcf7b07c4a987e18711a95a263d4be,c1ef50312081e14132b68ea99938efe8,e8961e279b0737d622306614fa979b0f,2d4daf13211b721af1cc1e591194d198,063a8b0b4589fa1fdbeb2119ffe4faf5,ff77fc0bd8e5769025e34d27fa1aea7c,75226a34961e7178e043576fe6489cbc,23efce07a9a5ce9745b758327a770b9c,7fbcbf060cc20ed43ec136d96a8f5765,8cc92a17f049c226b3da5af42a046922,3cf57b67f0f80276682fdd07686a6eff,90d91a0fb858cc9a96670532b6259785,2fc11b34402b80d30bb0a007d37e0f54,7c7c7761ed1d350dd250d3bf1f131073,77599677762880ea8751ee5415827be2,f208d3259f9e1aae51abaf05467e398b,749bdfd49d5482e24016ed5eef1cd9e2,b9319889259321069a1681366ffafd7a,2d12daf59d919a9813ce7e5d6490c5b0,fff06545d9062bf857e4ce4ebf59d76f,67d3747ee84f037e226b915881038a66,ba2321b7ebb2317c7247e5396c562e5f,cb71b18550ce1ce06ef45d07508de654,82c60d272efb9668c7048b4fefd45fdf,721f210673441b0c7ea0a42fe6e059c2,63945242997d77d36942527575a8a99d,4164e5a93c26aba949f9f4aef52f6ae3,c9f37e18cd5c75d991280f5715c191eb,6df56b846f58ff1af288ce2c72d38554,c550d693ad3b162a817462cc945063ff,bb7dabeda6ffe6cae93a9cbbc7afb54b,1ef2e6295de68016efd5fe1df177243c,cdd87a757a31b5e305eef57fd7f4d845,8260ae6f154f7215f39960da37fbef5e,c65bc62a0d40eaba6c671ac7eb01c3ee,3d76e6900f7026dd37efd85e68cb9e7c,1b9123f5b28e795eec7c9fac313296a8,d8a190cda3f0e71443c891d10790cdf2,104dd983684effc650376e4593cdb110,0d52df3ec2c06bcb997499ad7f1b00d7,f87fac0587d674e089d69d4ad4e9d0cf,d0ffd30a57208e2b4ee598ad0bf508ef,71dead4295f1f19d5201a138fc9cf474,b0e4f3ceee29def926d46293783b1d7e,355c6350b6b3d0bccc8344ed0857137a,74d2af17686e6f39a9d3adaec853df05,5d9180880af9854c6372832cdeb3d320,2951329abbe43dc4e3487b3f09c864de,5d15728d36a679257babb9cd13b29a99,f0d038e42a227b18a9c1c5a4a4435df2,796c50f83bfdf82881731e899b7a409e,9b3c83f0ce7d2ff29b69d076065c65d9,2693e41a3f16a944b879c69d0ffff613,b9d64121503c9f2dd6f82327aaae7aba,c7a766d06d80ef6e2ad150327a7cd0e9,7c60a851ed6e1b3a0246fc84bc81472d,2701d1b79b4d530cca5d5e58b1d967f5,60af3ebaa4e6c400084034424ef64934,dfb29ec040a43ef8358181cec3ef0581,fa01328178c62c03d7775e418dd6ba04,f24e29f33c1a1392cf47e1928bfb1f85,8af9b72c1b3847562719d980e6cab6ef,4417ecc7507040687f59c27ab492fb87,9a56d338601eed478baefaf441a46811,0417932f92ef088ce95891d729697bbf,dbda19f675784c831b58035c7642532e,dc8ee626ae285484ad61520ccef7a932,f3c7962f5072986528a3f2161cbc4a11,84bcf042e3a9faf5a79ebeb6b4cc2284,e22aff5e874e465ec4f8d9568f485a81,8d131fbe2a51685f205ecf49614df89f,dc38bb48c57291481ef17757f91e52d6,1810761473a66f3539bd8192836e8f71,cfac5718777452ddd3e80d2d17c41d49,8d1b5098c19d452a16d54c3481b04b9b,151f25319c8715bb49632a77fb021ad5,058d2bf8584c06dded23a02aea348e63,ad940a13228634488f45fd53ace3a77f,c5c37330640f54d18bb34f2e179eb47f,fead190fe6e9b9e6d630717bc9ccb4cf,ab721876cc7159bf0ada0ccfb2a8bbdf,d70e0dfbdc5b9f2791cb4a7d54605fc0,3d8a3f9745dc9eaf84963ec99d125d84,15c09cb7d0c9ee2871e3599bf6f4e722,f3ab46eb643f9fd49253881533af6c9c,f510cc956aac7fc68f791d123f5151c8,c15edd4400d9195bf46b4d6619b23c16,564e42cdcfd64c8d404a8a8cc74709f2,767dac15435346bed392cc943aa325ea,e1fa9e4729a2fa973c8923fb8f27580c,e4f3d014197dbe0b51d919dd79d6a401,3aca17ea1d41cc369fd7e2b3d124d312,cc4fa9a30fb72ffe2170c798191b1aba,bb2ac62de7e7de613198b5f2a4a09a01,68df9aa146fbc58badd2b90fed67eb26,9d44542f9e5d6afaa65338fade7390cb,e81ba95647cf390ca4163e1adaae8954,ec08af952b506ed3b32fd412bd8633c4,87f80e1b75c17bba760e92b1f6969094,c6b2ed25f50d20771b88647f12d5c837,d67d613c36869bde2d8e70b369b0c2a4,31b6d495db332a8725a67e6cba15865c,5010e21d06c7a18a1443ff214d2bc51b,86c145c16f8bacf8a6ec3549a30d6990,e934de394d66c2b06ec85ba363b1f37a,9214c8ae1d39f7b6cd90d07cde2582f6,2cc455e2e9e3471d84049387c933e5ae,604e2b20bf3bb89d005094a212767a8c,83614ef7222308b36bf7151a842fdfa2,7e30441b29be215e2ada6cb823b681ec,14a79b7e1862deef2d42d29f4b716778,32d1cf5151284481294b8f21fb52596a,0c9930d0da80f6ff1bb5f631d7053245,48cbefde19001137abb8b7976cf711e0,abad53feb6f5780f11bf5253dd85b33b,c97652e68a12c265ed6eb0460b9cca90,80f937741179ac587bd1e4de3f6f77a9,13e562cd4721747845d9a3d56a1c3d2e,d8b66f2293acd8eb868b3c5627745ef9,891dc7c4bc5fbd51e97b9a0c110c6220,c117e099a57d9d761172cdd88844153f,d9cd0af578a3fa9523c3fa8fec47c3ad,d358f839920b6bd0d20fba6a03f7e67c,0649da7b67156aed2b87a455e44c6a3c,19e4c67043764aa2b2b5a9fd638ebb20,a73ea8e1b71af00189f78b641c416b65,16dedc79dc6331305afc61a06e0a39e9,3c1801326a1ee64b174b5b420cf81f4a,eef3faaa4703410cdb54b5b8ab6d8004,da970e482dfe05782437a7463b5c71b7,fc01a3f66447a11e31ad53e00561f580,8d208edaadfded1f5e11b203472a52e8,c7f3063ac201bf86f753a0133f5bc8af,6353e8e4d6f3a1c8050935f433252dec,ca3535139d924cfca88ceba216fdee8e,d189d41c4186447b57a13b5e5b639bc5,9d15e89e6dfc7469f1218986d3294148,c34826585dd78407f20e083103851b81,7d6d1d8113ec7f891d27d8391df66411,0e55339184fe9a032b6098595b39905f,83805be70aece30df0d0e78d719d7a63,15f25fdd487b28486331fe45f5823b08,1cb409f5ec2f57ae83968cb3f3f4936c,5762f858a76d37b266663011ee5172a5,6a825d980a7de1a9314fb660c594bee7,1a82530a81cb7d13d7d77b86aa5b0924,ffaf51332609e3c9dcc298fbf9c3c5db,065caf177c9bbca39283b882486de188,043ffb43eda2598aa536d3affb924a92,bb46b1f5d33b1bbac8e2fa6bc0d87bd7,ba38c008209c1f32d15e96d005308311,5752404c3a16ac47581e5f471ede4652,3852523902b72b40a7621775d8aa9435,a5f66d45d3b07965295c5e479f8e2570,cd81cf2e9cf49ed204a338825c537fb3,e320b05ff82a7b05b32a473ee84802c5,2b2bf61846ac2d5d20ebe60d9ac3ba21,a157aa393add09ea96b5690fb5a03e97,bdf8a26094624622d68509a87fa75ba7,9e7bbfe13d93363d34e0ae98df331a88,a1fad2342c3aea3b75f17816f0aab4b5,6e93ba2bd97442f38b96bf7a8609843e,35476e9d8c7734606ffc7dd09a5e2942,7079566bd1959d62ea1c7923159b7a3d,25d5661572aa5474b57290cda526b043,3238f93189c7ec2d2db8c7cd61c35f48,714d60bd4480ed3b0eab40b3ad545ba9,c8ba9d52fde7e9fe713fb5eeb77b5e7b,ade04fd51fe2a7ea6a5de7be6c690573,7b0335adb8b862e1931aed516d897807,7d8ec21f3b12ff1abaecd5950ac9b2e9,f16b2a5133f50b691b2f8010e4aa15d9,e8d295f8e73c2180395d9ef011693a31,7814437b40796fd8f61a101560bfe4b4,55c7c0d737d24bfc81d7e8fa4ad2f20a,e0b415a48430a58a81375b935360ff91,a925dcf6cc3e777d9888aeb184a6c6ee,4821dee57a629564493ff191d3cbf9b4,3046627c356a24ce50a771cb00466245,1a8287fda101bbdcd915a9ed4840c004,17982332c1aed63dba32ad679a01e667,c63a29416a7eabd7ff67a49489118771,f1de58e896111f37a5547e55c818bd8d,69a25cf370444b4f31c5747eb160978b,e7b0bb9184c662636bc7827c162de099,319b815afe9c41888140c0b531a9fc50,20800c485d918ab4ba76025fd651a6a0,f822307e75f5ecf56a32bb978cfa0556,67ee89cc3d383651ba4c87867ec6fb78,86c049dbebf28346fbcab63b05dd7560,ff9c3182a8e40e17ac9353c339dcbfc0,a233f3333f0013b24af2d90a890c0f68,4d58f5f6c5b0c7cef447775e8316a763,7e7faa5b3c2d481a8eb03e62fabfed12,92e99b44d3aeb745a3c8da93b4e15106,2393ace9b1cc38db9d01fbe354f1a381,d7afea49f4db0874e17c76039e523806,db0b3237ea87eb0333ac4df1c5e98c83,bd5b50733d50f1225b08b468f38eec67,6335726bf151d2c937052be99d617534,2679b78111c7f345ce9f9de5fe81f244,21b726d9e46d31c3340e0ded2ce93cda,6aa8c3772f804fd78ad94be19a04da63,891f4e188fadbc3661081d172cdc6b0d,fe0b1a443bda52db939f9ba64402a236,cc40b03f4e9d74ac9bc80407a1c35c0e,eae2dc0f6d173165e1acd84835560bbf,03d0864275ffa173ba848eb1d370daa6,fb817cbb755566c123ccf837399dd066,1a3f05d8b58c522bc987e472e8e8c485,9068cc249fa74993dc04bcabb5b5412e,665eb4845976f3eca53f97f29c4cf09f,62b43007218a31c5920fafc6c005db34,92d1a7d25bc8fd9a67041099190d586a,41f205eab60ecb7fdbf8841ba52ad69e,16279d63c18f0ce497fac24287ac9ed8,467b1e4e70e3189aa1c29dd5d1426ec4,a1fa3a592da596cfd723d113579fc05f,c0ec01007e791d30819aa844d64ad2ae,a1087281564dff44783f3b0247bb3dfa,c18cbcf9882dc05c7d7ca7d4e8112cf9,c22fca4bf161aec670f108d97d721ff7,d818a65e830b1281025ea48dc96e89c9,979d36c2bd41f74ccf53e33c5bfe05bb,78faab4772ab5a607f822f8e7bfbc0e6,9c4117365dcf5e96db1c2696e3ba0aca,c1852660e0c98af7d998ab1e15dfeef2,f8daf1de103cc7a544885bf81a623174,1db00d824b8214e3110badd20a8cbd49,ecbbf2c79865e5f985eaf44f8efa2f44,b5d49294b2ff467ac47bd4354403f548,6a1917bd9c036971a5d32dc23299b570,20e3fc9ceaacf533bb48079d79ebac6f,cae33a7d5f2c2e4efab7a096e71afddf,d67c365dce47104f34fc44ca059d411e,9af3467db68cf6063627304cecd46a65,72dc981aafcca2d9940db8b121163524,fdc4629d355c8fd052871118064c068c,7cbdfe9053b27e5811adf2156d63e127,68f21ace326fd6c1293286eaf7184417,502fec88bf56ea7030b364c25e281df8,c42b1bcc145935d27c6c3eca92961ee2,cdcf50243a5184d9344a5e7a2ed79471,ea1a23d1df885298f244796abc1d1805,63552328df300b1aa1ab40bf7b49911f,f57b142c70813523e8a0bcd5e016479a,2a071af67ec43b7126e8c362bec6e8ae,17cb6783b16db5a1c270c3a0c2462b3f,cb80be4ac2def4c41b4338fe839038be,afabed17a08ffea3fd97aa1e4079bd73,cb9e5154fd9f88fc8762492f5d4f62bf,de6087b1c7794a22e4a42167dca67b3b,3b2cd93d269ccb3d848124cbe197a98c,38c4d4d8a675313ae6639259f00ff97c,ea5f95ad27cb6ef3e4b270f4e10bcd40,1c02701bb0bdd59b7831f1c12945e458,5fccfd623e685ed174c4cf98730cada5,5a7c85d39e6fe84bdaa0bdfb9c3e22d9,817c612f28169a4e2386b13f2b8f3305,c4fb65ed3eb4a6360f13ff7ec5af1cb2,c9de210c5a513e7749d7e67ce403d19a,4001ebba692619127ba73cb0e0893060,856c2f52e9359dd3b4ee1dbe2819ccf6,1fcffe31a021e2c19708409c5cf6226b,daa1104ebf9cf338cec85f6de68805f0,7d95d8417564fd29645c9844a7908af6,66d2b628187f8fa3b00f5c3628cc161d,b6f17b4c02a8e93d92fcdbd3f436a567,7f8879f54cceba4878e0666428f37d0a,73cc351d044ed1f086350eb35945b662,56a4624e6a9dddf7d20682e53b2a49c1,7921fceb720af59c47c28c493d8d91a7,722ca2f7dd4cfcfd70770de0b04e21bf,13ad238ff80cde86ce862692d31236d7,5461cbec86382de4f99ac81bfd6293cb,c156fd0f1861c5cbd451a01529215a91,2e3ab9895c5da9a01ab4b5a6e18655f6,612b65b15d2a64e55bef0a6f28a0f7d0,58ab4d14465fb08d1359d21641b18776,6cf596d9f7f35025f21ec140b96aa9a6,b40dca02f07ecf1c0f53760f0153a059,45a9db0e9b18fda14379dfa2554ff370,d564a3f8e76f94f7a767be2d841b1aa1,aa1a95bff808c63959ec26ff3dcf8dd9,62970cdab801fc6571c0935006126aaf,284c506d6a39ac0fd6464da973bcd0c0,3b38999bdbf762d48005d1e4f7a5de40,6b11029a780b6fd78fc82ae5c77092d3,157a7c6518a3b3e70daf62add4531002,c96adcfeae3792cace6f3d933a87fea0,7c6a64214d1fa88361e42be5789fc416,2ce0cbbc8aa5cd85a0f34afc594f7567,893acb6d6f7290c6849d4c803a77f7ba,126725edba04f6e6ea7cd4fab67c9ecb,32f6a823e61daf1b06a32cb8824a4325,f27e87e66cc341bb2dbf1a166ffb9ef8,e066e75e444f1e0434c62c2714e2ed24,e0ad8dba7fc5782cd9c71b8f52d5cd72,2573d88484d9b2979456e4a5accbabc6,a1a7dde83a081698cb384f31a3387577,2cee54b259de60b087645d239bb06f80,42ebf1fbb8dc9c2a59a522951af7c89c,392d199c17fd63f7a79eea2cdbfe87f0,735e187360fdf25275eaef881190740e,f6738b97269e89bede428b189e91da4f,e815840fdd9a6038d67c6878dbb3af8e,27d5787da5e6434481488cc86719e896,6ddb6ca13d5e22fb7808595926eceaec,0549640f80afc02d3f5453c94f60a627,064b6ec110a2276ebc79fa679460bb9c,58540ccde4dec965024c3ea4439cbb6b,15013e76cab8983167cea844a3cd9c81,a6841fd6c341bedd8a401cd08bb2763d,6c1ed4312d03470a8323002ba1553e32,75cac7ae6fbcbb7817a14f6772f94924,9e04003825b786bb57df86bd48e6b9f8,aaeaf48251cb111740428f41dd173118,e1a8cf35b1f52422e75b3ca6ea77c567,48e665141691a28bc90fb9f37cbc09c2,ff455197e5f668acf0c4aaee9bd0812f,1975f0f2b6531e29f1c84e99f1b51ef8,845be08d6ae6d3073a24d790fab9962a,fe8db3671084850358ab6b8b52ad6f71,dd3d36fd596e048a228a8837fc847f49,e4ee05bbf4ea42bb7404e560a5998628,aa6884ce838770d70b18e5e242babbda,43c9e86409734b832125a67753d9b6ab,e9b2e722f3407d73e6e0e1a8c2ea14d7,6e105f3f79341d4c6ac024b928786898,9e68814ff5c7be0da458d282eb1bdb90,5753e2e978be831e0069b6a3a76862c8,2ac28c9b07b5c15b9e07ea8ff280d7d8,787c7e53503496792dbcfa585c388b9b,69f38f9e79867a0a88b172de2543b59d,ceb36da1a26eecc6429aa5cefb368a09,815441e55a0ea6cec04bc18f890a100d,d8bdbb4d88ad5b3fe2106357539a53db,45d4963bdf8ca919a6dc6bd7d3e1696c,4351d2689ebb61f85de63d886ea4c309,c7d515854b42f436b0a5127fb010e8c0,7379cb1eb04cbde0c10f7375d914e6bc,d3843642fb3c77ed98e31a35fa918c92,093dbcff1372d79fd828467dbbd5d9a7,c45e5200945481c371932d3c578789c3,25b2a501741d7ecb0c876cbe140fa840,d0855c29c251c2223fa348963b97b15c,ab0184f9b865f34e92ea87ed83be9079,f1554c22d6d84c3d277f11d7a173399a,7c5e43b67baf767b7e3dbfc961596180,e19d2ae3bb9663795ab3089680a3f9cc,d7abbdf4303cc5e5221d18d8a6bed3c7,29abf79937c29f1d4d7d5739225d3b22,622f82cb77c0053f9260cc95a3a8a6d9,2e1ad4de8caa2af94cb2ae810b2ed9ce,b0546a8c6a38415c52d2dc916319d3fd,ceee02490f5d19e92601d01378460755,1c291466057260266d13db2efa0a99d7,4017068a951170606948e850bd9fbd30,bd1c5a1d598935c732723e49a713dee1,90aca794c7e30b8a77e87f13ffc9a5cc,d829bee4984f82ffc2453212157caf96
FD1,Reference,4,2,0,10,0,0,9,17,0,0,0,13,27,8,0,0,12,30,0,23,0,0,26,0,12,0,0,0,35,8,28,0,38,0,0,0,0,42,0,100,0,117,0,0,18,8,0,16,22,19,35,0,0,0,27,0,0,0,59,0,0,79,58,0,0,0,0,0,0,0,0,0,132,3,20,0,0,21,9,19,0,0,0,66,0,24,0,15,0,0,0,45,0,24,27,18,0,0,10,21,0,0,63,0,21,0,18,0,0,206,41,31,0,33,30,0,29,20,38,21,22,40,0,22,0,0,0,30,0,0,22,0,24,24,12,16,0,0,42,0,22,45,19,0,24,0,39,0,0,0,33,0,0,0,0,0,0,58,27,0,0,18,26,41,23,22,81,33,41,0,0,67,19,12,60,0,0,0,83,81,0,245,0,12,7,8,0,15,30,9,0,48,43,0,0,75,27,0,101,98,322,47,19,38,12,14,21,21,39,87,52,9,0,28,40,30,0,39,88,112,0,52,19,92,84,0,44,99,124,245,0,35,47,17,74,41,35,41,103,63,0,94,24,85,61,88,0,0,36,32,16,52,4,0,0,15,56,19,93,6,17,33,57,51,64,63,169,64,52,31,72,169,100,0,17,22,62,59,93,43,0,38,98,29,51,83,61,0,140,112,30,86,79,50,158,92,229,0,39,22,27,55,0,0,65,35,37,11,33,71,24,151,83,99,102,170,424,19,7,19,61,63,50,59,68,75,33,13,73,39,55,227,67,39,101,64,71,48,79,97,74,39,13,56,57,109,36,43,69,49,56,113,18,23,0,21,86,103,43,102,94,115,211,204,164,93,49,61,156,331,90,243,226,237,175,600,257,307,761,1249,1672,69,47,85,117,110,95,70,61,126,215,85,143,462,82,171,174,118,123,180,69,232,115,381,250,241,370,194,161,176,249,222,51,184,246,169,85,318,421,586,244,547,233,289,615,411,359,309,523,683,763,548,249,416,319,429,469,797,738,537,1064,875,594,1594,1137,513,1135,2299,1652,2322,2794,1455,2863
FD19,Reference,6,0,0,0,11,0,0,11,13,0,0,0,17,0,11,21,0,24,39,0,0,0,24,18,21,0,0,0,33,8,41,0,0,14,0,0,44,88,0,82,0,0,0,0,13,6,0,8,15,0,0,0,17,0,25,0,0,0,22,13,9,82,0,0,38,0,0,28,0,68,0,0,39,21,4,16,0,0,0,11,0,21,9,6,27,0,0,0,23,23,19,0,0,0,81,0,33,45,19,0,25,0,22,0,0,0,51,0,48,99,22,15,0,27,20,0,26,18,33,0,0,37,0,58,0,36,76,0,0,0,0,15,0,0,0,13,36,12,13,0,0,41,48,33,29,13,12,0,0,23,0,38,73,14,0,58,0,45,586,6,17,12,32,28,25,29,0,11,0,0,69,0,0,17,37,56,32,30,65,49,46,130,9,23,7,14,8,0,18,0,16,0,37,0,0,32,0,0,31,0,159,29,14,13,32,0,38,24,47,19,40,0,62,69,47,39,21,26,68,15,0,182,0,107,114,0,9,184,0,192,15,38,0,0,95,66,51,76,77,0,0,0,33,116,89,87,39,57,34,19,13,19,0,34,56,13,65,24,47,20,10,56,49,39,0,158,47,58,123,25,84,0,188,0,15,14,34,39,67,33,35,83,69,25,29,0,24,31,77,81,66,43,99,61,148,39,242,112,27,10,15,40,45,40,32,22,0,0,102,62,16,91,182,76,130,122,190,25,23,30,56,43,24,38,128,34,28,119,81,32,0,69,49,95,128,23,60,96,72,168,132,32,19,69,58,15,33,55,74,56,131,98,26,112,128,70,63,89,136,94,107,157,81,101,88,58,42,47,55,200,105,185,243,276,277,330,339,425,773,1213,1717,159,126,56,103,171,151,76,57,254,107,138,168,182,185,206,193,175,468,280,272,146,183,230,238,284,213,213,344,213,129,209,269,105,224,232,80,224,338,575,550,511,442,591,384,366,351,585,663,613,402,383,562,732,266,497,722,819,476,627,821,901,833,1207,903,711,1350,1206,2720,1862,2062,2612,3878
FD2,Reference,0,0,0,0,13,0,0,0,0,0,0,0,25,14,0,0,0,0,0,0,0,0,0,24,0,28,0,0,35,0,0,0,24,0,0,39,0,53,0,0,0,89,0,0,9,0,0,12,20,15,34,0,13,0,0,0,0,19,0,0,0,0,0,0,47,0,29,22,57,0,0,61,0,0,0,7,0,12,0,0,0,0,6,39,12,0,0,0,0,0,0,0,0,10,22,0,0,24,0,15,0,0,57,0,0,0,0,0,67,91,0,0,0,20,29,0,0,13,16,19,0,36,62,0,0,0,56,0,17,7,17,0,25,15,0,0,26,48,0,0,25,42,35,7,40,0,38,24,0,56,9,74,0,0,0,0,72,107,0,0,0,0,0,0,0,48,59,36,25,13,21,23,0,0,49,60,0,0,49,56,21,84,0,0,0,0,17,38,20,0,10,34,29,0,45,196,19,0,89,69,82,21,0,12,7,0,19,14,34,22,25,0,32,0,65,0,37,0,80,24,41,89,0,0,87,0,88,59,18,95,17,19,0,16,0,44,0,0,61,93,61,58,0,76,40,100,46,151,21,34,0,16,0,0,44,0,45,53,28,0,0,0,84,69,50,0,115,86,193,26,0,74,126,0,0,15,11,75,79,40,10,0,67,18,36,38,0,14,129,268,52,58,173,0,0,79,211,0,22,16,0,0,23,53,25,86,33,23,215,96,68,97,83,102,108,125,478,4,5,35,42,25,96,33,44,28,27,32,65,25,84,73,66,59,59,0,68,30,0,109,96,39,28,28,80,15,34,27,25,37,96,91,19,193,103,113,0,45,115,170,63,86,195,165,81,142,53,52,187,163,100,101,340,118,216,232,314,595,878,1062,1434,72,26,54,119,131,115,61,31,116,227,73,171,148,38,189,153,100,75,218,27,179,66,192,418,310,361,217,114,389,229,218,97,346,242,252,42,80,489,207,194,418,186,368,427,254,304,488,562,604,516,422,124,567,344,348,501,578,711,346,1309,637,586,1050,834,549,770,2065,830,1701,2195,1401,3016
FD20,Reference,7,9,0,0,0,0,0,0,0,0,0,0,15,0,0,0,0,0,4,0,8,0,0,0,0,0,0,0,0,0,0,0,12,0,0,34,0,0,0,35,0,0,0,0,0,0,5,11,0,8,0,0,0,0,0,0,0,0,0,0,0,0,0,0,0,0,0,0,0,0,45,0,0,0,0,0,5,0,0,0,0,0,0,0,0,0,0,0,0,0,14,0,0,21,0,0,0,27,0,24,0,0,0,0,0,0,0,0,0,0,0,0,0,14,0,7,0,0,18,24,0,0,0,0,0,12,35,0,0,8,19,0,0,0,26,0,18,8,25,0,0,0,0,0,34,0,0,21,7,0,16,0,0,10,12,0,0,0,19,4,0,0,0,16,0,0,17,0,0,10,0,15,16,25,0,0,0,0,40,0,18,93,0,7,0,11,0,0,38,19,22,0,0,0,39,0,0,0,0,0,0,9,10,9,10,0,22,0,0,0,10,16,16,22,65,25,23,0,0,268,0,0,0,20,56,24,14,0,33,54,0,29,14,0,0,22,0,14,0,15,0,0,27,34,0,51,0,62,0,23,20,33,11,13,26,9,0,0,16,0,18,10,0,0,23,28,63,15,0,33,33,0,57,40,8,84,38,21,0,0,0,0,30,9,0,0,21,52,51,0,36,10,0,0,120,25,66,127,12,12,0,20,16,33,0,25,0,11,26,118,9,84,35,0,109,0,72,13,13,0,65,18,21,9,8,21,45,18,40,19,31,0,19,75,35,30,44,32,57,62,104,17,0,67,28,31,0,12,66,24,32,30,54,20,62,0,62,38,0,29,46,66,0,37,44,81,8,66,34,71,54,43,121,136,135,156,224,104,476,559,1156,18,33,37,28,39,33,47,62,22,41,94,67,79,29,49,94,48,99,51,81,69,76,120,110,34,72,125,124,44,68,103,96,54,100,90,99,177,193,71,86,191,55,59,230,164,96,102,218,63,145,260,235,281,241,276,383,166,359,333,367,236,450,310,438,284,573,415,506,775,994,918,2159
FD21,Reference,7,9,9,0,13,0,0,17,16,0,0,9,0,14,0,32,0,0,0,42,30,17,0,0,0,0,20,8,16,0,0,0,0,0,0,36,35,0,35,0,71,0,108,0,0,0,25,0,26,0,21,23,29,21,0,15,36,27,22,36,0,66,26,17,40,0,77,0,55,40,109,79,40,10,0,0,0,13,21,0,0,25,0,0,29,48,20,0,24,22,33,37,58,0,0,0,0,0,0,0,31,45,0,13,51,32,0,60,128,0,0,14,20,0,0,0,0,0,36,43,21,29,0,30,41,47,0,73,88,16,0,13,8,19,10,19,25,0,0,35,28,40,58,37,0,57,0,0,94,29,46,43,34,0,63,61,73,95,61,12,16,0,34,0,0,26,0,16,37,42,48,45,21,52,52,0,19,109,0,0,0,88,21,25,16,39,13,0,26,8,0,0,28,81,30,0,74,137,61,83,0,0,0,16,16,22,15,36,0,0,0,31,61,55,45,96,95,76,78,67,0,80,74,79,68,48,218,131,114,0,16,31,21,37,18,0,70,39,0,107,0,28,74,65,41,70,0,71,6,21,19,31,24,55,25,38,34,0,63,41,42,55,83,52,76,68,72,88,56,108,0,138,147,81,29,11,33,30,77,0,53,58,20,0,57,47,27,34,72,39,100,75,58,123,30,137,201,247,9,27,39,46,92,74,43,39,45,43,111,50,37,67,124,135,147,170,273,25,28,66,39,40,44,67,0,54,27,62,68,56,70,68,118,78,102,81,58,101,247,79,219,60,46,42,54,55,31,63,51,41,87,119,109,86,104,115,56,156,95,94,129,139,112,155,77,152,180,82,109,143,282,283,241,123,231,165,243,320,457,645,1096,88,81,91,90,147,66,159,140,51,55,152,181,110,135,176,171,266,169,172,217,87,136,165,186,171,185,227,238,311,112,152,402,133,264,263,348,293,263,305,447,326,234,295,412,322,263,591,401,427,284,916,582,686,716,417,857,303,698,865,612,864,757,709,742,1365,1536,1144,1569,1791,1374,2871,2465
FD22,Reference,4,0,0,7,0,0,0,3,0,0,0,0,0,0,0,33,0,0,0,0,8,0,0,31,0,50,0,0,0,0,38,0,0,0,17,0,0,0,0,0,0,0,104,14,6,0,11,9,0,27,0,0,0,0,0,19,19,0,0,0,8,0,27,0,0,28,53,0,0,0,0,0,0,8,18,12,0,0,16,0,19,13,25,0,0,0,0,9,0,25,29,0,0,0,9,0,0,0,0,0,0,0,0,0,0,0,0,42,71,45,0,27,23,0,0,10,18,0,0,72,18,16,0,0,55,34,0,56,35,16,4,0,0,0,0,0,0,24,31,29,22,0,0,25,30,0,0,29,36,27,0,0,0,0,0,0,0,88,0,0,0,0,0,13,15,20,0,48,26,0,47,14,50,17,53,41,50,19,50,0,0,101,4,0,21,26,9,0,0,13,30,31,0,24,51,0,0,13,0,51,0,11,13,0,15,9,28,16,13,27,12,52,0,46,14,45,40,0,0,0,0,112,0,0,63,41,25,0,40,0,0,26,23,26,45,42,9,0,0,0,58,0,0,0,0,39,78,32,4,0,31,39,15,0,0,34,0,28,0,22,18,27,0,0,49,0,27,16,39,62,57,0,0,68,23,23,37,31,67,38,61,48,0,0,19,21,0,66,0,0,25,147,0,82,28,39,127,211,0,18,17,28,30,22,19,30,22,23,27,49,20,47,50,57,151,136,119,18,33,0,26,36,37,0,40,43,59,0,63,39,31,0,44,55,62,63,75,101,77,0,121,15,26,45,34,61,30,47,74,17,32,71,77,88,96,26,66,52,52,50,67,118,30,49,111,158,89,77,66,105,188,0,69,227,159,146,182,213,341,444,588,16,21,64,71,43,41,58,110,64,87,124,64,108,92,70,140,179,94,85,168,110,136,132,157,100,43,271,183,57,115,305,315,80,135,143,238,256,87,86,226,255,124,82,379,310,208,365,511,127,157,566,330,330,397,225,519,123,623,573,484,267,584,325,189,656,2009,399,662,1396,1261,1413,1864
FD23,Reference,0,0,5,29,8,0,0,26,0,0,0,0,11,0,0,30,20,31,23,37,0,0,31,0,32,0,25,0,0,0,20,0,0,47,13,0,73,42,0,40,70,126,140,0,16,0,0,9,21,0,26,6,0,12,0,21,0,0,31,0,2,10,0,34,0,33,0,23,0,0,56,53,0,13,16,0,12,0,15,28,22,31,21,0,0,21,0,0,19,0,26,17,10,32,21,10,55,0,38,57,0,0,20,0,0,49,57,69,91,131,17,0,0,0,27,19,15,0,0,27,35,0,0,38,32,54,0,87,82,29,5,0,11,0,19,0,24,61,19,29,34,0,0,54,24,0,38,33,38,63,34,37,0,28,35,66,0,69,54,0,10,13,0,0,0,0,14,34,14,0,36,37,73,28,0,58,60,0,76,29,0,0,6,13,37,26,3,16,0,13,28,57,0,34,44,0,116,0,45,0,0,17,8,0,0,14,37,17,22,44,0,25,46,41,111,41,50,0,38,0,28,160,74,46,49,43,74,160,0,68,0,30,28,45,51,33,62,24,0,27,125,0,0,90,131,0,112,60,30,18,27,47,60,48,42,50,40,118,31,24,52,97,39,34,83,82,58,0,37,95,121,35,0,46,23,0,28,35,25,41,43,71,38,41,60,43,31,22,35,58,32,131,110,153,117,45,122,210,22,48,48,42,32,33,69,0,53,48,33,103,148,130,151,123,63,70,131,18,0,35,41,35,39,21,135,86,69,47,62,68,79,52,119,55,138,95,196,80,128,185,144,32,30,72,36,20,63,30,47,67,39,65,70,42,72,116,71,79,100,121,141,101,66,77,155,90,289,75,132,89,325,87,167,456,225,151,361,169,422,643,1767,52,145,103,33,186,53,139,92,63,99,99,211,137,98,168,113,133,175,297,190,162,239,128,166,181,203,79,203,129,123,152,369,309,309,159,435,440,286,243,428,319,458,334,155,357,337,399,664,344,170,566,842,409,594,511,486,645,281,791,300,691,812,705,536,1247,970,1419,1709,1219,1662,2116,3046
FD24,Reference,0,0,17,4,0,20,0,0,10,23,20,13,0,26,29,0,23,0,0,0,26,38,0,24,23,0,0,18,0,85,0,0,0,59,59,0,0,0,26,0,66,115,0,13,0,10,0,0,0,0,16,43,0,27,0,80,43,44,0,31,27,0,0,85,0,0,0,107,59,58,0,80,0,0,11,26,0,0,42,0,23,0,28,8,8,0,18,113,25,35,40,0,33,0,14,26,36,28,43,0,31,49,92,69,91,76,63,95,59,0,18,0,25,0,0,37,9,49,0,33,45,0,0,30,67,0,39,0,122,12,10,0,22,25,19,31,0,23,0,0,42,34,0,43,0,70,35,77,46,12,69,0,0,132,229,30,103,98,48,11,16,34,0,0,0,0,41,40,21,92,0,40,100,60,64,93,100,164,78,0,186,146,20,16,0,0,39,40,0,69,61,55,64,100,42,38,45,221,80,0,0,0,0,0,14,13,0,0,37,28,23,69,0,0,0,64,0,0,63,0,60,127,74,0,0,112,102,34,250,33,35,0,58,31,0,0,0,0,42,188,104,48,68,0,71,82,75,93,6,0,53,14,34,41,31,40,64,29,56,136,99,45,0,113,14,0,0,56,37,149,117,0,0,294,15,43,0,26,47,66,133,61,29,119,150,112,32,82,45,49,206,0,48,122,75,263,196,465,17,28,56,37,45,39,0,39,132,105,91,83,91,34,66,101,0,0,173,0,71,16,72,0,11,39,74,95,132,80,33,59,69,131,38,125,0,206,118,197,138,139,43,0,63,31,93,93,108,19,83,205,87,51,86,50,69,149,99,79,62,28,146,101,71,62,67,91,362,166,380,187,244,159,66,0,272,427,443,427,225,673,692,19,32,119,134,69,83,211,144,30,128,183,135,24,199,92,129,278,223,104,135,161,211,143,110,277,266,185,137,134,543,397,230,267,380,146,247,190,282,163,194,186,316,246,250,343,391,513,336,283,333,369,291,489,785,609,417,491,565,793,344,350,926,455,664,1894,1790,1409,1074,2134,1575,1695,2577
FD25,Reference,0,0,0,3,6,0,15,0,0,0,21,0,9,0,0,0,0,0,43,17,0,0,14,23,0,0,0,0,33,10,28,31,0,0,0,0,31,0,61,45,0,0,0,0,7,8,9,12,0,0,0,0,28,0,16,0,0,0,51,0,0,78,30,0,0,0,0,0,0,0,46,0,43,0,0,9,0,0,0,0,0,0,0,17,15,12,0,26,0,0,25,0,0,0,0,0,0,0,0,0,0,0,30,0,0,0,14,0,0,0,13,9,22,12,0,15,0,0,22,0,24,0,25,21,0,0,44,0,0,0,0,7,0,0,23,0,14,17,0,31,0,18,23,0,25,22,23,23,0,0,9,57,60,0,0,41,49,0,58,3,0,9,33,24,0,25,24,0,18,0,33,0,0,19,0,48,0,0,66,0,0,81,8,0,6,17,0,20,0,0,0,42,25,0,0,32,0,34,0,0,72,28,13,13,0,0,26,29,0,18,16,0,67,41,52,53,32,18,58,38,0,36,47,26,102,27,0,59,0,143,21,0,13,32,35,53,49,65,71,33,89,24,29,64,54,43,74,0,39,54,0,24,10,24,49,0,0,90,0,0,0,52,51,0,41,48,58,69,18,0,56,66,95,0,0,30,71,21,32,32,15,40,66,57,25,85,0,18,99,30,0,67,186,70,103,0,133,0,0,20,22,30,0,55,36,34,27,0,29,37,29,61,100,86,82,137,166,14,0,10,23,42,53,18,79,26,0,16,63,31,44,111,128,56,89,59,73,0,76,126,143,33,12,35,23,32,46,38,57,14,79,63,28,45,59,76,50,89,102,137,89,38,88,48,124,68,24,60,0,68,127,237,223,68,189,239,162,151,468,401,1366,66,46,29,51,125,112,65,25,62,131,67,57,136,68,90,113,70,159,88,55,209,91,181,153,199,270,63,148,235,87,83,136,117,146,120,155,200,290,441,198,276,384,284,186,157,338,236,396,391,469,177,228,529,217,252,377,651,286,301,748,517,673,1140,855,439,344,1024,1293,1105,1607,1385,1627
FD26,Reference,0,0,3,4,17,0,0,0,0,0,11,0,0,0,17,11,17,13,25,14,15,0,16,13,31,0,13,0,30,0,46,38,0,0,0,50,40,33,19,0,0,0,27,0,0,0,6,38,44,0,17,0,18,0,0,0,0,0,26,0,0,19,0,42,97,0,0,0,0,0,0,0,49,0,5,10,0,0,0,21,0,0,0,0,17,0,31,0,29,17,0,13,0,23,25,0,12,0,0,0,0,18,49,0,0,0,0,0,31,76,12,0,21,33,0,75,28,37,0,21,0,37,25,65,0,53,0,50,25,10,12,0,0,9,15,0,28,0,8,22,22,30,0,0,47,0,0,0,27,22,0,22,83,0,0,0,114,75,217,5,6,0,33,25,26,0,0,0,0,0,42,0,0,0,0,0,0,0,55,0,27,135,9,17,0,10,0,0,0,0,0,66,0,0,61,25,47,0,0,0,68,11,0,0,0,18,2,51,44,0,0,0,55,0,41,40,20,71,74,0,109,28,59,172,0,21,0,113,0,0,7,0,0,9,61,34,0,34,34,33,62,41,0,81,137,0,123,0,45,0,10,0,0,18,62,0,53,49,0,0,16,43,32,0,0,136,93,130,482,0,111,206,101,0,0,13,22,36,17,48,0,65,57,82,8,56,105,14,105,40,0,93,232,0,376,0,129,133,15,0,28,38,13,28,66,28,22,0,30,70,0,76,104,0,125,86,0,16,13,54,27,28,46,27,36,52,0,8,32,36,54,73,47,122,89,42,144,0,61,225,165,18,35,47,32,38,34,70,52,24,72,12,54,59,72,87,73,123,185,85,92,46,172,89,147,204,52,83,30,66,85,154,216,269,200,112,278,190,559,500,1988,97,152,35,43,138,109,65,28,171,103,76,102,86,74,239,97,95,265,318,93,126,145,186,116,226,171,60,212,187,105,176,85,22,257,223,148,159,288,491,441,454,462,527,74,262,257,391,538,510,321,100,310,884,196,284,673,730,323,437,585,750,774,968,886,495,506,1546,2213,980,2798,2442,3017
FD27,Reference,0,0,0,0,0,0,16,0,9,0,16,0,11,8,0,11,0,9,19,17,26,0,0,14,0,0,0,0,26,0,0,19,24,0,0,0,0,0,117,0,0,0,0,0,7,12,15,0,11,0,0,16,0,0,14,0,0,0,19,0,0,22,40,0,29,0,27,27,48,0,0,35,0,12,8,10,0,21,0,0,11,16,0,22,30,0,21,0,0,0,0,26,6,62,23,20,7,16,0,0,22,17,0,0,0,0,0,0,0,0,0,20,0,26,0,12,36,0,24,0,0,26,0,16,0,33,0,0,31,16,19,0,0,0,0,24,0,41,0,0,32,34,38,0,0,0,0,0,13,0,26,48,21,15,0,54,0,0,110,0,0,14,0,19,0,38,0,0,27,21,31,25,35,0,15,31,0,29,0,45,36,100,15,15,0,0,0,0,0,7,24,0,46,14,39,74,22,52,54,49,105,0,13,0,0,21,33,24,23,36,66,0,66,43,0,39,40,23,0,38,39,27,35,43,98,0,162,0,0,0,20,20,3,0,53,0,49,42,30,0,58,0,42,0,0,0,31,53,9,34,0,32,11,22,17,0,0,74,47,26,0,37,41,31,0,16,18,85,81,0,62,33,68,37,15,26,21,40,0,27,51,30,88,77,0,47,22,0,63,95,65,0,109,27,112,38,0,135,28,9,24,17,22,92,0,0,0,14,29,16,58,0,81,0,51,57,381,9,11,8,13,0,46,39,42,0,21,40,48,119,66,61,132,53,51,52,38,41,40,71,75,15,10,10,36,0,37,24,59,31,50,43,11,120,46,11,61,0,52,36,154,52,72,179,129,0,27,100,97,112,130,159,100,157,178,263,138,166,269,495,738,37,33,48,42,43,85,70,45,31,69,68,57,171,49,30,117,31,152,62,119,176,75,167,161,116,183,119,112,241,159,102,106,135,131,111,93,348,78,219,161,200,351,151,245,276,258,222,149,317,379,336,278,321,430,313,302,412,542,206,310,487,533,648,829,428,578,1326,1202,1292,1625,761,1622
FD28,Reference,0,5,10,0,11,4,7,0,0,0,14,0,0,0,0,24,27,19,20,0,0,0,9,0,16,8,15,0,0,0,0,21,0,0,0,24,66,56,0,0,0,50,0,6,4,8,0,0,19,0,22,0,18,0,24,0,23,24,0,68,14,0,88,36,45,0,52,0,0,90,50,0,24,0,11,0,11,0,0,20,15,20,27,0,38,0,21,18,30,0,31,35,0,0,25,15,33,31,22,0,0,0,0,19,0,0,44,47,0,0,13,22,23,16,0,19,27,24,0,0,35,29,17,25,24,59,50,13,0,0,0,9,0,0,14,21,38,11,0,18,28,0,19,21,0,14,0,23,13,0,23,43,28,0,19,79,60,0,88,7,8,0,28,24,21,20,13,27,31,47,0,29,43,0,0,0,25,0,91,68,0,98,0,14,0,16,0,12,21,0,48,0,27,0,0,0,0,19,33,52,147,14,13,13,12,13,12,51,31,37,93,9,0,48,40,34,38,73,35,37,0,116,38,87,71,0,28,86,0,0,13,48,0,26,43,63,38,28,31,66,49,19,18,61,62,52,76,97,18,27,23,30,24,28,29,23,47,63,12,0,26,33,35,27,26,88,77,54,0,39,86,174,32,71,26,29,17,0,8,67,25,63,38,49,29,43,16,140,43,60,78,0,49,91,0,0,146,175,20,26,28,0,40,58,26,41,28,27,0,171,11,52,0,97,73,105,89,21,13,19,8,26,33,37,96,65,140,33,50,85,0,63,58,54,73,66,135,87,275,31,121,16,14,31,52,23,56,34,32,39,34,79,21,79,89,75,64,75,108,139,0,104,51,81,70,282,50,98,72,104,271,122,200,198,64,298,354,115,350,291,1208,66,72,45,61,81,89,90,41,45,67,76,82,159,142,60,106,108,190,117,133,189,138,143,118,185,222,149,181,223,124,178,187,109,220,103,201,262,330,213,343,296,362,279,252,300,308,193,457,354,344,490,481,460,423,383,658,548,637,340,380,929,613,816,621,496,908,1439,1605,1878,1733,1644,1994
FD29,Reference,0,0,0,0,0,0,0,0,0,19,0,0,20,12,0,0,0,0,0,25,0,0,0,0,0,17,0,0,0,12,0,0,0,0,0,29,0,0,0,0,0,0,57,6,0,0,0,0,0,0,0,0,0,0,0,10,0,46,0,0,0,0,28,0,29,0,0,0,0,0,0,0,24,0,15,0,9,0,0,0,0,12,4,0,0,7,35,15,19,0,0,0,7,0,0,0,14,29,0,15,0,0,23,66,0,10,0,0,0,56,0,22,0,15,0,0,0,27,49,16,0,0,14,0,0,0,56,0,0,11,22,13,9,13,0,13,0,0,0,0,0,0,0,15,0,0,37,23,19,0,0,53,36,0,38,0,58,33,0,0,20,14,0,0,0,34,0,0,0,0,0,0,0,0,0,9,0,0,0,92,0,0,0,29,11,26,9,19,28,0,0,24,38,0,48,16,0,0,0,0,0,0,0,15,0,0,6,0,0,0,0,0,0,0,0,0,49,97,0,0,57,0,56,137,79,0,0,82,34,50,31,11,7,22,62,26,0,76,64,0,0,25,0,97,44,105,0,185,0,18,34,0,0,29,0,7,0,29,52,23,0,0,41,14,94,0,47,0,0,0,0,0,180,42,31,58,0,37,0,31,0,102,0,21,0,35,26,0,0,90,0,0,0,25,0,95,0,0,26,0,19,46,58,0,35,40,47,30,0,27,0,0,0,60,128,43,0,33,16,37,14,29,0,48,0,28,43,11,76,0,94,70,22,0,55,68,68,126,78,79,0,18,17,16,0,40,66,0,0,0,0,100,0,112,30,57,99,65,114,0,81,63,119,30,144,68,0,0,104,0,0,251,266,217,0,273,0,0,0,0,0,68,27,35,66,122,95,46,79,60,109,79,90,36,80,153,185,104,92,106,29,150,97,188,139,173,30,80,260,77,122,156,82,212,155,185,100,210,201,87,245,387,330,347,258,324,168,229,341,348,443,122,305,122,349,83,189,457,272,406,512,617,434,82,944,666,609,1077,57,1646,1711,1631,2498
FD3,Reference,5,4,7,0,0,16,6,10,0,16,0,0,0,48,12,10,0,41,0,0,54,0,0,0,0,27,87,14,26,0,0,0,34,20,66,85,69,0,0,45,51,71,110,5,0,29,16,11,0,0,18,38,0,36,0,0,9,20,66,0,0,0,35,28,32,46,39,69,61,45,0,98,55,8,0,0,9,25,0,25,0,0,0,25,0,36,0,0,0,0,0,17,0,0,45,50,0,0,0,0,46,31,0,132,48,0,0,0,0,76,0,0,23,21,23,0,0,17,40,23,40,0,74,0,0,0,38,0,0,18,0,23,0,22,26,0,0,16,19,16,52,24,11,0,46,9,68,45,0,9,43,56,31,0,19,0,48,0,13,14,0,29,0,33,33,40,40,0,68,33,27,43,0,45,76,50,0,16,0,143,56,101,20,0,6,0,58,15,34,29,34,0,75,25,63,121,61,101,201,131,117,16,0,31,16,32,0,0,10,30,39,21,50,0,51,35,0,33,100,72,60,0,0,0,103,133,417,0,191,149,38,23,30,26,36,33,30,58,89,23,0,278,0,0,0,77,69,252,36,0,71,42,24,0,52,9,51,25,98,47,0,0,90,75,71,9,49,136,25,51,70,157,194,95,22,16,35,60,41,31,32,0,96,34,134,111,0,83,105,122,107,53,236,0,58,316,85,70,49,17,8,58,20,64,47,66,55,11,164,93,254,76,71,44,228,123,157,15,16,35,60,57,44,104,44,51,44,0,54,85,118,84,157,67,64,135,0,117,82,56,163,49,41,65,47,71,46,54,107,69,105,40,71,62,63,85,98,166,98,62,84,156,129,372,134,61,99,114,323,298,28,144,333,265,361,335,503,767,846,1130,1359,42,27,140,165,60,111,62,95,189,140,195,149,344,200,221,130,123,34,117,75,263,195,269,453,180,247,171,132,212,387,313,111,573,98,445,117,415,211,386,251,372,151,212,388,267,584,525,329,613,672,270,213,414,458,912,406,886,566,634,1168,794,726,980,1921,1380,1016,1811,1114,1471,2320,1557,3563
FD30,Reference,0,0,0,0,0,9,12,0,0,16,17,14,0,0,0,0,22,0,0,0,0,0,0,0,0,0,14,26,0,47,0,0,54,24,37,35,0,0,0,0,0,43,139,12,0,0,0,0,0,0,0,36,13,20,0,33,16,0,33,39,6,0,0,0,0,0,0,55,60,46,0,32,0,7,0,0,0,14,0,0,12,25,32,38,43,0,31,0,31,18,29,26,37,18,18,34,29,24,36,0,34,51,0,12,29,36,0,47,0,0,0,0,20,0,25,31,0,24,18,0,34,0,48,0,40,0,51,0,49,0,9,14,7,8,0,23,20,39,28,0,0,22,14,19,0,37,16,56,0,0,0,0,0,19,89,73,0,81,0,0,31,0,19,0,22,32,26,0,11,58,26,0,70,0,17,45,36,110,0,87,166,0,18,27,16,0,31,15,15,44,36,18,67,85,0,72,21,47,100,62,238,0,13,18,16,19,15,18,34,25,0,31,34,48,0,53,61,36,38,17,50,56,119,50,46,115,41,15,67,216,52,0,39,34,0,50,69,0,55,0,54,66,79,0,29,168,35,119,0,20,20,33,15,46,0,17,14,23,29,59,36,35,35,63,88,46,0,49,34,91,90,115,135,148,34,51,22,0,34,63,87,52,59,42,89,103,78,66,37,59,85,60,44,83,113,123,0,319,23,10,28,69,74,55,26,36,52,36,62,32,39,37,115,184,87,68,69,14,60,54,18,32,28,75,48,58,55,52,89,111,47,62,143,0,65,48,47,167,74,121,97,28,37,12,63,51,89,38,96,146,84,73,45,120,90,73,105,85,71,82,88,117,116,48,89,81,81,225,191,179,142,159,117,156,337,188,277,379,254,720,619,16,77,119,192,37,167,70,105,137,100,165,116,131,238,112,206,134,122,84,128,243,283,164,133,134,196,201,145,215,311,181,151,136,218,245,133,47,98,211,285,227,458,198,349,316,437,284,273,269,533,336,268,503,498,561,476,400,960,605,553,736,603,683,887,1134,1306,1053,1030,2014,1238,1665,2257
FD37,Reference,0,7,0,0,0,16,31,10,0,0,16,12,0,9,28,32,35,0,0,20,0,22,45,33,0,0,12,35,24,0,0,36,0,0,0,27,33,0,70,85,67,108,0,0,0,0,11,13,19,11,0,0,50,39,47,17,0,0,0,24,35,0,0,44,0,27,51,0,0,0,26,0,60,0,0,35,13,12,9,20,31,0,0,0,28,0,21,0,40,34,0,53,26,0,0,63,36,0,44,60,40,59,20,0,0,26,66,40,0,0,18,16,22,0,25,32,0,36,0,0,0,59,0,157,65,118,0,22,0,10,0,0,15,0,0,0,21,14,0,28,28,23,20,43,0,73,35,0,0,67,0,51,54,56,34,0,122,0,30,15,10,57,27,21,20,0,0,26,0,16,0,55,44,0,0,0,71,44,141,72,0,0,22,0,19,15,0,35,20,39,44,70,0,18,0,12,118,35,0,89,0,12,21,0,20,25,0,30,0,27,50,33,49,0,76,0,28,69,64,34,27,42,76,31,0,59,0,199,121,122,13,24,16,33,27,46,42,48,0,109,119,71,233,77,172,67,87,59,0,23,0,16,71,41,83,39,85,69,27,85,80,82,56,0,83,53,139,0,32,130,137,78,0,162,16,25,32,24,0,0,16,51,29,44,58,41,101,209,103,32,103,168,74,96,202,199,113,357,20,46,44,25,23,0,69,37,29,120,0,0,31,33,0,264,0,0,51,12,36,96,0,44,63,0,37,84,52,59,52,111,71,79,13,88,233,142,202,99,125,184,137,34,31,0,30,59,61,111,53,41,22,81,47,46,56,85,79,102,67,73,129,78,46,27,172,148,181,206,68,45,201,371,90,125,283,28,282,138,256,784,1088,69,222,74,40,49,70,128,74,29,89,150,130,34,230,183,94,127,203,366,97,128,227,57,60,256,173,238,223,160,113,123,326,291,225,195,349,386,216,187,447,213,542,348,178,314,502,358,212,407,228,367,607,256,427,624,446,403,542,404,147,688,804,500,766,1297,1165,760,2203,1134,1063,1907,1721
FD38,Reference,0,13,0,4,14,0,0,0,22,12,0,13,0,0,28,0,0,0,0,24,0,24,0,0,0,0,0,39,0,0,27,34,0,56,38,0,0,60,37,0,66,0,45,10,18,0,0,0,0,24,18,0,0,0,36,0,27,50,0,0,4,16,71,0,0,0,0,0,52,61,9,40,0,0,0,17,0,0,26,14,23,32,0,13,0,28,0,0,27,20,0,0,0,0,0,0,0,52,28,68,56,37,36,0,0,35,46,0,40,0,11,16,15,25,32,12,29,42,0,0,20,0,0,0,76,36,0,73,54,0,0,12,22,36,29,24,23,0,14,49,31,0,0,24,0,21,20,0,91,0,0,0,59,47,0,0,86,120,0,14,29,21,20,0,29,0,10,29,36,32,30,0,0,96,59,41,24,38,84,79,83,0,6,17,29,40,13,15,0,30,32,26,25,35,0,19,84,30,60,72,283,12,27,15,25,19,0,36,9,18,12,66,0,99,38,78,130,18,16,11,99,76,0,46,52,59,27,61,71,0,20,39,20,45,0,56,78,0,63,37,49,18,87,79,50,60,59,24,7,0,38,0,85,41,19,92,44,30,0,49,47,105,44,115,53,69,0,56,64,159,158,98,46,131,16,54,24,44,23,66,34,69,34,184,20,30,47,48,0,56,117,90,28,125,25,162,232,295,5,14,40,55,88,24,36,54,54,80,44,60,40,42,70,163,107,175,0,49,41,11,26,33,0,104,54,40,69,53,67,0,83,21,28,79,80,105,71,243,176,91,218,30,53,25,83,86,35,53,38,44,58,72,161,50,80,157,64,40,39,83,71,177,176,33,86,230,220,118,131,205,239,116,63,55,220,152,240,248,227,552,799,42,63,80,55,84,98,67,133,200,198,146,170,24,134,105,186,236,164,98,338,197,243,135,129,234,198,254,226,236,153,409,259,172,251,319,552,179,331,152,334,292,252,299,386,404,263,659,425,423,282,620,836,413,774,696,689,515,853,747,191,831,1039,726,1170,1627,2743,964,1114,1990,1911,2188,2239
FD39,Reference,4,0,6,0,0,12,0,0,11,16,14,17,0,0,23,0,0,10,0,0,26,33,14,0,0,23,25,21,0,56,0,0,0,0,0,0,0,40,54,0,0,33,0,5,0,0,0,0,0,29,0,14,0,29,0,24,27,42,0,61,0,36,0,31,0,47,39,67,0,0,0,41,49,10,0,16,40,0,39,0,22,0,0,13,19,0,0,26,0,28,0,0,45,0,0,27,0,0,58,0,0,38,0,32,86,52,0,47,0,0,0,15,0,0,14,0,0,0,0,0,37,0,18,0,0,0,0,0,182,0,0,13,13,15,19,33,0,0,24,0,0,0,0,38,11,34,0,63,51,0,84,0,0,120,160,125,0,131,17,20,19,24,21,0,30,0,9,27,0,49,19,0,36,88,0,37,67,0,0,64,68,0,0,9,33,17,19,51,27,44,18,0,0,75,22,0,62,106,67,82,133,5,8,10,19,0,0,0,26,0,42,67,20,51,22,0,107,54,0,0,101,42,188,51,0,116,29,33,0,45,37,25,40,49,13,0,96,64,0,49,51,0,85,24,14,0,0,0,6,12,31,35,42,35,21,81,60,0,85,78,94,0,0,43,0,0,0,46,67,106,169,138,44,224,9,0,12,0,48,25,67,40,0,65,72,0,90,173,22,30,127,77,27,189,28,171,170,352,13,27,50,23,48,14,40,58,44,74,27,0,120,0,54,135,0,151,99,23,40,34,10,65,17,46,47,78,45,404,0,60,123,21,24,110,34,196,54,188,141,144,133,23,34,6,54,147,141,77,46,106,51,52,154,43,63,83,134,45,50,90,88,68,101,33,97,121,147,281,51,155,78,129,77,113,165,76,148,187,133,538,549,30,46,52,65,21,84,171,151,129,103,109,77,33,259,103,145,174,85,41,289,121,185,96,69,138,95,168,150,171,202,231,207,151,246,310,369,305,255,145,198,132,196,409,247,395,505,411,203,236,316,471,388,361,902,672,525,439,512,601,201,746,519,305,1043,1906,1500,718,816,1425,1389,1833,2291
FD4,Reference,0,0,0,0,0,10,11,15,0,15,0,0,0,0,21,0,0,0,0,0,0,0,0,0,0,21,0,25,0,26,27,0,40,55,48,0,0,0,0,47,45,0,0,0,0,15,16,0,0,0,0,36,0,17,0,21,0,0,0,17,0,0,44,0,43,38,0,43,59,43,0,27,0,0,3,0,9,20,16,0,0,0,28,16,0,18,22,15,0,0,14,0,12,27,0,23,0,0,0,44,23,0,0,61,29,45,0,0,23,87,0,0,11,12,0,0,0,0,0,40,0,0,14,0,21,0,71,0,0,0,10,18,28,0,0,0,0,0,50,8,0,17,0,15,26,14,0,40,0,0,0,26,0,40,53,0,46,0,0,0,0,18,19,19,16,18,37,0,0,23,0,33,0,34,51,0,33,55,0,99,113,163,21,0,0,0,45,0,0,44,39,32,35,35,0,55,40,73,80,127,111,0,0,13,0,20,19,0,0,30,8,51,20,26,0,0,0,143,24,76,65,0,34,0,70,171,0,18,140,68,19,20,12,0,37,20,37,27,36,64,42,113,27,64,0,65,72,105,23,26,41,40,0,14,24,20,41,41,64,58,23,0,73,73,32,52,19,106,81,70,82,45,75,89,0,19,57,0,24,0,66,24,61,5,98,51,97,57,55,61,123,102,90,56,45,272,177,132,25,0,22,32,28,34,36,37,78,56,107,53,108,31,63,33,75,130,74,15,18,29,24,38,34,36,15,27,55,28,79,21,51,44,92,68,44,123,0,64,0,0,0,35,42,42,59,45,111,9,80,47,56,52,50,72,59,41,109,100,52,106,107,127,97,153,0,88,128,159,236,192,82,95,109,187,193,190,470,431,458,778,666,26,24,85,101,30,88,78,94,101,151,147,92,109,180,117,165,99,105,113,60,190,163,237,132,95,187,222,148,117,234,160,191,329,137,370,111,275,161,241,165,306,183,265,287,271,466,338,249,401,482,156,102,404,429,425,352,474,672,444,768,551,642,449,1105,1073,1168,1462,855,1539,1685,1123,2579
FD40,Reference,0,4,18,11,0,16,0,0,0,0,18,0,11,0,0,23,27,0,15,15,0,31,47,45,30,0,34,0,0,0,17,43,0,0,0,0,59,0,0,52,67,0,0,0,10,0,0,0,0,24,34,0,31,34,26,0,0,0,0,36,302,14,0,102,67,29,75,65,49,47,60,0,0,0,14,13,37,0,11,12,15,30,0,0,19,29,20,15,0,40,0,0,39,20,0,0,47,0,32,24,20,46,0,9,20,0,32,94,48,50,24,0,0,0,0,0,51,52,17,24,0,26,0,40,24,61,48,112,65,11,0,15,8,0,0,0,0,7,0,43,0,0,39,59,62,53,33,0,39,86,0,0,56,43,13,88,123,0,134,16,9,32,26,0,0,15,6,0,34,28,0,56,0,0,0,0,75,39,116,0,0,0,14,26,10,11,3,31,14,0,0,54,0,14,46,23,131,0,0,0,0,0,40,14,17,29,21,37,56,0,0,0,91,88,0,75,70,91,39,21,117,23,124,104,0,40,0,167,31,52,0,0,0,40,23,39,76,149,49,114,90,80,82,71,149,76,148,0,11,19,0,18,42,65,71,30,51,91,0,57,96,104,49,35,144,129,0,204,167,0,0,88,31,104,18,0,0,29,32,50,22,58,30,91,35,80,138,77,25,31,0,100,118,157,121,0,159,149,17,33,49,0,31,28,84,49,38,40,38,69,23,119,101,93,131,157,25,48,22,41,5,48,51,22,51,32,47,61,53,125,117,72,47,68,53,79,114,76,125,240,195,42,30,11,11,76,78,199,72,11,41,52,88,61,34,114,117,43,80,155,143,128,18,39,117,143,116,191,44,63,271,284,142,388,271,0,229,141,310,317,1405,89,206,36,20,122,71,82,134,164,96,85,142,37,220,222,121,127,143,194,294,144,195,102,119,183,127,75,264,244,132,238,229,196,358,310,471,291,122,262,336,372,522,548,253,350,334,423,439,444,372,445,648,510,661,466,802,637,337,759,339,836,939,694,986,1150,1001,632,1923,1277,1512,2950,2673
FD41,Reference,5,0,0,0,14,0,15,0,20,10,0,24,0,0,13,0,28,18,0,0,0,17,22,0,50,28,0,54,0,0,0,29,0,46,0,0,23,56,44,0,86,0,97,13,0,4,0,0,0,40,0,0,33,0,0,0,64,47,0,0,0,0,0,17,0,61,64,0,0,0,124,0,0,9,0,0,16,9,13,0,17,0,37,0,0,25,33,0,0,34,29,0,41,33,0,46,57,38,63,57,49,0,0,16,57,107,126,78,132,79,0,0,16,0,23,20,60,0,0,0,0,63,10,24,54,0,0,123,83,0,0,7,0,20,0,18,14,0,32,32,17,0,47,0,36,24,0,30,0,75,55,0,50,52,37,125,0,135,0,11,16,0,26,15,26,0,0,55,0,0,31,0,39,0,32,0,80,23,53,0,60,53,0,0,52,37,19,19,16,0,0,50,33,9,58,0,48,40,0,55,252,14,20,11,41,0,0,19,0,24,0,50,0,42,58,0,59,0,0,7,89,0,28,105,0,0,0,85,33,108,0,40,36,0,0,0,0,28,41,113,83,55,92,0,123,0,72,0,6,11,35,0,69,59,27,132,33,0,31,67,107,95,0,38,37,55,92,0,0,213,183,97,0,184,28,0,0,19,75,107,58,46,0,38,0,0,123,35,0,0,63,252,0,250,0,85,123,230,0,42,52,37,27,27,30,0,66,126,29,63,0,93,51,128,117,91,29,23,38,29,9,27,47,62,32,0,68,28,60,97,48,43,0,100,81,0,125,186,226,175,306,40,41,31,32,78,68,168,53,83,20,67,104,0,71,103,87,22,116,218,62,88,55,0,87,261,174,100,92,108,132,153,0,99,180,48,155,168,446,237,1216,36,27,76,32,65,41,122,192,197,71,120,200,38,111,186,50,261,173,138,353,72,141,64,59,147,78,232,157,120,133,254,562,98,243,112,496,193,315,81,351,110,332,188,138,229,198,280,425,202,170,265,561,286,462,368,682,339,277,609,82,421,399,303,598,1434,854,387,1115,1349,827,2270,2819
FD42,Reference,0,6,10,0,0,13,0,0,18,0,0,21,0,13,0,0,0,0,0,0,0,27,0,0,0,46,0,47,0,38,0,42,36,48,19,0,0,37,0,0,0,0,58,12,0,0,0,0,0,43,0,31,22,20,15,38,23,0,0,53,8,0,0,0,0,60,0,60,0,0,0,0,0,0,0,14,0,22,30,26,49,27,43,0,0,25,0,24,23,22,0,14,0,0,0,0,0,40,20,33,60,35,0,101,83,118,46,58,0,0,26,0,0,0,10,47,0,18,0,0,43,22,23,0,0,37,0,68,114,0,8,22,14,25,8,35,21,0,0,17,0,0,0,0,0,0,0,35,41,22,94,0,32,111,109,73,0,0,0,13,19,19,21,27,37,0,20,22,0,25,0,0,38,54,27,33,29,59,0,0,88,0,18,0,32,11,0,41,42,39,54,0,0,112,50,0,0,112,98,83,166,7,9,0,30,14,72,0,15,7,37,57,26,45,51,75,0,85,0,0,41,0,174,101,0,99,40,0,203,0,19,9,78,33,19,29,17,0,32,17,77,58,144,43,13,0,0,88,0,10,28,85,64,95,0,136,32,46,48,119,114,51,42,110,79,67,26,0,0,276,87,82,25,250,12,10,26,33,42,62,120,53,111,0,88,67,63,152,41,0,137,118,35,183,85,240,0,401,9,17,46,45,67,17,40,43,71,163,22,33,51,46,52,118,39,86,81,23,48,20,0,51,11,48,10,41,52,59,0,79,53,20,3,90,0,141,63,237,67,88,214,31,59,24,66,87,77,87,97,189,35,0,112,59,61,59,68,83,54,88,90,0,83,57,104,35,217,227,181,170,177,164,80,177,211,96,99,218,254,676,579,29,23,110,104,30,48,81,182,29,81,223,124,92,256,74,132,206,121,43,362,91,291,60,106,165,122,385,178,84,190,206,192,262,250,278,441,207,190,240,388,67,201,225,413,507,433,404,208,227,481,550,854,315,853,757,589,437,859,639,185,562,680,324,803,2095,2060,466,1155,1284,1468,2052,2645
FD5,Reference,6,6,2,14,0,0,0,8,12,16,0,0,17,20,0,0,0,36,18,0,26,14,0,30,13,25,33,0,43,14,32,0,63,27,52,0,0,0,0,63,0,0,0,0,13,25,25,14,25,0,15,15,0,18,42,0,0,35,12,18,5,0,0,30,58,124,52,0,29,51,25,135,203,8,9,0,6,29,0,31,0,0,0,15,0,20,0,16,0,0,35,35,0,59,53,33,0,0,0,0,0,0,65,0,37,0,50,0,0,138,8,38,41,40,19,0,35,0,53,39,44,16,145,0,38,33,78,48,0,8,18,26,0,20,34,11,0,0,45,0,22,22,18,0,45,0,67,0,0,42,37,60,0,16,0,65,66,51,0,0,0,0,0,69,42,34,51,32,36,0,33,63,27,48,77,80,0,16,0,95,80,105,24,21,21,0,22,13,43,65,0,24,47,15,46,88,0,52,132,198,448,14,11,33,17,24,0,14,19,54,75,38,39,0,47,43,0,0,140,179,51,19,0,0,111,168,125,0,154,281,14,27,0,17,27,60,49,68,37,0,37,129,96,32,0,58,104,244,35,51,52,43,57,0,38,0,62,0,76,16,18,34,116,76,0,19,77,168,77,64,0,28,180,102,11,14,70,87,42,46,43,0,68,0,42,67,69,0,107,127,124,107,214,51,91,95,267,88,19,36,0,57,0,62,44,82,73,60,105,126,276,157,81,49,199,95,183,0,16,20,144,48,55,54,34,66,42,16,63,55,76,127,0,43,102,97,106,45,106,102,159,62,67,74,89,51,43,55,74,61,93,78,124,40,69,130,92,161,91,82,76,110,114,244,105,106,142,135,211,166,72,34,250,123,149,242,607,679,1001,853,2163,33,14,74,79,84,107,120,113,211,101,94,73,296,112,261,165,116,125,211,94,206,105,296,400,153,185,182,181,266,286,308,272,659,187,361,112,372,358,289,242,354,141,258,344,356,539,394,441,732,597,359,249,585,263,928,314,851,438,431,1266,563,506,780,1478,908,687,1922,913,1874,2654,1535,4215
FD6,Reference,4,0,0,9,4,14,8,17,14,13,12,25,0,0,23,0,18,0,27,0,22,22,0,0,33,0,0,0,0,0,0,62,35,0,52,50,0,0,74,0,50,69,0,8,0,20,11,0,13,9,0,11,0,0,13,18,39,30,44,0,0,28,17,0,0,50,0,0,47,49,84,0,0,9,0,0,19,16,0,29,0,12,17,0,0,0,29,12,23,0,0,13,18,20,0,0,20,33,0,17,0,29,51,17,26,18,0,37,51,0,22,31,0,0,23,0,8,0,26,0,0,0,24,28,23,0,50,57,0,15,16,0,8,16,16,21,17,10,7,18,0,20,24,0,0,40,33,0,17,33,0,20,35,0,0,72,35,0,0,17,16,31,19,13,23,26,0,14,57,20,37,23,30,65,26,19,47,31,36,64,75,0,0,18,0,0,32,0,20,45,25,30,55,19,41,44,48,65,82,83,50,19,39,17,0,35,15,43,42,0,42,63,38,66,0,0,0,94,45,67,93,0,61,0,99,119,14,0,156,82,38,0,22,0,27,0,29,72,112,26,23,57,23,129,43,72,67,112,14,13,27,0,11,23,27,28,44,31,57,46,79,41,64,36,57,74,26,33,92,69,45,43,105,86,13,14,30,38,62,36,79,54,64,151,95,55,58,36,80,23,136,62,62,103,190,125,120,241,35,30,10,53,47,26,67,66,54,37,92,0,57,25,119,94,114,170,54,8,22,51,18,29,54,87,31,77,91,36,66,100,88,37,230,81,80,18,73,135,103,51,161,29,51,24,81,60,70,112,46,80,131,79,64,101,118,17,108,139,124,113,98,35,105,155,82,87,126,182,167,254,75,102,218,113,184,269,308,670,556,1039,594,66,102,52,81,37,187,70,107,111,80,126,136,126,126,97,208,124,112,192,69,202,273,262,128,104,138,277,186,273,235,228,204,213,168,150,151,186,250,249,299,299,210,334,322,239,405,355,307,350,525,299,156,591,480,670,379,408,476,776,1325,598,593,712,1034,1219,991,1450,1276,1933,1624,1526,2289
