"","V1","V2","V3","V4","V5","V6","V7"
"X11edf19ca293df3beddc0d9dd8448ccb",12,125.215138111225,0.000825763831544178,0.272727272727273,0.0266666666666667,0.00123944704886142,0.37159372419488
"f45b4cdf75020fdf298fe38e86bf0592",6,51.4981643412546,0.000764525993883792,0.266666666666667,0.0133333333333333,0.000509756637874334,0.344036697247706
"e30f1976c624474a5983076439bf1b80",36,421.476679444944,0.000935453695042095,0.438095238095238,0.08,0.00417200375595094,0.420954162768943
"b08518861aad3a55ec7ee5dee551c3a1",20,147.261145038869,0.000865800865800866,0.484210526315789,0.0444444444444444,0.0014576703295112,0.38961038961039
"X6bf484a150739797db30e1db399881d9",25,618.220067390548,0.000898472596585804,0.24,0.0555555555555556,0.00611947604444987,0.404312668463612
"f208d3259f9e1aae51abaf05467e398b",68,837.466508211357,0.00105374077976818,0.41747146619842,0.151111111111111,0.00828969570117651,0.47418335089568
"X6df56b846f58ff1af288ce2c72d38554",18,373.503626431105,0.000859845227858985,0.34640522875817,0.04,0.00369714057343336,0.386930352536543
"X2701d1b79b4d530cca5d5e58b1d967f5",27,446.532151638952,0.000946969696969697,0.387464387464387,0.06,0.00442001634881417,0.426136363636364
"dfb29ec040a43ef8358181cec3ef0581",6,9.68412334387298,0.000769230769230769,0.4,0.0133333333333333,9.58586819487551e-05,0.346153846153846
"X72dc981aafcca2d9940db8b121163524",12,157.434654292801,0.000828500414250207,0.424242424242424,0.0266666666666667,0.00155837321744915,0.372825186412593
"ea1a23d1df885298f244796abc1d1805",33,423.995166673507,0.000918273645546373,0.446969696969697,0.0733333333333333,0.00419693310243511,0.413223140495868
"f27e87e66cc341bb2dbf1a166ffb9ef8",48,356.807407247628,0.000973709834469328,0.485815602836879,0.106666666666667,0.00353187238057539,0.438169425511198
"fe8db3671084850358ab6b8b52ad6f71",44,684.518690803948,0.000991080277502478,0.353065539112051,0.0977777777777778,0.00677573561795544,0.445986124876115
"f1f62fe97b660b307a957c182e19cfde",8,110.523711344663,0.000727802037845706,0.178571428571429,0.0177777777777778,0.00109402337386452,0.327510917030568
"fb877d5fc2c9ec4bd9d9a163fa05486e",13,338.118190810431,0.000784313725490196,0.307692307692308,0.0288888888888889,0.00334687642475061,0.352941176470588
"X739f0ee223c9356f71d340b887e35acb",9,68.9164593654439,0.000802568218298555,0.416666666666667,0.02,0.000682172327299618,0.36115569823435
"e6c5859ce155e9ccb36c66453abaef3a",18,721.375315263266,0.000865051903114187,0.169934640522876,0.04,0.00714056238815408,0.389273356401384
"X6b1937bd02bf7a3b979ae467217cfda5",4,38.3059272970091,0.000727272727272727,0.333333333333333,0.00888888888888889,0.000379172752259432,0.327272727272727
"X3cf57b67f0f80276682fdd07686a6eff",10,90.8099417947663,0.000803212851405623,0.377777777777778,0.0222222222222222,0.000898885838107066,0.36144578313253
"c6b2ed25f50d20771b88647f12d5c837",9,35.9564185372595,0.000772797527047913,0.5,0.02,0.000355916045902098,0.347758887171561
"cd81cf2e9cf49ed204a338825c537fb3",11,293.982387421874,0.000789265982636148,0.272727272727273,0.0244444444444444,0.00290999641100593,0.355169692186267
"X63552328df300b1aa1ab40bf7b49911f",21,384.407173111334,0.000870322019147085,0.314285714285714,0.0466666666666667,0.00380506976601172,0.391644908616188
"X2feb2e2e13c01276adfb91ac274c8893",14,486.113812026058,0.000805152979066023,0.153846153846154,0.0311111111111111,0.00481181699605106,0.36231884057971
"X6df074ab421f2ff64868ffe0bf6f88f2",6,107.570591520023,0.000733675715333822,0.266666666666667,0.0133333333333333,0.00106479179925783,0.33015407190022
"X749bdfd49d5482e24016ed5eef1cd9e2",9,138.36080639919,0.000774593338497289,0.361111111111111,0.02,0.00136956997178114,0.34856700232378
"X355c6350b6b3d0bccc8344ed0857137a",8,113.22117112187,0.000768639508070715,0.321428571428571,0.0177777777777778,0.00112072428727414,0.345887778631822
"c5c37330640f54d18bb34f2e179eb47f",6,174.234351660321,0.000716332378223496,0.2,0.0133333333333333,0.00172466569324743,0.322349570200573
"c97652e68a12c265ed6eb0460b9cca90",25,583.716940276157,0.000874890638670166,0.336666666666667,0.0555555555555556,0.00577794546177834,0.393700787401575
"X7814437b40796fd8f61a101560bfe4b4",32,550.765449810509,0.000888888888888889,0.360887096774194,0.0711111111111111,0.00545177381648611,0.4
"X5fccfd623e685ed174c4cf98730cada5",7,93.3770407207256,0.00078003120124805,0.238095238095238,0.0155555555555556,0.000924296369420694,0.351014040561622
"X856c2f52e9359dd3b4ee1dbe2819ccf6",5,30.1587428107514,0.000712250712250712,0.4,0.0111111111111111,0.000298527521017089,0.320512820512821
"X66d2b628187f8fa3b00f5c3628cc161d",6,20.7233189401947,0.000765110941086458,0.466666666666667,0.0133333333333333,0.000205130600744317,0.344299923488906
"b6f17b4c02a8e93d92fcdbd3f436a567",3,19.9196794457326,0.000651465798045603,0,0.00666666666666667,0.000197175743090647,0.293159609120521
"X126725edba04f6e6ea7cd4fab67c9ecb",34,893.717820088315,0.000984251968503937,0.28698752228164,0.0755555555555556,0.00884650155989423,0.442913385826772
"X43c9e86409734b832125a67753d9b6ab",20,289.92346309423,0.000850340136054422,0.384210526315789,0.0444444444444444,0.0028698189863324,0.38265306122449
"d8bdbb4d88ad5b3fe2106357539a53db",24,446.885653895351,0.000925069380203515,0.297101449275362,0.0533333333333333,0.00442351550502698,0.416281221091582
"X25b2a501741d7ecb0c876cbe140fa840",29,742.746519096554,0.000923361034164358,0.270935960591133,0.0644444444444444,0.00735210610340563,0.415512465373961
"X19c14775b20f5cac9f0743f35ac51c6f",34,141.67465033099,0.000916590284142988,0.479500891265597,0.0755555555555556,0.00140237218837901,0.412465627864345
"X9579a5f30c614e368b67f8feca65e1bb",63,357.974673232919,0.00101522842639594,0.493599590373784,0.14,0.00354342660958099,0.456852791878173
"X4536c1e5c27dd714898fe3f1b05b9bb2",16,287.95792836173,0.000876424189307625,0.35,0.0355555555555556,0.00285036306222945,0.394390885188431
"X8cc92a17f049c226b3da5af42a046922",35,157.604907312074,0.000925925925925926,0.490756302521008,0.0777777777777778,0.00156005847376466,0.416666666666667
"X90d91a0fb858cc9a96670532b6259785",25,230.735538866856,0.000917431192660551,0.443333333333333,0.0555555555555556,0.00228394495290133,0.412844036697248
"b9d64121503c9f2dd6f82327aaae7aba",33,258.839218734062,0.000914076782449726,0.460227272727273,0.0733333333333333,0.00256213035124041,0.411334552102377
"f3c7962f5072986528a3f2161cbc4a11",32,253.120048620035,0.000942507068803016,0.463709677419355,0.0711111111111111,0.00250551891729804,0.424128180961357
"e22aff5e874e465ec4f8d9568f485a81",15,182.740539070009,0.000846023688663283,0.428571428571429,0.0333333333333333,0.00180886452927502,0.380710659898477
"ad940a13228634488f45fd53ace3a77f",37,372.78205666584,0.00093984962406015,0.367867867867868,0.0822222222222222,0.00368999808627409,0.422932330827068
"f3ab46eb643f9fd49253881533af6c9c",73,707.760659634188,0.00104166666666667,0.437975646879756,0.162222222222222,0.00700579717529511,0.46875
"X87f80e1b75c17bba760e92b1f6969094",21,123.446759863209,0.000890471950133571,0.423809523809524,0.0466666666666667,0.00122194268609957,0.400712377560107
"X9214c8ae1d39f7b6cd90d07cde2582f6",55,835.178544765437,0.000987166831194472,0.449158249158249,0.122222222222222,0.0082670482035678,0.444225074037512
"fc01a3f66447a11e31ad53e00561f580",35,318.707147345583,0.000944287063267233,0.438655462184874,0.0777777777777778,0.00315473543524458,0.424929178470255
"X6353e8e4d6f3a1c8050935f433252dec",48,449.097776974639,0.0009765625,0.457446808510638,0.106666666666667,0.0044454122937356,0.439453125
"c8ba9d52fde7e9fe713fb5eeb77b5e7b",96,1330.95769967826,0.00110619469026549,0.37609649122807,0.213333333333333,0.0131745379824624,0.497787610619469
"ade04fd51fe2a7ea6a5de7be6c690573",94,1123.45207957983,0.00110132158590308,0.388240677190574,0.208888888888889,0.0111205353088823,0.495594713656388
"c63a29416a7eabd7ff67a49489118771",99,1174.94783430585,0.00111234705228031,0.382807668521954,0.22,0.0116302680950839,0.50055617352614
"X4d58f5f6c5b0c7cef447775e8316a763",53,772.11893553058,0.000973709834469328,0.401306240928882,0.117777777777778,0.00764285014135689,0.438169425511198
"X2393ace9b1cc38db9d01fbe354f1a381",47,648.113543329448,0.00098135426889107,0.468085106382979,0.104444444444444,0.00641537781073445,0.441609421000981
"bd5b50733d50f1225b08b468f38eec67",65,427.310260843573,0.00101010101010101,0.451923076923077,0.144444444444444,0.00422974769456643,0.454545454545455
"X891f4e188fadbc3661081d172cdc6b0d",70,694.288714262515,0.000997008973080758,0.407453416149068,0.155555555555556,0.00687244458562252,0.448654037886341
"fdc4629d355c8fd052871118064c068c",9,37.4700945860936,0.000830564784053156,0.305555555555556,0.02,0.000370899228766084,0.37375415282392
"ea5f95ad27cb6ef3e4b270f4e10bcd40",36,539.31310190226,0.000938086303939963,0.403174603174603,0.08,0.00533841229301916,0.422138836772983
"daa1104ebf9cf338cec85f6de68805f0",20,351.340951988905,0.000873362445414847,0.378947368421053,0.0444444444444444,0.00347776245472809,0.393013100436681
"c156fd0f1861c5cbd451a01529215a91",68,858.32270644228,0.00104166666666667,0.415715539947322,0.151111111111111,0.00849614161289068,0.46875
"a1a7dde83a081698cb384f31a3387577",57,316.487236890187,0.000966183574879227,0.531328320802005,0.126666666666667,0.00313276156288233,0.434782608695652
"X392d199c17fd63f7a79eea2cdbfe87f0",70,911.489725942694,0.00101729399796541,0.426086956521739,0.155555555555556,0.00902241748025433,0.457782299084435
"X58540ccde4dec965024c3ea4439cbb6b",62,531.946512919557,0.00101419878296146,0.466419883659439,0.137777777777778,0.00526549381756552,0.456389452332657
"ceb36da1a26eecc6429aa5cefb368a09",34,375.355421787545,0.000921658986175115,0.388591800356506,0.0755555555555556,0.00371547064377674,0.414746543778802
"X093dbcff1372d79fd828467dbbd5d9a7",89,786.407714599669,0.00106951871657754,0.417007150153218,0.197777777777778,0.0077842881920284,0.481283422459893
"c45e5200945481c371932d3c578789c3",61,1140.91414299493,0.000987166831194472,0.368306010928962,0.135555555555556,0.0112933842414741,0.444225074037512
"X2e1ad4de8caa2af94cb2ae810b2ed9ce",93,1003.27761718697,0.001085776330076,0.396446937821412,0.206666666666667,0.00993098359007146,0.488599348534202
"X914d40cd922f6a7fbaa7b816f464c1b3",3,9.05374409318688,0.000723589001447178,0,0.00666666666666667,8.96188477425081e-05,0.32561505065123
"X2d4daf13211b721af1cc1e591194d198",6,78.1217115760079,0.000769230769230769,0.0666666666666667,0.0133333333333333,0.000773290884197059,0.346153846153846
"X815441e55a0ea6cec04bc18f890a100d",24,612.4301355119,0.000943396226415094,0.268115942028986,0.0533333333333333,0.00606216417235239,0.424528301886792
"X5ed5903550fad5bedea65103fd8bcc02",7,50.0152256383648,0.00078003120124805,0.238095238095238,0.0155555555555556,0.000495077709857608,0.351014040561622
"fead190fe6e9b9e6d630717bc9ccb4cf",12,184.032443915625,0.000792393026941363,0.136363636363636,0.0266666666666667,0.00182165250102078,0.356576862123613
"X7d8ec21f3b12ff1abaecd5950ac9b2e9",48,656.642039532572,0.000961538461538462,0.354609929078014,0.106666666666667,0.00649979747124545,0.432692307692308
"e7b0bb9184c662636bc7827c162de099",13,200.451820279781,0.000856164383561644,0.217948717948718,0.0288888888888889,0.00198418035416759,0.38527397260274
"cdcf50243a5184d9344a5e7a2ed79471",23,675.946045317736,0.000888888888888889,0.284584980237154,0.0511111111111111,0.00669087894400135,0.4
"X7d95d8417564fd29645c9844a7908af6",27,384.107430597818,0.000921658986175115,0.353276353276353,0.06,0.00380210275276236,0.414746543778802
"X6b11029a780b6fd78fc82ae5c77092d3",38,446.810523044893,0.000953288846520496,0.374110953058321,0.0844444444444444,0.0044227718193011,0.428979980934223
"aa6884ce838770d70b18e5e242babbda",8,77.0083088644218,0.000759878419452888,0.178571428571429,0.0177777777777778,0.000762269822958889,0.341945288753799
"f2d82ad0b0d90bf76ec713686155d270",26,186.45942456686,0.000887311446317658,0.504615384615385,0.0577777777777778,0.00184567606599218,0.399290150842946
"X8acf98e90b03c6e2b7cd8d66b96f76b0",41,210.250431792293,0.000929368029739777,0.545121951219512,0.0911111111111111,0.00208117230182918,0.4182156133829
"X97a7fce8cdd13b1e08878a12b1ece4fd",55,508.302562318208,0.00099502487562189,0.455892255892256,0.122222222222222,0.00503145322759919,0.447761194029851
"b13156b2fb7e1ee377d0b1e6ec7b8c7f",13,160.025181263675,0.000837520938023451,0.320512820512821,0.0288888888888889,0.00158401565220169,0.376884422110553
"ff77fc0bd8e5769025e34d27fa1aea7c",7,83.3324135743619,0.00075187969924812,0.19047619047619,0.0155555555555556,0.000824869226175322,0.338345864661654
"d0ffd30a57208e2b4ee598ad0bf508ef",29,166.969260777913,0.000896860986547085,0.448275862068965,0.0644444444444444,0.00165275190079597,0.403587443946188
"b0e4f3ceee29def926d46293783b1d7e",26,323.711496217975,0.000929368029739777,0.396923076923077,0.0577777777777778,0.00320427118255853,0.4182156133829
"d70e0dfbdc5b9f2791cb4a7d54605fc0",25,344.993344384582,0.000889679715302491,0.533333333333333,0.0555555555555556,0.00341493040717231,0.400355871886121
"X0c9930d0da80f6ff1bb5f631d7053245",34,272.833420668471,0.000943396226415094,0.481283422459893,0.0755555555555556,0.0027006525183714,0.424528301886792
"X891dc7c4bc5fbd51e97b9a0c110c6220",70,634.461386835551,0.00104602510460251,0.461697722567288,0.155555555555556,0.00628024139406633,0.47071129707113
"ba38c008209c1f32d15e96d005308311",29,39.5156907131311,0.000909918107370337,0.655172413793103,0.0644444444444444,0.00039114764378254,0.409463148316651
"X4821dee57a629564493ff191d3cbf9b4",81,587.84420277,0.00104058272632674,0.454320987654321,0.18,0.00581879933452116,0.468262226847034
"X67ee89cc3d383651ba4c87867ec6fb78",66,479.77816802214,0.00103412616339193,0.463403263403263,0.146666666666667,0.00474910337067201,0.46535677352637
"X21b726d9e46d31c3340e0ded2ce93cda",91,1102.58229266207,0.0010989010989011,0.386568986568987,0.202222222222222,0.0109139548890084,0.494505494505495
"c1852660e0c98af7d998ab1e15dfeef2",81,552.300476216229,0.00105263157894737,0.434876543209877,0.18,0.005466968336711,0.473684210526316
"X6a1917bd9c036971a5d32dc23299b570",30,503.584357146549,0.000890471950133571,0.340229885057471,0.0666666666666667,0.00498474988514278,0.400712377560107
"f57b142c70813523e8a0bcd5e016479a",75,723.221474544154,0.00104493207941484,0.423783783783784,0.166666666666667,0.00715883666957836,0.470219435736677
"cb80be4ac2def4c41b4338fe839038be",20,188.871715930205,0.000880281690140845,0.352631578947368,0.0444444444444444,0.00186955422846033,0.39612676056338
"cb9e5154fd9f88fc8762492f5d4f62bf",63,533.927401497892,0.00101112234580384,0.469534050179211,0.14,0.00528510172232509,0.455005055611729
"c9de210c5a513e7749d7e67ce403d19a",47,332.63353465969,0.000973709834469328,0.465309898242368,0.104444444444444,0.00329258633664628,0.438169425511198
"e066e75e444f1e0434c62c2714e2ed24",71,490.024152531649,0.00103305785123967,0.46317907444668,0.157777777777778,0.0048505236578238,0.464876033057851
"e815840fdd9a6038d67c6878dbb3af8e",74,878.120056439223,0.00104058272632674,0.445390596075528,0.164444444444444,0.00869210647304354,0.468262226847034
"X0549640f80afc02d3f5453c94f60a627",66,709.632166370182,0.00103092783505155,0.414452214452214,0.146666666666667,0.00702432235951678,0.463917525773196
"X9e04003825b786bb57df86bd48e6b9f8",20,56.9883021156459,0.000879507475813544,0.542105263157895,0.0444444444444444,0.000564100986049452,0.395778364116095
"abf320b88f186e4d58caaad5269eec4a",31,534.896752999524,0.000933706816059757,0.333333333333333,0.0688888888888889,0.00529469688690446,0.420168067226891
"X8794cdb3944890e267fa418f85e25d58",11,306.45517428098,0.000813008130081301,0.290909090909091,0.0244444444444444,0.00303345879021015,0.365853658536585
"X43edc72eab30473b6d77ae8f89b43379",8,480.061263137119,0.000797448165869219,0.214285714285714,0.0177777777777778,0.00475190559898162,0.358851674641148
"d985d535524c0b7e81cedff933136408",45,454.484841865638,0.000954198473282443,0.439393939393939,0.1,0.00449873637085512,0.429389312977099
"e4d9699729e0e056a0c772efc6dd6005",49,685.175862439119,0.000974658869395711,0.403061224489796,0.108888888888889,0.00678224065765028,0.43859649122807
"X2fc11b34402b80d30bb0a007d37e0f54",58,361.235196137465,0.000989119683481701,0.49848759830611,0.128888888888889,0.00357570102585959,0.445103857566766
"c550d693ad3b162a817462cc945063ff",13,86.7114274102442,0.000847457627118644,0.320512820512821,0.0288888888888889,0.000858316529673291,0.38135593220339
"X8260ae6f154f7215f39960da37fbef5e",22,297.737590057093,0.000903342366757001,0.324675324675325,0.0488888888888889,0.00294716743436865,0.40650406504065
"dc8ee626ae285484ad61520ccef7a932",25,439.310749818387,0.000893655049151028,0.286666666666667,0.0555555555555556,0.00434853501428742,0.402144772117962
"X564e42cdcfd64c8d404a8a8cc74709f2",16,50.075357067876,0.000849617672047579,0.466666666666667,0.0355555555555556,0.000495672923215798,0.38232795242141
"X767dac15435346bed392cc943aa325ea",39,537.86441419134,0.000961538461538462,0.49527665317139,0.0866666666666667,0.00532407239981529,0.432692307692308
"X68df9aa146fbc58badd2b90fed67eb26",34,230.922569066952,0.000918273645546373,0.467023172905526,0.0755555555555556,0.0022857962788117,0.413223140495868
"ec08af952b506ed3b32fd412bd8633c4",45,273.342305554909,0.000982318271119843,0.505050505050505,0.1,0.00270568973575757,0.442043222003929
"d67d613c36869bde2d8e70b369b0c2a4",42,442.208442830183,0.000944287063267233,0.355400696864111,0.0933333333333333,0.00437721794437202,0.424929178470255
"abad53feb6f5780f11bf5253dd85b33b",6,37.2458818612898,0.000746825989544436,0.266666666666667,0.0133333333333333,0.000368679850148872,0.336071695294996
"eef3faaa4703410cdb54b5b8ab6d8004",10,84.1974987808131,0.000809061488673139,0.288888888888889,0.0222222222222222,0.000833432306664817,0.364077669902913
"X7d6d1d8113ec7f891d27d8391df66411",21,250.145269459214,0.000930232558139535,0.233333333333333,0.0466666666666667,0.00247607294688655,0.418604651162791
"bdf8a26094624622d68509a87fa75ba7",39,839.259608431229,0.000956022944550669,0.337381916329285,0.0866666666666667,0.0083074447753648,0.430210325047801
"X41f205eab60ecb7fdbf8841ba52ad69e",53,320.951053061236,0.000974658869395711,0.492743105950653,0.117777777777778,0.00317694682564945,0.43859649122807
"X2e3ab9895c5da9a01ab4b5a6e18655f6",52,585.480504319051,0.000969932104752667,0.374811463046757,0.115555555555556,0.00579540217093839,0.4364694471387
"X48e665141691a28bc90fb9f37cbc09c2",51,639.576324458031,0.000964320154291225,0.367058823529412,0.113333333333333,0.00633087180854275,0.433944069431051
"X1c291466057260266d13db2efa0a99d7",40,963.208948727944,0.000946969696969697,0.311538461538462,0.0888888888888889,0.00953436227397123,0.426136363636364
"X0e1f53744bae7e235180cc03167e50fc",8,222.289483336633,0.000782472613458529,0.142857142857143,0.0177777777777778,0.0022003413346858,0.352112676056338
"X378ebc49aa43ea5c4d8eec8c50c0bb94",6,28.4201503840743,0.000749063670411985,0.466666666666667,0.0133333333333333,0.000281317994398161,0.337078651685393
"b9319889259321069a1681366ffafd7a",27,622.790337414065,0.000922509225092251,0.316239316239316,0.06,0.00616471504493011,0.415129151291513
"X0e55339184fe9a032b6098595b39905f",3,19.7304639420832,0.000676132521974307,0,0.00666666666666667,0.000195302785865708,0.304259634888438
"a233f3333f0013b24af2d90a890c0f68",7,106.030202220917,0.000723589001447178,0.19047619047619,0.0155555555555556,0.00104954419421843,0.32561505065123
"de6087b1c7794a22e4a42167dca67b3b",21,353.200918677156,0.00087719298245614,0.3,0.0466666666666667,0.00349617340932597,0.394736842105263
"X5753e2e978be831e0069b6a3a76862c8",33,933.393061193034,0.000914076782449726,0.348484848484849,0.0733333333333333,0.0092392285196044,0.411334552102377
"X0d4ced5f977118b406077655d55deb3b",63,528.118342074438,0.00101010101010101,0.519201228878648,0.14,0.0052276005154609,0.454545454545455
"X299814070bba81d19d3849f89ac65603",34,534.12917116889,0.000966183574879227,0.36541889483066,0.0755555555555556,0.00528709894747726,0.434782608695652
"X2b24fb649625bc5758bd7fb56cc6f051",9,13.7770989775957,0.000834028356964137,0.472222222222222,0.02,0.000136373164836384,0.375312760633862
"X41ca44af58936b94226a6eacd3b61523",12,16.236560646019,0.000865800865800866,0.560606060606061,0.0266666666666667,0.000160718244454531,0.38961038961039
"X75226a34961e7178e043576fe6489cbc",65,944.312552502383,0.00105263157894737,0.435576923076923,0.144444444444444,0.00934731554073133,0.473684210526316
"X7c7c7761ed1d350dd250d3bf1f131073",73,522.790536227924,0.00104275286757039,0.481735159817352,0.162222222222222,0.00517486301636153,0.469238790406674
"fa01328178c62c03d7775e418dd6ba04",25,62.9658715133521,0.000919117647058824,0.503333333333333,0.0555555555555556,0.000623270195628331,0.413602941176471
"X84bcf042e3a9faf5a79ebeb6b4cc2284",38,492.044434639747,0.000987166831194472,0.446657183499289,0.0844444444444444,0.00487052150101209,0.444225074037512
"X83805be70aece30df0d0e78d719d7a63",36,115.458889673921,0.000933706816059757,0.588888888888889,0.08,0.00114287443379283,0.420168067226891
"X7079566bd1959d62ea1c7923159b7a3d",96,1197.82322145225,0.00110619469026549,0.379166666666667,0.213333333333333,0.0118567010289755,0.497787610619469
"cc40b03f4e9d74ac9bc80407a1c35c0e",100,1323.27673745613,0.00111607142857143,0.372323232323232,0.222222222222222,0.0130985076709342,0.502232142857143
"X16279d63c18f0ce497fac24287ac9ed8",76,582.552588853987,0.00106044538706257,0.465263157894737,0.168888888888889,0.00576642008269228,0.477200424178155
"c22fca4bf161aec670f108d97d721ff7",39,216.842759512395,0.000932835820895522,0.560053981106613,0.0866666666666667,0.00214642672123133,0.419776119402985
"X38c4d4d8a675313ae6639259f00ff97c",43,280.221823924126,0.000934579439252336,0.553709856035437,0.0955555555555556,0.00277378692327766,0.420560747663551
"X5a7c85d39e6fe84bdaa0bdfb9c3e22d9",62,742.792844742106,0.00099304865938431,0.463775780010576,0.137777777777778,0.00735256465965955,0.446871896722939
"X45a9db0e9b18fda14379dfa2554ff370",8,122.918018550135,0.000795544948289578,0.214285714285714,0.0177777777777778,0.00121670891908077,0.35799522673031
"X5431b56452ec0edd4808b4e8151b44d7",41,254.670260252258,0.000966183574879227,0.513414634146341,0.0911111111111111,0.00252086374909437,0.434782608695652
"X24abf7bfaf309973513207720f873430",14,109.019903596585,0.000848176420695505,0.274725274725275,0.0311111111111111,0.00107913787276996,0.381679389312977
"X4164e5a93c26aba949f9f4aef52f6ae3",35,228.143280361204,0.000951474785918173,0.499159663865546,0.0777777777777778,0.0022582853784826,0.428163653663178
"X104dd983684effc650376e4593cdb110",20,154.688658107084,0.000902527075812274,0.352631578947368,0.0444444444444444,0.00153119186446012,0.406137184115523
"X31b6d495db332a8725a67e6cba15865c",75,582.347266706513,0.0010515247108307,0.467747747747748,0.166666666666667,0.00576438769320973,0.473186119873817
"a157aa393add09ea96b5690fb5a03e97",20,219.103086753051,0.000873362445414847,0.452631578947368,0.0444444444444444,0.00216880066075775,0.393013100436681
"X3046627c356a24ce50a771cb00466245",23,54.767412915482,0.000916590284142988,0.636363636363636,0.0511111111111111,0.000542117425543004,0.412465627864345
"X5461cbec86382de4f99ac81bfd6293cb",77,799.773590387939,0.0010515247108307,0.454887218045113,0.171111111111111,0.00791659084769056,0.473186119873817
"b40dca02f07ecf1c0f53760f0153a059",69,717.112241301691,0.00105708245243129,0.397271952259165,0.153333333333333,0.00709836418017016,0.47568710359408
"a6841fd6c341bedd8a401cd08bb2763d",66,1305.45267483688,0.00105596620908131,0.345920745920746,0.146666666666667,0.0129220754747526,0.475184794086589
"e4ee05bbf4ea42bb7404e560a5998628",90,1605.98655002192,0.00110497237569061,0.364294631710362,0.2,0.0158969220492148,0.497237569060773
"X9e68814ff5c7be0da458d282eb1bdb90",66,1443.69525874139,0.00106269925611052,0.323076923076923,0.146666666666667,0.0142904752164453,0.478214665249734
"X2c5f08689a5ddb6cf45c98388f8bb749",11,78.3577891487889,0.000805152979066023,0.290909090909091,0.0244444444444444,0.000775627707486156,0.36231884057971
"efa6362be1f2eadf260d613d27866698",20,340.59604627407,0.000846740050804403,0.373684210526316,0.0444444444444444,0.00337140357608582,0.381033022861981
"X3b53c57d6dd8fdcb547ce42dfd8ab2d5",25,292.111656608009,0.000899280575539568,0.416666666666667,0.0555555555555556,0.00289147890728046,0.404676258992806
"d9cd0af578a3fa9523c3fa8fec47c3ad",15,359.104682141282,0.000854700854700855,0.19047619047619,0.0333333333333333,0.00355461204792163,0.384615384615385
"ca3535139d924cfca88ceba216fdee8e",19,457.44940581411,0.000889679715302491,0.280701754385965,0.0422222222222222,0.00452808122557892,0.400355871886121
"X9d15e89e6dfc7469f1218986d3294148",39,277.879065675062,0.000925069380203515,0.441295546558704,0.0866666666666667,0.00275059703712014,0.416281221091582
"e320b05ff82a7b05b32a473ee84802c5",13,142.608251855114,0.000830564784053156,0.294871794871795,0.0288888888888889,0.00141161348037727,0.37375415282392
"X714d60bd4480ed3b0eab40b3ad545ba9",24,121.515512758449,0.000881834215167548,0.532608695652174,0.0533333333333333,0.00120282615945012,0.396825396825397
"X68f21ace326fd6c1293286eaf7184417",25,240.181149054622,0.000892060660124889,0.45,0.0555555555555556,0.00237744270284209,0.4014272970562
"X845be08d6ae6d3073a24d790fab9962a",27,267.393918347873,0.000865800865800866,0.381766381766382,0.06,0.00264680938725932,0.38961038961039
"X25d5661572aa5474b57290cda526b043",17,255.546880699407,0.000880281690140845,0.279411764705882,0.0377777777777778,0.00252954101162491,0.39612676056338
"c42b1bcc145935d27c6c3eca92961ee2",11,43.1277639224608,0.000843881856540084,0.418181818181818,0.0244444444444444,0.000426901894802878,0.379746835443038
"X71cf03b7adaf0113eece7081240f4da0",22,224.396897496143,0.000874890638670166,0.441558441558442,0.0488888888888889,0.00222120165796727,0.393700787401575
"X1ef2e6295de68016efd5fe1df177243c",33,448.965342398676,0.00088339222614841,0.399621212121212,0.0733333333333333,0.00444410138479264,0.397526501766784
"d8a190cda3f0e71443c891d10790cdf2",3,20.068366939556,0.000650195058517555,0,0.00666666666666667,0.000198647532190607,0.2925877763329
"X58ab4d14465fb08d1359d21641b18776",37,760.22594271668,0.000960614793467819,0.361861861861862,0.0822222222222222,0.00752512687668082,0.432276657060519
"X5902a635fbbaa70769045e37ef1bb20b",21,260.952004344466,0.00088261253309797,0.366666666666667,0.0466666666666667,0.00258304384404322,0.397175639894086
"X1e6d17fc81733f6b3139f507ea8b3964",25,349.068719404609,0.000919117647058824,0.356666666666667,0.0555555555555556,0.00345527066968185,0.413602941176471
"X063a8b0b4589fa1fdbeb2119ffe4faf5",22,434.055455358455,0.000897666068222621,0.341991341991342,0.0488888888888889,0.00429651527204608,0.40394973070018
"c15edd4400d9195bf46b4d6619b23c16",25,542.862236071149,0.000890471950133571,0.296666666666667,0.0555555555555556,0.00537354353943231,0.400712377560107
"X065caf177c9bbca39283b882486de188",12,120.811018826212,0.000833333333333333,0.333333333333333,0.0266666666666667,0.00119585269810653,0.375
"X043ffb43eda2598aa536d3affb924a92",24,1115.66273795467,0.000884955752212389,0.318840579710145,0.0533333333333333,0.0110434321995018,0.398230088495575
"X3852523902b72b40a7621775d8aa9435",43,1000.4785093738,0.000956937799043062,0.306755260243632,0.0955555555555556,0.00990327650951542,0.430622009569378
"X03d0864275ffa173ba848eb1d370daa6",22,275.272295606399,0.000879507475813544,0.406926406926407,0.0488888888888889,0.00272479381941499,0.395778364116095
"fb817cbb755566c123ccf837399dd066",67,1053.24249135461,0.00105820105820106,0.421076436001809,0.148888888888889,0.0104255628938838,0.476190476190476
"X7c6a64214d1fa88361e42be5789fc416",33,557.887226643827,0.000884955752212389,0.350378787878788,0.0733333333333333,0.00552226900909505,0.398230088495575
"X27d5787da5e6434481488cc86719e896",28,303.504652348558,0.000879507475813544,0.415343915343915,0.0622222222222222,0.00300425293094341,0.395778364116095
"dc36b0fe75ac832d46c5d905d1e67dbb",11,79.3366475291636,0.000814995925020375,0.418181818181818,0.0244444444444444,0.000785316976284717,0.366748166259169
"e8961e279b0737d622306614fa979b0f",32,416.371991116564,0.000924214417744917,0.4375,0.0711111111111111,0.00412147479452179,0.415896487985213
"dc38bb48c57291481ef17757f91e52d6",22,328.791595331417,0.000889679715302491,0.298701298701299,0.0488888888888889,0.00325455674666089,0.400355871886121
"X13e562cd4721747845d9a3d56a1c3d2e",9,99.979793787119,0.000772200772200772,0.305555555555556,0.02,0.00098965398452976,0.347490347490348
"X2b2bf61846ac2d5d20ebe60d9ac3ba21",46,521.790116363004,0.000980392156862745,0.401932367149758,0.102222222222222,0.00516496032034648,0.441176470588235
"X157a7c6518a3b3e70daf62add4531002",51,1134.65643375765,0.00100908173562059,0.276078431372549,0.113333333333333,0.0112314420564974,0.454086781029263
"X42ebf1fbb8dc9c2a59a522951af7c89c",54,737.086718159542,0.00100300902708124,0.399021663172607,0.12,0.00729608233763467,0.45135406218656
"d0855c29c251c2223fa348963b97b15c",38,397.35949098237,0.000951474785918173,0.399715504978663,0.0844444444444444,0.00393327880210215,0.428163653663178
"d829bee4984f82ffc2453212157caf96",20,231.647168884604,0.000886524822695035,0.384210526315789,0.0444444444444444,0.00229296875906561,0.398936170212766
"X13e319d64e89630aa2c798f24cd3f75d",19,189.168675814365,0.000917431192660551,0.403508771929825,0.0422222222222222,0.00187249369774179,0.412844036697248
"aa4a7da60cbfadf333c660778816fa41",60,457.868225536191,0.001001001001001,0.513559322033898,0.133333333333333,0.00453222692933621,0.45045045045045
"f87fac0587d674e089d69d4ad4e9d0cf",4,2.21904723004837,0.000770416024653313,0.5,0.00888888888888889,2.19653276916443e-05,0.346687211093991
"X4417ecc7507040687f59c27ab492fb87",54,553.626749032572,0.00100603621730382,0.43466107617051,0.12,0.00548009650118854,0.45271629778672
"c117e099a57d9d761172cdd88844153f",13,177.001236719314,0.000846740050804403,0.269230769230769,0.0288888888888889,0.00175205381558341,0.381033022861981
"X2ce0cbbc8aa5cd85a0f34afc594f7567",50,519.387049070645,0.000957854406130268,0.444897959183673,0.111111111111111,0.00514117346271364,0.431034482758621
"ab0184f9b865f34e92ea87ed83be9079",15,87.7338492040117,0.000825763831544178,0.371428571428571,0.0333333333333333,0.000868437012660349,0.37159372419488
"b0546a8c6a38415c52d2dc916319d3fd",49,267.610986096056,0.000949667616334283,0.529761904761905,0.108888888888889,0.00264895804103991,0.427350427350427
"X5beb719d2153498ea99e740ee8b22a99",4,12.9461777398004,0.000769230769230769,0.333333333333333,0.00888888888888889,0.000128148257756005,0.346153846153846
"fdb5cea9da6632a6eca6c002cd6397e4",14,363.038017159025,0.000782472613458529,0.340659340659341,0.0311111111111111,0.00359354632179189,0.352112676056338
"d189d41c4186447b57a13b5e5b639bc5",38,637.185396802606,0.000937207122774133,0.330014224751067,0.0844444444444444,0.00630720511559125,0.42174320524836
"X6f201daa07694ea5ead1344c7310baeb",6,234.413199424209,0.000749625187406297,0.0666666666666667,0.0133333333333333,0.00232034842290729,0.337331334332834
"defd1d344a150108a15a0a91f3712313",10,241.538156621793,0.000803212851405623,0.111111111111111,0.0222222222222222,0.00239087509647902,0.36144578313253
"X23efce07a9a5ce9745b758327a770b9c",2,2.79524622404128,0.000620732464307883,0,0.00444444444444444,2.76688564616806e-05,0.279329608938547
"X2d66d59115e5f8c6d716f72f4fc26f23",73,970.14371149735,0.00106044538706257,0.423896499238965,0.162222222222222,0.00960300630039446,0.477200424178155
"X4cb7ca2bdf65e41f6324ac10e5160606",58,551.367010505866,0.0010183299389002,0.428312159709619,0.128888888888889,0.00545772838907069,0.458248472505092
"X1b9123f5b28e795eec7c9fac313296a8",55,524.591756767159,0.00100806451612903,0.511784511784512,0.122222222222222,0.00519269246985557,0.453629032258065
"X8af9b72c1b3847562719d980e6cab6ef",61,721.641687346749,0.00102145045965271,0.487978142076503,0.135555555555556,0.00714319908286809,0.459652706843718
"c7f3063ac201bf86f753a0133f5bc8af",65,577.632192832711,0.00104166666666667,0.432211538461538,0.144444444444444,0.0057177153460303,0.46875
"X1cb409f5ec2f57ae83968cb3f3f4936c",16,346.565205985123,0.000876424189307625,0.408333333333333,0.0355555555555556,0.00343048954204527,0.394390885188431
"a1fad2342c3aea3b75f17816f0aab4b5",55,317.52941214139,0.00101626016260163,0.514478114478114,0.122222222222222,0.00314307757625727,0.457317073170732
"X6e93ba2bd97442f38b96bf7a8609843e",71,1147.08809939574,0.00106496272630458,0.410060362173038,0.157777777777778,0.0113544973956519,0.479233226837061
"X9af3467db68cf6063627304cecd46a65",43,496.765816628752,0.000956937799043062,0.478405315614618,0.0955555555555556,0.00491725628932197,0.430622009569378
"X2a071af67ec43b7126e8c362bec6e8ae",32,914.080058058056,0.000935453695042095,0.391129032258065,0.0711111111111111,0.00904805798622179,0.420954162768943
"X1c02701bb0bdd59b7831f1c12945e458",24,380.423757810918,0.000909090909090909,0.300724637681159,0.0533333333333333,0.00376563977046194,0.409090909090909
"f1554c22d6d84c3d277f11d7a173399a",52,453.264183951427,0.000998003992015968,0.490950226244344,0.115555555555556,0.00448665363970727,0.449101796407186
"X7da1299ab8186f27f3398521ade85763",24,228.307650182367,0.000916590284142988,0.358695652173913,0.0533333333333333,0.00225991239972648,0.412465627864345
"X8d131fbe2a51685f205ecf49614df89f",24,361.003409844825,0.000852514919011083,0.449275362318841,0.0533333333333333,0.00357340667997847,0.383631713554987
"X62b43007218a31c5920fafc6c005db34",20,622.742149083076,0.000874125874125874,0.136842105263158,0.0444444444444444,0.00616423805080996,0.393356643356643
"X17cb6783b16db5a1c270c3a0c2462b3f",22,482.583519778443,0.000887311446317658,0.329004329004329,0.0488888888888889,0.00477687225714865,0.399290150842946
"c96adcfeae3792cace6f3d933a87fea0",47,1655.32435512961,0.00100603621730382,0.238667900092507,0.104444444444444,0.0163852942848761,0.45271629778672
"X6ddb6ca13d5e22fb7808595926eceaec",39,1168.46093576929,0.000956022944550669,0.248313090418354,0.0866666666666667,0.0115660572706685,0.430210325047801
"X2ac28c9b07b5c15b9e07ea8ff280d7d8",18,163.429719619688,0.000868809730668983,0.398692810457516,0.04,0.00161771561118226,0.390964378801043
"X324508fc7efa1c35109b7e930d883fb3",3,21.6512989875254,0.000694444444444444,0,0.00666666666666667,0.000214316248329873,0.3125
"bb618c07d8b9cdb0d42ec2541ba82725",6,89.3712049612492,0.00078064012490242,0.266666666666667,0.0133333333333333,0.000884644444060868,0.351288056206089
"X721f210673441b0c7ea0a42fe6e059c2",3,10.0175304677019,0.000669344042838019,0.333333333333333,0.00666666666666667,9.91589256887101e-05,0.301204819277108
"X80f937741179ac587bd1e4de3f6f77a9",5,24.9720258958277,0.000719942404607631,0.3,0.0111111111111111,0.000247186596345733,0.323974082073434
"f822307e75f5ecf56a32bb978cfa0556",5,93.9863362552453,0.000742390497401633,0.2,0.0111111111111111,0.000930327505619849,0.334075723830735
"aa79cd522d10c4cd9d0b573958b93c40",11,169.834139269937,0.000809716599190283,0.327272727272727,0.0244444444444444,0.00168111001504516,0.364372469635628
"X61563a869a19edbc5b2ca07ce6be59dd",18,344.742722948738,0.000863557858376511,0.411764705882353,0.04,0.00341244962087342,0.38860103626943
"X5010e21d06c7a18a1443ff214d2bc51b",2,4.78513800767747,0.00061576354679803,0,0.00444444444444444,4.73658798087352e-05,0.277093596059113
"X6aa8c3772f804fd78ad94be19a04da63",9,65.8555848753695,0.000786782061369001,0.416666666666667,0.02,0.000651874138830681,0.35405192761605
"X7f8879f54cceba4878e0666428f37d0a",7,35.2305214764328,0.000746268656716418,0.476190476190476,0.0155555555555556,0.000348730724834772,0.335820895522388
"X8398b1c650e249bbfb3988e1721b1954",27,24.3415082449517,0.00089126559714795,0.735042735042735,0.06,0.000240945392179676,0.401069518716578
"X7fbcbf060cc20ed43ec136d96a8f5765",25,25.1357627048343,0.000885739592559787,0.706666666666667,0.0555555555555556,0.000248807351693485,0.398582816651904
"f510cc956aac7fc68f791d123f5151c8",41,216.355174969358,0.000928505106778087,0.551219512195122,0.0911111111111111,0.00214160034614558,0.417827298050139
"X7c5e43b67baf767b7e3dbfc961596180",73,1018.91439560602,0.0010752688172043,0.377092846270928,0.162222222222222,0.0100857648661818,0.483870967741935
"dca9533da4b01b47ac33136f4a2134fc",60,510.977744376142,0.0010183299389002,0.411864406779661,0.133333333333333,0.00505793362411424,0.458248472505092
"e07af1c8d6ba26edfdf4fd4a03637b22",42,563.512880467436,0.000968992248062015,0.342624854819977,0.0933333333333333,0.00557795476829929,0.436046511627907
"bacbe60d58b991f07b8136140eadd5c8",23,254.92712437197,0.000917431192660551,0.458498023715415,0.0511111111111111,0.002523406328849,0.412844036697248
"b789f4414dbc46ec887bca40211be30e",47,545.623122203002,0.00099304865938431,0.474560592044403,0.104444444444444,0.00540087228114825,0.446871896722939
"X27aeff481683020385ff79cf659baf92",12,86.3224980299599,0.000823045267489712,0.348484848484849,0.0266666666666667,0.000854466696658846,0.37037037037037
"X574a6d8a4a9e23f799340bb050914c84",8,11.4995053352051,0.000799360511590727,0.464285714285714,0.0177777777777778,0.000113828313142342,0.359712230215827
"ba2321b7ebb2317c7247e5396c562e5f",57,313.642264514092,0.00101214574898785,0.465538847117794,0.126666666666667,0.00310460049011722,0.455465587044534
"f0d038e42a227b18a9c1c5a4a4435df2",29,116.950473360222,0.000937207122774133,0.512315270935961,0.0644444444444444,0.00115763893452335,0.42174320524836
"X86c145c16f8bacf8a6ec3549a30d6990",64,932.365221993805,0.00102564102564103,0.33531746031746,0.142222222222222,0.00922905441221287,0.461538461538462
"X16dedc79dc6331305afc61a06e0a39e9",57,1076.36904956381,0.00100401606425703,0.331453634085213,0.126666666666667,0.0106544820545787,0.451807228915663
"X55c7c0d737d24bfc81d7e8fa4ad2f20a",23,197.229383848325,0.000917431192660551,0.363636363636364,0.0511111111111111,0.00195228293836501,0.412844036697248
"e0b415a48430a58a81375b935360ff91",30,212.022215697217,0.000929368029739777,0.505747126436782,0.0666666666666667,0.00209871037562204,0.4182156133829
"X17982332c1aed63dba32ad679a01e667",55,637.020205764812,0.00102145045965271,0.41010101010101,0.122222222222222,0.00630556996550173,0.459652706843718
"X319b815afe9c41888140c0b531a9fc50",22,60.4803223223494,0.000892857142857143,0.571428571428571,0.0488888888888889,0.000598666887625334,0.401785714285714
"ff9c3182a8e40e17ac9353c339dcbfc0",36,466.761804604522,0.000954198473282443,0.420634920634921,0.08,0.00462026037717913,0.429389312977099
"d7afea49f4db0874e17c76039e523806",58,637.5807929482,0.00102459016393443,0.349062310949788,0.128888888888889,0.00631111896014056,0.461065573770492
"db0b3237ea87eb0333ac4df1c5e98c83",44,338.737481853737,0.000961538461538462,0.441860465116279,0.0977777777777778,0.00335300650189297,0.432692307692308
"X2679b78111c7f345ce9f9de5fe81f244",49,572.472301891211,0.00099601593625498,0.388605442176871,0.108888888888889,0.00566663995932899,0.448207171314741
"X9068cc249fa74993dc04bcabb5b5412e",43,450.633613037157,0.00098135426889107,0.397563676633444,0.0955555555555556,0.00446061482838067,0.441609421000981
"X78faab4772ab5a607f822f8e7bfbc0e6",16,277.043596672363,0.000859106529209622,0.358333333333333,0.0355555555555556,0.0027423271138071,0.38659793814433
"b5d49294b2ff467ac47bd4354403f548",16,144.275232376942,0.00089126559714795,0.483333333333333,0.0355555555555556,0.00142811415369405,0.401069518716578
"d67c365dce47104f34fc44ca059d411e",34,175.532097074196,0.000940733772342427,0.540106951871658,0.0755555555555556,0.00173751147809152,0.423330197554092
"X7921fceb720af59c47c28c493d8d91a7",62,966.091101128328,0.00103842159916926,0.343204653622422,0.137777777777778,0.00956289137469268,0.467289719626168
"X3b38999bdbf762d48005d1e4f7a5de40",71,1308.31451594521,0.00108342361863489,0.329979879275654,0.157777777777778,0.0129504035233379,0.487540628385699
"X15013e76cab8983167cea844a3cd9c81",82,1429.67821643844,0.00109649122807018,0.340861186389642,0.182222222222222,0.0141517269630135,0.493421052631579
"e9b2e722f3407d73e6e0e1a8c2ea14d7",43,839.822385534317,0.000970873786407767,0.401993355481728,0.0955555555555556,0.0083130154470113,0.436893203883495
"X45d4963bdf8ca919a6dc6bd7d3e1696c",65,1565.43867694663,0.0010351966873706,0.2875,0.144444444444444,0.0154955573070688,0.46583850931677
"X29abf79937c29f1d4d7d5739225d3b22",59,1357.54466136342,0.00103950103950104,0.331969608416131,0.131111111111111,0.0134377100852603,0.467775467775468
"ceee02490f5d19e92601d01378460755",62,637.542655294415,0.00102880658436214,0.397673188789001,0.137777777777778,0.00631074145305038,0.462962962962963
"bd1c5a1d598935c732723e49a713dee1",50,471.517217848022,0.000984251968503937,0.429387755102041,0.111111111111111,0.00466733202522169,0.442913385826772
"a368d176d7e9f2688872e48fedfe7451",1,0,0.000587199060481503,NA,0.00222222222222222,0,0.264239577216676
"X2951329abbe43dc4e3487b3f09c864de",17,237.19133434833,0.000864304235090752,0.272058823529412,0.0377777777777778,0.00234784790248285,0.388936905790838
"X3c0d78d25ced17b529d930b89571ff57",12,198.487502478889,0.000818330605564648,0.257575757575758,0.0266666666666667,0.00196473647591081,0.368248772504092
"f24e29f33c1a1392cf47e1928bfb1f85",20,307.718488928936,0.000855431993156544,0.405263157894737,0.0444444444444444,0.00304596376074176,0.384944396920445
"X14a79b7e1862deef2d42d29f4b716778",5,46.5508958977987,0.000732600732600733,0.3,0.0111111111111111,0.000460785903467445,0.32967032967033
"X7b0335adb8b862e1931aed516d897807",40,837.321082178646,0.000937207122774133,0.315384615384615,0.0888888888888889,0.00828825619577972,0.42174320524836
"X1db00d824b8214e3110badd20a8cbd49",22,689.337037203312,0.000909918107370337,0.393939393939394,0.0488888888888889,0.00682343021235647,0.409463148316651
"X8eeee86659d39d7697f96a115ec58955",26,357.71674207494,0.000925925925925926,0.356923076923077,0.0577777777777778,0.00354087346770541,0.416666666666667
"ac23332462f5f95fd670fccdda1d3ecf",30,476.386689923202,0.000933706816059757,0.331034482758621,0.0666666666666667,0.00471553268916805,0.420168067226891
"X9b3c83f0ce7d2ff29b69d076065c65d9",18,138.620994213358,0.00088809946714032,0.326797385620915,0.04,0.00137214545125819,0.399644760213144
"X8d1b5098c19d452a16d54c3481b04b9b",16,142.05906909546,0.00084530853761623,0.341666666666667,0.0355555555555556,0.00140617737288255,0.380388841927303
"bb2ac62de7e7de613198b5f2a4a09a01",30,300.186245354359,0.000938967136150235,0.381609195402299,0.0666666666666667,0.00297140554669001,0.422535211267606
"X2cc455e2e9e3471d84049387c933e5ae",60,917.909514515077,0.000972762645914397,0.319774011299435,0.133333333333333,0.0090859640140072,0.437743190661479
"X604e2b20bf3bb89d005094a212767a8c",30,222.81940412146,0.000881834215167548,0.395402298850575,0.0666666666666667,0.00220558677675288,0.396825396825397
"X19e4c67043764aa2b2b5a9fd638ebb20",16,91.6520174958097,0.000862812769628991,0.383333333333333,0.0355555555555556,0.000907221158087698,0.388265746333046
"X3c1801326a1ee64b174b5b420cf81f4a",23,269.128557778853,0.000917431192660551,0.316205533596838,0.0511111111111111,0.00266397978499235,0.412844036697248
"bb46b1f5d33b1bbac8e2fa6bc0d87bd7",21,128.69148364187,0.00089126559714795,0.39047619047619,0.0466666666666667,0.00127385779402989,0.401069518716578
"X86c049dbebf28346fbcab63b05dd7560",26,711.582302506812,0.000907441016333938,0.332307692307692,0.0577777777777778,0.00704362586000309,0.408348457350272
"X612b65b15d2a64e55bef0a6f28a0f7d0",41,395.091756873767,0.000931098696461825,0.398780487804878,0.0911111111111111,0.00391083154539735,0.418994413407821
"X284c506d6a39ac0fd6464da973bcd0c0",56,950.113030230291,0.001,0.337012987012987,0.124444444444444,0.00940473180133918,0.45
"X4351d2689ebb61f85de63d886ea4c309",55,831.286289692688,0.00099403578528827,0.341414141414141,0.122222222222222,0.00822852056117484,0.447316103379722
"X7379cb1eb04cbde0c10f7375d914e6bc",57,1065.93387577137,0.00102564102564103,0.321428571428571,0.126666666666667,0.0105511890697487,0.461538461538462
"X90aca794c7e30b8a77e87f13ffc9a5cc",56,1534.04310464394,0.00102040816326531,0.280519480519481,0.124444444444444,0.0151847869798955,0.459183673469388
"f16b2a5133f50b691b2f8010e4aa15d9",52,630.347090782991,0.000969932104752667,0.393665158371041,0.115555555555556,0.00623951587016077,0.4364694471387
"X3b2cd93d269ccb3d848124cbe197a98c",39,374.780870506532,0.000915750915750916,0.439946018893387,0.0866666666666667,0.00370978342495948,0.412087912087912
"X3d8a3f9745dc9eaf84963ec99d125d84",29,446.981010616224,0.000914913083257091,0.426108374384236,0.0644444444444444,0.00442445939733951,0.411710887465691
"X8d208edaadfded1f5e11b203472a52e8",18,232.15589570016,0.000871839581517001,0.437908496732026,0.04,0.00229800441178084,0.39232781168265
"X1a3f05d8b58c522bc987e472e8e8c485",15,41.8960863847008,0.000827129859387924,0.466666666666667,0.0333333333333333,0.000414710085470931,0.372208436724566
"c0ec01007e791d30819aa844d64ad2ae",34,329.6067952102,0.000901713255184851,0.493761140819964,0.0755555555555556,0.00326262603524078,0.405770964833183
"ff455197e5f668acf0c4aaee9bd0812f",21,329.114053420742,0.000892857142857143,0.328571428571429,0.0466666666666667,0.00325774861094523,0.401785714285714
"X58f0afd219aeca9177ec09c30c28fc33",3,7.38279842579672,0.000739644970414201,0.333333333333333,0.00666666666666667,7.30789252739096e-05,0.332840236686391
"X77599677762880ea8751ee5415827be2",19,212.208606158321,0.00087260034904014,0.315789473684211,0.0422222222222222,0.00210055536905044,0.392670157068063
"f8daf1de103cc7a544885bf81a623174",8,62.5531415856121,0.000791139240506329,0.428571428571429,0.0177777777777778,0.000619184771943698,0.356012658227848
"X35476e9d8c7734606ffc7dd09a5e2942",21,440.129723663054,0.000888888888888889,0.295238095238095,0.0466666666666667,0.00435664165961944,0.4
"X6e105f3f79341d4c6ac024b928786898",35,512.428970541172,0.000942507068803016,0.357983193277311,0.0777777777777778,0.00507229864430757,0.424128180961357
"e19d2ae3bb9663795ab3089680a3f9cc",19,523.202776632582,0.000889679715302491,0.362573099415205,0.0422222222222222,0.00517894359448237,0.400355871886121
"X4479338abc4249dc2d7a4385e261fb7d",4,30.6397111837225,0.000692520775623269,0,0.00888888888888889,0.000303288405679015,0.311634349030471
"a1fa3a592da596cfd723d113579fc05f",10,69.0252099163207,0.000784929356357928,0.377777777777778,0.0222222222222222,0.000683248798973726,0.353218210361067
"X46d6673c10fb7e8fff7a9d58f39c7dfb",17,356.092522751289,0.000880281690140845,0.220588235294118,0.0377777777777778,0.00352479606781775,0.39612676056338
"a3fe53963e192e7bcf96e334a868edcc",8,159.577142411087,0.000731528895391368,0.0714285714285714,0.0177777777777778,0.00157958072171331,0.329188002926116
"c34826585dd78407f20e083103851b81",8,29.2634331839247,0.00079428117553614,0.25,0.0177777777777778,0.000289665262894577,0.357426528991263
"ecbbf2c79865e5f985eaf44f8efa2f44",12,195.631290691083,0.000834724540901503,0.196969696969697,0.0266666666666667,0.00193646414937969,0.375626043405676
"afabed17a08ffea3fd97aa1e4079bd73",17,277.44880602266,0.000860585197934596,0.257352941176471,0.0377777777777778,0.00274633809475536,0.387263339070568
"c938c4ceac4c09d1270d8be976a6ccde",32,446.293727826885,0.000930232558139535,0.419354838709677,0.0711111111111111,0.00441765630118173,0.418604651162791
"X8860791be9bea854d2b813e7200c00a8",9,55.2822111775992,0.000807754442649435,0.361111111111111,0.02,0.000547213176714666,0.363489499192246
"X908a07db99a2fd499396734f0600a05d",4,13.915070944467,0.000742942050520059,0.333333333333333,0.00888888888888889,0.000137738885864558,0.334323922734027
"f7fcf7b07c4a987e18711a95a263d4be",30,264.735320671381,0.000933706816059757,0.491954022988506,0.0666666666666667,0.00262049315190677,0.420168067226891
"cdd87a757a31b5e305eef57fd7f4d845",28,916.301249781337,0.000902527075812274,0.537037037037037,0.0622222222222222,0.0090700445412654,0.406137184115523
"X3d76e6900f7026dd37efd85e68cb9e7c",36,734.215499303528,0.000953288846520496,0.298412698412698,0.08,0.00726766146303913,0.428979980934223
"X60af3ebaa4e6c400084034424ef64934",16,318.814489971114,0.000824402308326463,0.25,0.0355555555555556,0.00315579797051338,0.370981038746908
"e934de394d66c2b06ec85ba363b1f37a",21,360.012849550849,0.000915750915750916,0.266666666666667,0.0466666666666667,0.00356360157932046,0.412087912087912
"X1fcffe31a021e2c19708409c5cf6226b",16,326.272918692732,0.0009000900090009,0.258333333333333,0.0355555555555556,0.00322962552529306,0.405040504050405
"X2cee54b259de60b087645d239bb06f80",16,212.726309231729,0.00087260034904014,0.275,0.0355555555555556,0.00210567987361276,0.392670157068063
"X1975f0f2b6531e29f1c84e99f1b51ef8",38,310.099197563111,0.000938086303939963,0.480796586059744,0.0844444444444444,0.00306952930030301,0.422138836772983
"aa84636b7ec9b417f6dc9f0eb2c58c7a",5,18.303550945464,0.000758725341426404,0.1,0.0111111111111111,0.000181178430541589,0.341426403641882
"cb71b18550ce1ce06ef45d07508de654",6,40.9184898064706,0.0008058017727639,0.0666666666666667,0.0133333333333333,0.000405033306671325,0.362610797743755
"c7a766d06d80ef6e2ad150327a7cd0e9",18,199.100396271758,0.000846023688663283,0.333333333333333,0.04,0.00197080322961403,0.380710659898477
"cae33a7d5f2c2e4efab7a096e71afddf",11,89.1484874071074,0.000836820083682008,0.309090909090909,0.0244444444444444,0.000882439865450209,0.376569037656904
"X75cac7ae6fbcbb7817a14f6772f94924",34,432.604436839937,0.000912408759124088,0.420677361853832,0.0755555555555556,0.00428215230725006,0.410583941605839
"ab0129d2a23407212f1d2de135fd7200",4,32.9609807820493,0.000686341798215511,0,0.00888888888888889,0.000326265585568417,0.30885380919698
"cc4fa9a30fb72ffe2170c798191b1aba",25,311.539693009095,0.000914076782449726,0.513333333333333,0.0555555555555556,0.00308378810204499,0.411334552102377
"d8b66f2293acd8eb868b3c5627745ef9",5,72.2046147238212,0.000694927032661571,0.2,0.0111111111111111,0.000714720264526812,0.312717164697707
"f1de58e896111f37a5547e55c818bd8d",3,31.8039796545126,0.00066577896138482,0,0.00666666666666667,0.000314812963667534,0.299600532623169
"f7c1307c9e515afbdf782bfb74360967",4,27.7571768803771,0.000728862973760933,0,0.00888888888888889,0.000274755524675843,0.32798833819242
"X5762f858a76d37b266663011ee5172a5",4,18.6448332729838,0.000757002271006813,0.333333333333333,0.00888888888888889,0.000184556627300013,0.340651021953066
"fe0b1a443bda52db939f9ba64402a236",9,142.751487271608,0.00080450522928399,0.138888888888889,0.02,0.00141303130187189,0.362027353177796
"a1087281564dff44783f3b0247bb3dfa",20,147.714979160557,0.000868055555555556,0.331578947368421,0.0444444444444444,0.00146216262470237,0.390625
"X20e3fc9ceaacf533bb48079d79ebac6f",7,29.5701585330013,0.000789265982636148,0.476190476190476,0.0155555555555556,0.0002927013960208,0.355169692186267
"X60fbff7fe7b0fa4520f9b0a694f5c88b",20,287.667597522625,0.000881834215167548,0.442105263157895,0.0444444444444444,0.00284748921081539,0.396825396825397
"e1fa9e4729a2fa973c8923fb8f27580c",23,524.101392443703,0.000899280575539568,0.379446640316206,0.0511111111111111,0.00518783857900226,0.404676258992806
"aa1a95bff808c63959ec26ff3dcf8dd9",43,692.279631737596,0.000967117988394584,0.347729789590255,0.0955555555555556,0.00685255760195591,0.435203094777563
"X064b6ec110a2276ebc79fa679460bb9c",41,352.312391459211,0.000945179584120983,0.380487804878049,0.0911111111111111,0.00348737828714884,0.425330812854442
"e4f3d014197dbe0b51d919dd79d6a401",9,44.9681424182282,0.000791139240506329,0.305555555555556,0.02,0.000445118954894612,0.356012658227848
"X9d44542f9e5d6afaa65338fade7390cb",8,36.3457769101472,0.0008110300081103,0.392857142857143,0.0177777777777778,0.000359770125316973,0.364963503649635
"X48cbefde19001137abb8b7976cf711e0",17,392.730373306306,0.00087260034904014,0.147058823529412,0.0377777777777778,0.0038874572957813,0.392670157068063
"X2693e41a3f16a944b879c69d0ffff613",16,121.880749115745,0.000871839581517001,0.425,0.0355555555555556,0.00120644146612962,0.39232781168265
"X9a56d338601eed478baefaf441a46811",12,57.5845637640511,0.000834028356964137,0.46969696969697,0.0266666666666667,0.000570003105806,0.375312760633862
"X7e30441b29be215e2ada6cb823b681ec",17,155.512383494652,0.000863557858376511,0.345588235294118,0.0377777777777778,0.00153934554312944,0.38860103626943
"d358f839920b6bd0d20fba6a03f7e67c",6,8.92923918485817,0.000757002271006813,0.666666666666667,0.0133333333333333,8.83864309315334e-05,0.340651021953066
"a9ed26435b9a0410d043eb859626a6af",5,9.25016317180692,0.000741839762611276,0.2,0.0111111111111111,9.15631098421868e-05,0.333827893175074
"X7c60a851ed6e1b3a0246fc84bc81472d",15,222.186624123156,0.000855431993156544,0.238095238095238,0.0333333333333333,0.00219932317865039,0.384944396920445
"X665eb4845976f3eca53f97f29c4cf09f",11,364.610883707756,0.000822368421052632,0.254545454545455,0.0244444444444444,0.00360911540418466,0.370065789473684
"e2883c80ad609c3a91bc5f14d8931447",18,355.082527545625,0.000875656742556918,0.313725490196078,0.04,0.00351479858990968,0.394045534150613
"X5d15728d36a679257babb9cd13b29a99",4,15.3082665508487,0.000707213578500707,0.166666666666667,0.00888888888888889,0.000151529488253885,0.318246110325318
"X058d2bf8584c06dded23a02aea348e63",11,135.491299099028,0.000844594594594595,0.218181818181818,0.0244444444444444,0.00134116603908961,0.380067567567568
"X6c1ed4312d03470a8323002ba1553e32",24,488.058867831954,0.000899280575539568,0.304347826086957,0.0533333333333333,0.00483107020868056,0.404676258992806
"X7e7faa5b3c2d481a8eb03e62fabfed12",13,289.48537882121,0.000851788756388416,0.269230769230769,0.0288888888888889,0.00286548259164771,0.383304940374787
"X893acb6d6f7290c6849d4c803a77f7ba",36,383.78634005925,0.000922509225092251,0.384126984126984,0.08,0.00379892442523386,0.415129151291513
"b3540c0af25833630dbb3a1d2971ede1",17,139.050632489061,0.000871080139372822,0.433823529411765,0.0377777777777778,0.00137639824290088,0.39198606271777
"X796c50f83bfdf82881731e899b7a409e",7,20.6116195160895,0.000784313725490196,0.333333333333333,0.0155555555555556,0.000204024939530705,0.352941176470588
"X6cf596d9f7f35025f21ec140b96aa9a6",8,321.520335963512,0.000758725341426404,0.571428571428571,0.0177777777777778,0.00318258189520922,0.341426403641882
"X15f25fdd487b28486331fe45f5823b08",33,636.416126804579,0.000951474785918173,0.310606060606061,0.0733333333333333,0.00629959046577163,0.428163653663178
"d564a3f8e76f94f7a767be2d841b1aa1",16,254.417446030512,0.000852514919011083,0.3,0.0355555555555556,0.0025183612574166,0.383631713554987
"dd3d36fd596e048a228a8837fc847f49",23,327.825320042931,0.000915750915750916,0.324110671936759,0.0511111111111111,0.00324499203210028,0.412087912087912
"X2d12daf59d919a9813ce7e5d6490c5b0",11,129.763621623463,0.000783699059561128,0.472727272727273,0.0244444444444444,0.00128447039468907,0.352664576802508
"fff06545d9062bf857e4ce4ebf59d76f",5,60.0574103617154,0.000689179875947622,0.1,0.0111111111111111,0.000594480676681172,0.31013094417643
"ab721876cc7159bf0ada0ccfb2a8bbdf",27,233.967921283637,0.000927643784786642,0.421652421652422,0.06,0.00231594081943714,0.417439703153989
"X814829b28c2f2b6d01ef3da917aa9620",23,136.816147962037,0.000911577028258888,0.494071146245059,0.0511111111111111,0.00135428010850816,0.4102096627165
"c18cbcf9882dc05c7d7ca7d4e8112cf9",16,170.104499720342,0.000821692686935086,0.416666666666667,0.0355555555555556,0.00168378618876854,0.369761709120789
"X502fec88bf56ea7030b364c25e281df8",9,20.8938001202657,0.000815660685154975,0.5,0.02,0.000206818115518591,0.367047308319739
"X817c612f28169a4e2386b13f2b8f3305",46,666.727241284216,0.000960614793467819,0.389371980676328,0.102222222222222,0.00659962624384277,0.432276657060519
"X32f6a823e61daf1b06a32cb8824a4325",40,462.304679075831,0.000962463907603465,0.406410256410256,0.0888888888888889,0.00457614134200278,0.433108758421559
"X2687ca73142102d4ea7051ae9a0cb10f",13,152.684853058943,0.000853242320819113,0.320512820512821,0.0288888888888889,0.00151135712010832,0.383959044368601
"X63945242997d77d36942527575a8a99d",7,199.943491253696,0.000745712155108128,0.238095238095238,0.0155555555555556,0.00197914863898734,0.335570469798658
"d7abbdf4303cc5e5221d18d8a6bed3c7",21,366.012907646254,0.000881834215167548,0.314285714285714,0.0466666666666667,0.00362299339417228,0.396825396825397
"X979d36c2bd41f74ccf53e33c5bfe05bb",7,162.054038558392,0.000753579502637528,0,0.0155555555555556,0.00160409837721744,0.339110776186888
"X4d6201fb420d647c32ea0cd582ef338d",2,0.536257514151458,0.000656598818122127,0,0.00444444444444444,5.30816643555019e-06,0.295469468154957
"X0417932f92ef088ce95891d729697bbf",6,143.61700890005,0.000721500721500722,0.266666666666667,0.0133333333333333,0.00142159870230191,0.324675324675325
"X735e187360fdf25275eaef881190740e",28,540.539620639366,0.000916590284142988,0.259259259259259,0.0622222222222222,0.00535055303775665,0.412465627864345
"f70353692f65154433c11996f20b22c2",4,6.78752272944609,0.000724112961622013,0.333333333333333,0.00888888888888889,6.71865650031783e-05,0.325850832729906
"X1810761473a66f3539bd8192836e8f71",10,92.895319683677,0.000808407437348424,0.2,0.0222222222222222,0.000919528034483316,0.363783346806791
"X69a25cf370444b4f31c5747eb160978b",11,249.267534549588,0.000806451612903226,0.254545454545455,0.0244444444444444,0.00246738465280464,0.362903225806452
"X6335726bf151d2c937052be99d617534",12,59.6779558228363,0.000841750841750842,0.424242424242424,0.0266666666666667,0.000590724630763042,0.378787878787879
"X2408fc075ac1c3441d55436adf601d9b",1,0,0.000599161174355902,NA,0.00222222222222222,0,0.269622528460156
"X13ad238ff80cde86ce862692d31236d7",10,517.842757401399,0.000819672131147541,0.0888888888888889,0.0222222222222222,0.00512588722990744,0.368852459016393
"X467b1e4e70e3189aa1c29dd5d1426ec4",43,881.579969684298,0.000970873786407767,0.333333333333333,0.0955555555555556,0.00872635456257657,0.436893203883495
"X5365cbcaae385a361cf6284f6d0bceb7",5,15.4431314357174,0.000729394602479942,0.1,0.0111111111111111,0.00015286445370668,0.328227571115974
"c65bc62a0d40eaba6c671ac7eb01c3ee",14,140.304929595443,0.000857632933104631,0.593406593406593,0.0311111111111111,0.00138881395293683,0.385934819897084
"X73cc351d044ed1f086350eb35945b662",4,15.7606394557717,0.000718907260963336,0.166666666666667,0.00888888888888889,0.000156007319532508,0.323508267433501
"X62970cdab801fc6571c0935006126aaf",21,331.322242041537,0.000906618313689937,0.395238095238095,0.0466666666666667,0.00327960645425922,0.407978241160471
"X4017068a951170606948e850bd9fbd30",21,237.019654427378,0.0008424599831508,0.428571428571429,0.0466666666666667,0.00234614852192406,0.37910699241786
"X2573d88484d9b2979456e4a5accbabc6",16,83.0477767624917,0.000825082508250825,0.516666666666667,0.0355555555555556,0.000822051737317413,0.371287128712871
"X15c09cb7d0c9ee2871e3599bf6f4e722",4,37.3079441916034,0.00072992700729927,0.166666666666667,0.00888888888888889,0.000369294176605825,0.328467153284672
"X1a82530a81cb7d13d7d77b86aa5b0924",6,30.5341554461881,0.00078125,0.133333333333333,0.0133333333333333,0.000302243557992458,0.3515625
"X433c1fba6eff1395051c91936c2a53a4",3,10.7969086046132,0.000604229607250755,0.333333333333333,0.00666666666666667,0.000106873631325051,0.27190332326284
"X32d1cf5151284481294b8f21fb52596a",31,348.148994879046,0.000914913083257091,0.365591397849462,0.0688888888888889,0.00344616673970844,0.411710887465691
"cfac5718777452ddd3e80d2d17c41d49",45,895.476106864642,0.000974658869395711,0.427272727272727,0.1,0.00886390603182026,0.43859649122807
"c7d515854b42f436b0a5127fb010e8c0",16,100.990380058762,0.000852514919011083,0.425,0.0355555555555556,0.00099965731312806,0.383631713554987
"X4dd6e1691a3e806c8f86c206bcd9cb3d",6,57.4651985409343,0.000786782061369001,0.266666666666667,0.0133333333333333,0.000568821564374505,0.35405192761605
"X82c60d272efb9668c7048b4fefd45fdf",22,369.67403557413,0.000920810313075506,0.45021645021645,0.0488888888888889,0.00365923321528463,0.414364640883978
"d818a65e830b1281025ea48dc96e89c9",11,50.358604833239,0.000849617672047579,0.4,0.0244444444444444,0.000498476662541341,0.38232795242141
"X9af46ca9a2e9be167a4699576e46986e",11,39.4846760969275,0.000816993464052288,0.4,0.0244444444444444,0.000390840644364538,0.367647058823529
"X0649da7b67156aed2b87a455e44c6a3c",5,4.28129354530027,0.000750187546886722,0.5,0.0111111111111111,4.23785552615716e-05,0.337584396099025
"X9c4117365dcf5e96db1c2696e3ba0aca",14,71.5979939216977,0.000858369098712446,0.395604395604396,0.0311111111111111,0.000708715604273177,0.386266094420601
"X83614ef7222308b36bf7151a842fdfa2",8,173.592790774966,0.000774593338497289,0.321428571428571,0.0177777777777778,0.00171831517718353,0.34856700232378
"X56a4624e6a9dddf7d20682e53b2a49c1",26,112.225379083034,0.000906618313689937,0.486153846153846,0.0577777777777778,0.00111086739998054,0.407978241160471
"aaeaf48251cb111740428f41dd173118",20,180.453665216454,0.000878734622144112,0.373684210526316,0.0444444444444444,0.00178622781703988,0.395430579964851
"X622f82cb77c0053f9260cc95a3a8a6d9",29,467.584015371407,0.000908265213442325,0.330049261083744,0.0644444444444444,0.00462839906331509,0.408719346049046
"X9e7bbfe13d93363d34e0ae98df331a88",9,241.860574244714,0.000779423226812159,0.0555555555555556,0.02,0.00239406656020504,0.350740452065472
"fe30cd3d3b6fc823fa7ddd393e10a4d7",13,217.310354500395,0.000875656742556918,0.307692307692308,0.0288888888888889,0.00215105522890765,0.394045534150613
"X7f6848bde6881e71ccbf6363246d11c7",2,0,0.000645161290322581,1,0.00444444444444444,0,0.290322580645161
"X67d3747ee84f037e226b915881038a66",3,16.1790278658773,0.000674308833445718,0.333333333333333,0.00666666666666667,0.000160148753930981,0.303438975050573
"X92e99b44d3aeb745a3c8da93b4e15106",18,535.783774829831,0.000892060660124889,0.366013071895425,0.04,0.00530347710794191,0.4014272970562
"c1ef50312081e14132b68ea99938efe8",1,0,0.000681198910081744,NA,0.00222222222222222,0,0.306539509536785
"X5752404c3a16ac47581e5f471ede4652",13,170.712928831655,0.000867302688638335,0.384615384615385,0.0288888888888889,0.00168980874864296,0.390286209887251
"X787c7e53503496792dbcfa585c388b9b",19,192.496812995946,0.000870322019147085,0.415204678362573,0.0422222222222222,0.00190543739664386,0.391644908616188
"c9f37e18cd5c75d991280f5715c191eb",4,14.4609163461838,0.000695410292072323,0.333333333333333,0.00888888888888889,0.000143141958388358,0.312934631432545
"dbda19f675784c831b58035c7642532e",5,28.5060511613196,0.000763941940412529,0.3,0.0111111111111111,0.00028216828667478,0.343773873185638
"e0ad8dba7fc5782cd9c71b8f52d5cd72",9,85.4970100114977,0.000781860828772478,0.277777777777778,0.02,0.000846295570517176,0.351837372947615
"c4fb65ed3eb4a6360f13ff7ec5af1cb2",5,60.3346618461693,0.000727272727272727,0.3,0.0111111111111111,0.000597225061580493,0.327272727272727
"f6738b97269e89bede428b189e91da4f",21,101.700325940398,0.000852514919011083,0.471428571428571,0.0466666666666667,0.00100668474081067,0.383631713554987
"X71dead4295f1f19d5201a138fc9cf474",3,27.6982767621852,0.000670690811535882,0,0.00666666666666667,0.000274172499501957,0.301810865191147
"bb7dabeda6ffe6cae93a9cbbc7afb54b",2,0,0.000714285714285714,1,0.00444444444444444,0,0.321428571428571
"a5f66d45d3b07965295c5e479f8e2570",19,125.174273169791,0.000825763831544178,0.485380116959064,0.0422222222222222,0.00123904254560545,0.37159372419488
"X0d52df3ec2c06bcb997499ad7f1b00d7",4,0.976642431206192,0.000765110941086458,0.833333333333333,0.00888888888888889,9.66733413715607e-06,0.344299923488906
"X4001ebba692619127ba73cb0e0893060",2,29.0991307731336,0.000686341798215511,0,0.00444444444444444,0.000288038908914958,0.30885380919698
"X74d2af17686e6f39a9d3adaec853df05",1,0,0.000636942675159236,NA,0.00222222222222222,0,0.286624203821656
"X5d9180880af9854c6372832cdeb3d320",2,1.01680507948085,0.000578368999421631,0,0.00444444444444444,1.00648857162173e-05,0.260266049739734
"X3238f93189c7ec2d2db8c7cd61c35f48",3,132.634832823138,0.000702247191011236,0,0.00666666666666667,0.00131289119349803,0.316011235955056
"eae2dc0f6d173165e1acd84835560bbf",22,95.3597181987517,0.00089126559714795,0.480519480519481,0.0488888888888889,0.000943921981675344,0.401069518716578
"d3843642fb3c77ed98e31a35fa918c92",26,709.606237662027,0.000900900900900901,0.495384615384615,0.0577777777777778,0.00702406570316285,0.405405405405405
"e1a8cf35b1f52422e75b3ca6ea77c567",17,200.949184869255,0.000858369098712446,0.426470588235294,0.0377777777777778,0.00198910353743385,0.386266094420601
"da970e482dfe05782437a7463b5c71b7",6,27.7656128936393,0.000759878419452888,0.266666666666667,0.0133333333333333,0.000274839028890268,0.341945288753799
"ffaf51332609e3c9dcc298fbf9c3c5db",16,13.7652984961689,0.000814995925020375,0.7,0.0355555555555556,0.000136256357299371,0.366748166259169
"X7cbdfe9053b27e5811adf2156d63e127",7,42.399104961686,0.000755857898715042,0.238095238095238,0.0155555555555556,0.000419689234958535,0.340136054421769
"X151f25319c8715bb49632a77fb021ad5",12,279.376487941622,0.000818330605564648,0.181818181818182,0.0266666666666667,0.00276541933127069,0.368248772504092
"X20800c485d918ab4ba76025fd651a6a0",8,115.615237488772,0.000766283524904215,0.392857142857143,0.0177777777777778,0.00114442204888663,0.344827586206897
"X1a8287fda101bbdcd915a9ed4840c004",2,0,0.000661375661375661,1,0.00444444444444444,0,0.297619047619048
"a73ea8e1b71af00189f78b641c416b65",3,17.2025576009319,0.00068870523415978,0,0.00666666666666667,0.000170280203919148,0.309917355371901
"e8d295f8e73c2180395d9ef011693a31",2,13.6839683922517,0.000645577792123951,0,0.00444444444444444,0.00013545130801536,0.290510006455778
"X3aca17ea1d41cc369fd7e2b3d124d312",1,0,0.000644745325596389,NA,0.00222222222222222,0,0.290135396518375
"X69f38f9e79867a0a88b172de2543b59d",9,31.5533406553413,0.000819000819000819,0.388888888888889,0.02,0.00031233200351736,0.368550368550369
"e81ba95647cf390ca4163e1adaae8954",1,0,0.000633312222925902,NA,0.00222222222222222,0,0.284990500316656
"X6a825d980a7de1a9314fb660c594bee7",5,210.081271007598,0.000748502994011976,0.1,0.0111111111111111,0.0020794978570413,0.336826347305389
"X92d1a7d25bc8fd9a67041099190d586a",8,14.2146886543928,0.000773395204949729,0.642857142857143,0.0177777777777778,0.000140704663740587,0.348027842227378
"a925dcf6cc3e777d9888aeb184a6c6ee",9,31.081272940736,0.000783085356303837,0.611111111111111,0.02,0.000307659222377986,0.352388410336727
"X722ca2f7dd4cfcfd70770de0b04e21bf",2,2.62989357302096,0.000688231245698555,0,0.00444444444444444,2.60321066371785e-05,0.30970406056435
