Sample,Watershed,LandUse,Plot,Elevation,Slope,Drought,Treatment,Day,GVM,NH4,NO3,DIN,DOC,TDN,DON,DOC:TDN,MBC,MBN,MBCN,AOA,AOB,CAOB,16S,ITS,ITS:16S
2,14,Reference,W14P1,Low,5m,Control,Reference - Control,1,0.352939475,0.747778163,0,0.747778163,528.2518593,29.91112651,29.16334835,17.66071429,22.32299746,18.66900791,1.195724892,NA,NA,4.626895068,9.324287717,8.273738568,0.08901247
3,14,Reference,W14P1,Low,5m,Drought,Reference - Drought,1,0.388018363,1.132093551,0,1.132093551,576.6874833,32.067886,30.93579245,17.98333333,36.7090789,23.64719966,1.552364738,2.72179132,NA,4.800177442,9.219891385,8.206133037,0.096881678
15,14,Reference,W14P2,Low,25m,Control,Reference - Control,1,0.363962953,0.492718285,0,0.492718285,700.5236522,36.6286877,36.13596941,19.125,155.2916999,29.65927723,5.235855839,3.389896926,NA,5.265351259,9.087485346,8.339128678,0.178502101
16,14,Reference,W14P2,Low,25m,Drought,Reference - Drought,1,0.291749736,0.440527401,0.045898665,0.486426065,647.5702898,32.92730287,32.44087681,19.66666667,155.9,21.18300507,7.359673451,3.161553789,NA,5.199261562,9.257216654,8.452411824,0.156745532
28,14,Reference,W14P3,Low,50m,Control,Reference - Control,1,0.398523077,0.311169381,0.073594028,0.38476341,843.2196314,30.42545062,30.04068721,27.71428571,196.6,56.59073375,3.474066989,NA,NA,NA,9.293777954,8.372779565,0.119950375
29,14,Reference,W14P3,Low,50m,Drought,Reference - Drought,1,0.435021953,0.75090671,0,0.75090671,671.0516658,28.48266833,27.73176162,23.56,179.0049707,33.63470274,5.322032191,3.083945065,NA,5.519089172,9.163482029,8.313135714,0.141141161
41,14,Reference,W14P4,High,50m,Control,Reference - Control,1,0.266561369,0.617340826,0,0.617340826,509.8451299,47.96640228,47.34906145,10.62921348,NA,NA,NA,4.697667368,4.321666939,5.618805956,9.257725939,8.26138691,0.100846533
42,14,Reference,W14P4,High,50m,Drought,Reference - Drought,1,0.290371976,3.10759292,0,3.10759292,405.13804,52.36869551,49.26110259,7.736263736,84.74450326,17.84780236,4.748175802,4.446797236,4.293357483,5.514382764,9.288077821,8.316108091,0.106667046
54,14,Reference,W14P5,High,25m,Control,Reference - Control,1,0.354463732,1.151723074,0,1.151723074,714.8129545,54.06148395,52.90976088,13.22222222,165.6886089,36.57838286,4.52968655,NA,NA,4.481814589,9.202004104,8.28185912,0.120186314
55,14,Reference,W14P5,High,25m,Drought,Reference - Drought,1,0.31956993,0.408076871,0,0.408076871,597.3877199,42.75091027,42.3428334,13.97368421,133.2,33.57001123,3.967827091,3.260427883,3.448262229,4.713225572,9.418903265,8.566400808,0.140442174
67,14,Reference,W14P6,High,5m,Control,Reference - Control,1,0.314327357,0.674108133,0.043084302,0.717192435,479.8379847,43.52393814,42.8067457,11.02469136,131.9999101,30.37477739,4.3457079,2.796028372,4.612876457,4.826052587,9.845069715,8.54691297,0.050331892
68,14,Reference,W14P6,High,5m,Drought,Reference - Drought,1,0.338710382,0.644599088,0,0.644599088,479.4085457,45.50677144,44.86217235,10.53488372,247.6336789,53.02804766,4.669862268,NA,NA,3.670343728,9.811578278,8.337155977,0.033541131
80,6,Disturbed,W6P1,Low,5m,Control,Disturbed - Control,1,0.42638024,0.938615701,0.046426153,0.985041854,539.5526384,32.75062311,31.76558126,16.47457627,151.2357353,24.04873416,6.28871916,NA,2.096286956,4.732775389,9.153095565,7.770124489,0.041402725
81,6,Disturbed,W6P1,Low,5m,Drought,Disturbed - Drought,1,0.377118186,0.558686888,0.054879862,0.61356675,485.1182072,30.45585157,29.84228482,15.92857143,NA,NA,NA,7.430600444,1.791949217,5.473616324,9.183719713,7.883351654,0.050076266
93,6,Disturbed,W6P2,Low,25m,Control,Disturbed - Control,1,0.390953501,0.502454468,0.107254704,0.609709172,466.0748321,24.97778461,24.36807544,18.65957447,57.74877059,13.40351135,4.308480747,4.487750312,3.3419728,4.654920181,9.084903311,8.046741363,0.091587889
94,6,Disturbed,W6P2,Low,25m,Drought,Disturbed - Drought,1,0.398721718,1.753805708,0.086705001,1.840510709,457.910788,30.34675045,28.50623974,15.08928571,173.1761974,21.80040349,7.943715239,NA,1.632419423,NA,9.303408113,8.363298531,0.114786395
106,6,Disturbed,W6P3,Low,50m,Control,Disturbed - Control,1,0.470834249,0.46630223,0.089281592,0.555583822,375.2253009,22.95119194,22.39560812,16.34883721,122.8430579,22.37926164,5.489147046,NA,NA,NA,9.203133339,7.635578394,0.027067307
107,6,Disturbed,W6P3,Low,50m,Drought,Disturbed - Drought,1,0.576475589,0.817188947,0,0.817188947,378.7471453,24.11703964,23.2998507,15.70454545,126.0911221,19.89722106,6.337122238,NA,NA,NA,9.050691921,7.961722021,0.081476075
119,6,Disturbed,W6P4,High,5m,Control,Disturbed - Control,1,0.390697605,1.345382645,0.895290997,2.240673642,369.1729978,41.97593853,39.73526489,8.794871795,66.426569,21.2650499,3.123743858,6.71413264,5.271083011,6.540959325,9.305436878,8.023140403,0.052203969
120,6,Disturbed,W6P4,High,5m,Drought,Disturbed - Drought,1,0.602609889,1.737901015,1.630502637,3.368403652,359.2475721,47.25528601,43.88688236,7.602272727,68.87,24.41126446,2.821238536,5.886207339,5.22416496,6.424627634,9.284699172,8.188503524,0.080131699
132,6,Disturbed,W6P5,High,25m,Control,Disturbed - Control,1,0.431696571,2.73375606,0.592394741,3.326150801,362.1377032,53.4126406,50.0864898,6.78,92.49774435,23.00129799,4.021414112,6.09145771,5.862094433,6.051543651,9.314794315,7.882651212,0.036970634
133,6,Disturbed,W6P5,High,25m,Drought,Disturbed - Drought,1,0.279698223,1.184782141,0.290297269,1.47507941,328.9180896,42.31364788,40.83856847,7.773333333,74.37353963,NA,NA,7.648750112,5.423459792,6.530054607,9.01296629,7.422607101,0.025682708
145,6,Disturbed,W6P6,High,50m,Control,Disturbed - Control,1,0.288470321,0.919311306,0.072551054,0.99186236,285.3343523,20.77146626,19.7796039,13.73684211,101.3630342,22.19491001,4.566949543,5.834288844,5.003364815,5.885876825,9.236013475,8.297969848,0.115333739
146,6,Disturbed,W6P6,High,50m,Drought,Disturbed - Drought,1,0.304793437,1.268172599,0.12681726,1.394989859,392.0029642,34.06370586,32.668716,11.50793651,NA,NA,NA,5.075035493,5.239148059,5.58110613,9.331230181,8.167549131,0.068599184
4,14,Reference,W14P1,Low,5m,Control,Reference - Control,42,0.335548643,2.053471693,0,2.053471693,369.4742834,49.1527821,47.09931041,7.516853933,120.2219171,24.2746526,4.952570037,3.129225911,1.795020671,5.235608009,8.955691602,7.981945859,0.106231731
5,14,Reference,W14P1,Low,5m,Drought,Reference - Drought,42,0.022688987,1.972457832,0,1.972457832,700.2466434,91.24425959,89.27180176,7.674418605,91.40802812,9.053452854,10.09648248,3.974761565,3.837700231,5.509242903,8.894210886,8.208130598,0.2060249
17,14,Reference,W14P2,Low,25m,Control,Reference - Control,42,0.315453439,2.794993435,0,2.794993435,374.6858488,48.27240997,45.47741654,7.761904762,245.9775253,36.85329586,6.674505484,4.221041514,2.463096456,5.475469365,9.33617662,8.23947751,0.080038859
18,14,Reference,W14P2,Low,25m,Drought,Reference - Drought,42,0.037616099,1.799744579,0,1.799744579,971.1621721,116.0335324,114.2337879,8.369668246,180.9116574,NA,NA,4.328345298,1.87416865,5.165046131,9.085987587,8.231199905,0.139705118
30,14,Reference,W14P3,Low,50m,Control,Reference - Control,42,0.317634384,0.79643073,0,0.79643073,389.3085361,37.84224119,37.04581046,10.28767123,402.5395138,56.0506393,7.181711375,3.060496285,2.551959106,4.984030306,9.098322427,8.031018742,0.085643876
31,14,Reference,W14P3,Low,50m,Drought,Reference - Drought,42,0.021783264,1.050969904,0,1.050969904,842.8278167,90.28331936,89.23234946,9.335365854,112.7525137,8.809932394,12.7983404,NA,1.719083899,4.730319119,8.984675317,8.073395788,0.122664946
43,14,Reference,W14P4,High,50m,Control,Reference - Control,42,0.299273805,2.918038058,0.710561215,3.628599273,225.105793,32.82792815,29.19932888,6.857142857,127.2668724,16.81722533,7.567649831,5.150793464,5.284244164,6.327993213,9.399910717,8.017655712,0.041471047
44,14,Reference,W14P4,High,50m,Drought,Reference - Drought,42,0.040169524,3.387193356,0,3.387193356,586.2753449,62.36971754,58.98252418,9.4,33.68328877,2.165225552,15.55648035,3.743952498,5.680585298,5.036008405,9.852263912,8.546359194,0.049441915
56,14,Reference,W14P5,High,25m,Control,Reference - Control,42,0.373284339,1.701960408,0.07381997,1.775780378,347.9278702,32.70634761,30.93056723,10.63793103,181.9603387,24.26493165,7.498901765,NA,2.093665111,4.557862144,9.744895051,8.62489346,0.07585748
57,14,Reference,W14P5,High,25m,Drought,Reference - Drought,42,0.038538842,2.002608103,0,2.002608103,762.1812597,117.8278721,115.825264,6.468599034,21.12255901,NA,NA,NA,1.58060874,4.056128671,9.561095155,8.663961992,0.126726324
69,14,Reference,W14P6,High,5m,Control,Reference - Control,42,0.305967487,1.731278959,0.014880414,1.746159373,284.3494533,28.85464932,27.10848995,9.854545455,157.0677844,24.87394048,6.314551753,5.181806327,3.945211447,5.169910494,9.200411401,8.05717558,0.071905842
70,14,Reference,W14P6,High,5m,Drought,Reference - Drought,42,0.090638699,5.952704944,0,5.952704944,351.1069588,52.49669964,46.54399469,6.688172043,184.4321158,NA,NA,NA,4.911009433,4.534883722,9.344578919,8.17719558,0.068016873
82,6,Disturbed,W6P1,Low,5m,Control,Disturbed - Control,42,0.410667744,4.751017435,0.096655314,4.84767275,273.4720259,56.59865912,51.75098637,4.831775701,150.5006306,25.77944771,5.838008337,4.594520926,4.2541321,5.377589474,9.247930906,7.921891637,0.047202036
83,6,Disturbed,W6P1,Low,5m,Drought,Disturbed - Drought,42,0.046400359,2.316396512,0.051418912,2.367815423,583.5282817,77.84110475,75.47328933,7.496402878,47.9611003,NA,NA,5.907983821,3.182219425,5.401622397,9.041239593,7.883242466,0.069502892
95,6,Disturbed,W6P2,Low,25m,Control,Disturbed - Control,42,0.373240462,3.410894043,0.483295863,3.894189906,285.0827302,57.81001686,53.91582695,4.931372549,115.3157067,28.13669133,4.098410343,NA,4.556081152,4.297737006,9.17376222,8.149524864,0.094572015
96,6,Disturbed,W6P2,Low,25m,Drought,Disturbed - Drought,42,0.023442759,0.961105974,0.045935937,1.007041911,419.6336544,50.96326036,49.95621845,8.234042553,48.9526896,2.49961111,19.58412227,5.321825534,3.123275658,5.446299737,9.108347711,7.990729474,0.07627492
108,6,Disturbed,W6P3,Low,50m,Control,Disturbed - Control,42,0.368830436,1.951824986,0.108540511,2.060365498,218.366371,37.70354608,35.64318058,5.791666667,124.8400985,24.30883783,5.135584819,NA,NA,NA,9.19186064,7.483686121,0.019580577
109,6,Disturbed,W6P3,Low,50m,Drought,Disturbed - Drought,42,0.119946197,2.868746288,0,2.868746288,307.271462,52.33459976,49.46585348,5.871287129,139.5892624,20.75786072,6.724645869,NA,NA,NA,9.309053872,7.650338101,0.021942405
121,6,Disturbed,W6P4,High,5m,Control,Disturbed - Control,42,0.345832517,1.605811827,4.80723985,6.413051676,191.2190528,36.44937956,30.03632788,5.246153846,90.33455578,18.02636955,5.011245084,6.145613297,5.876236682,6.881490905,9.352467811,7.97933008,0.042350863
122,6,Disturbed,W6P4,High,5m,Drought,Disturbed - Drought,42,0.026667948,2.771853299,0.925627962,3.697481262,367.9874208,47.03598612,43.33850485,7.823529412,37.50187924,NA,NA,5.975292043,5.731614216,6.124695373,9.146371362,8.214381642,0.116952707
134,6,Disturbed,W6P5,High,25m,Control,Disturbed - Control,42,0.305494651,0.392383162,3.272272861,3.664656023,185.8149044,29.19948497,25.53482895,6.363636364,18.41431365,3.132317353,5.878814812,7.256915887,6.264974106,6.990462522,9.316889835,7.771665814,0.02849548
135,6,Disturbed,W6P5,High,25m,Drought,Disturbed - Drought,42,0.018541692,1.041237165,0.869247098,1.910484263,300.6572314,33.74724026,31.836756,8.909090909,16.16881782,NA,NA,6.943441294,6.198390366,6.188675028,9.226288469,7.757805763,0.034003005
147,6,Disturbed,W6P6,High,50m,Control,Disturbed - Control,42,0.331740667,1.967917821,1.525517691,3.493435512,188.503136,33.00203271,29.5085972,5.711864407,67.03916415,10.86789006,6.168553765,6.754075407,5.87545164,6.679195186,9.2100341,7.780878895,0.037225865
148,6,Disturbed,W6P6,High,50m,Drought,Disturbed - Drought,42,0.018307454,1.546429848,0.227695192,1.774125041,361.6084274,58.44176604,56.667641,6.1875,43.57045901,10.8289798,4.023505428,5.336117232,5.091489961,5.73789408,8.91380344,7.839201904,0.084216747
6,14,Reference,W14P1,Low,5m,Control,Reference - Control,43,0.258791353,0.887360966,0,0.887360966,317.7861461,36.60363986,35.7162789,8.681818182,157.8526175,43.4001153,3.637147422,3.62201524,NA,4.826813188,9.585875523,8.396309279,0.064629941
7,14,Reference,W14P1,Low,5m,Drought,Reference - Drought,43,0.293569762,9.487719601,0,9.487719601,370.0210644,118.0693995,108.5816799,3.133928571,55.24529212,10.58713118,5.21815506,3.425692592,NA,4.90540571,9.062612213,8.141245979,0.119848821
19,14,Reference,W14P2,Low,25m,Control,Reference - Control,43,0.335530934,3.08626609,0,3.08626609,376.3417235,60.30401505,57.21774896,6.240740741,103.0002029,32.80953158,3.139337806,3.910854185,NA,5.723078894,8.981279936,8.213273995,0.170605905
20,14,Reference,W14P2,Low,25m,Drought,Reference - Drought,43,0.288603978,13.98896466,0.049274562,14.03823922,795.8050566,174.5488724,160.5106332,4.559210526,154.8817141,15.06178543,10.28309126,3.006643913,NA,4.835380895,8.875946525,8.103656648,0.168931299
32,14,Reference,W14P3,Low,50m,Control,Reference - Control,43,0.367916039,0.990619771,0,0.990619771,352.2585058,40.45848075,39.46786098,8.706666667,238.8140269,46.35011384,5.152393534,NA,NA,4.377565376,9.297643178,8.353757476,0.113792673
33,14,Reference,W14P3,Low,50m,Drought,Reference - Drought,43,0.398815899,8.208769467,0,8.208769467,642.1081894,118.7231288,110.5143593,5.408450704,143.1533937,20.66612243,6.926959529,NA,2.090991852,4.685606253,8.751980396,7.828351593,0.119226061
45,14,Reference,W14P4,High,50m,Control,Reference - Control,43,0.439293498,2.236375624,0.30570199,2.542077614,253.9198161,49.6225836,47.08050598,5.117021277,130.0480641,18.26124052,7.121535032,6.293922648,6.155003512,6.281950482,9.315560946,8.22576668,0.081321566
46,14,Reference,W14P4,High,50m,Drought,Reference - Drought,43,0.329700301,7.476382338,0,7.476382338,425.0857387,99.32907964,91.8526973,4.279569892,39.22328444,3.500941298,11.20363956,4.509135038,3.263356048,5.442799022,8.856182641,7.810568129,0.090029635
58,14,Reference,W14P5,High,25m,Control,Reference - Control,43,0.318020556,1.340827171,0,1.340827171,351.0394382,46.80525843,45.46443126,7.5,198.9886909,43.24836664,4.60106835,NA,2.147154316,5.071717705,9.234806921,8.480139393,0.17592699
59,14,Reference,W14P5,High,25m,Drought,Reference - Drought,43,0.355884887,9.205224471,0,9.205224471,473.6599391,121.508963,112.3037385,3.898148148,156.2766986,16.93864968,9.226042309,3.408223631,3.753389349,4.997566214,8.981879006,7.915160357,0.085759324
71,14,Reference,W14P6,High,5m,Control,Reference - Control,43,0.359133047,1.617565857,0.042391381,1.659957238,298.4130116,47.41141306,45.75145582,6.294117647,122.4245317,30.12607823,4.06373942,3.515622057,2.550163912,5.129938319,9.483595154,8.494181863,0.102467634
72,14,Reference,W14P6,High,5m,Drought,Reference - Drought,43,0.320553712,10.18745825,0,10.18745825,552.1897659,134.2579039,124.0704456,4.112903226,NA,NA,NA,NA,3.508219366,4.252091705,9.329639598,8.149120271,0.065990387
84,6,Disturbed,W6P1,Low,5m,Control,Disturbed - Control,43,0.318217778,3.172996171,0.12526347,3.298259642,273.3021172,62.63173519,59.33347555,4.363636364,54.00442243,13.8672891,3.894374889,5.376885528,4.312107975,5.319496831,9.418177955,8.073830107,0.045253498
85,6,Disturbed,W6P1,Low,5m,Drought,Disturbed - Drought,43,0.348109713,7.000887692,0,7.000887692,289.3214073,88.77514532,81.77425763,3.259036145,111.7372608,28.96191678,3.858075474,5.779286046,3.599504138,5.113981369,9.261974058,8.008969289,0.055846406
97,6,Disturbed,W6P2,Low,25m,Control,Disturbed - Control,43,0.328405498,2.075623168,0.081987115,2.157610283,235.1681049,43.95132058,41.79371029,5.350649351,103.6672132,29.47206297,3.517473933,NA,3.93654498,4.043510227,9.338808111,8.479777271,0.138346813
98,6,Disturbed,W6P2,Low,25m,Drought,Disturbed - Drought,43,0.345768287,5.980737044,0.056659614,6.037396658,341.636488,95.79671791,89.75932125,3.56626506,59.02908334,NA,NA,NA,4.468865886,4.797014338,8.873400729,7.586025985,0.051597096
110,6,Disturbed,W6P3,Low,50m,Control,Disturbed - Control,43,0.272998186,14.40410892,0.918382783,15.3224917,210.0196418,132.3921286,117.0696369,1.586345382,135.951677,49.24281377,2.760842987,NA,3.207666354,NA,9.212422793,7.722003449,0.032328135
111,6,Disturbed,W6P3,Low,50m,Drought,Disturbed - Drought,43,0.27061274,7.292997034,0.404887077,7.697884111,300.9744431,102.906703,95.20881887,2.924731183,112.1177933,12.08335228,9.278699381,3.3721835,2.881643753,NA,9.057403985,7.668856336,0.04087449
123,6,Disturbed,W6P4,High,5m,Control,Disturbed - Control,43,0.338007508,3.415424361,13.83963562,17.25505998,185.40169,103.8466944,86.59163441,1.785340314,65.31026973,22.88682371,2.853618771,6.773021802,6.51445667,7.124171928,9.573916729,8.01305627,0.027487772
124,6,Disturbed,W6P4,High,5m,Drought,Disturbed - Drought,43,0.428409204,7.851313593,2.055343877,9.90665747,246.4412318,98.4664743,88.55981683,2.502793296,190.0458837,28.29114761,6.717503521,6.663647356,5.278512231,6.463755413,9.191908767,8.294159647,0.126546716
136,6,Disturbed,W6P5,High,25m,Control,Disturbed - Control,43,0.268513951,1.239407536,2.749320684,3.98872822,193.6820189,50.85505523,46.86632701,3.808510638,52.33181228,11.45412471,4.5688181,7.818836735,5.963593348,6.730975806,9.174222544,7.471642906,0.019834459
137,6,Disturbed,W6P5,High,25m,Drought,Disturbed - Drought,43,0.355594615,5.924267974,2.499752096,8.42402007,219.8722219,77.8824497,69.45842963,2.823129252,38.58708548,6.40989462,6.019925095,6.970784954,5.73057359,6.377244134,9.070664815,7.329487119,0.01814773
149,6,Disturbed,W6P6,High,50m,Control,Disturbed - Control,43,0.368982732,1.346389272,0.808819929,2.155209201,92.22519923,23.32755039,21.17234119,3.953488372,52.05279456,13.14421012,3.960131046,6.794466103,5.916649878,6.491180634,9.097098934,7.992323969,0.078564262
150,6,Disturbed,W6P6,High,50m,Drought,Disturbed - Drought,43,0.349223074,5.907404126,0.542319067,6.449723193,216.2497281,72.97096736,66.52124416,2.96350365,14.39751059,4.818077762,2.988227112,6.187683458,5.253317003,6.04295225,8.955360898,7.533715149,0.03787514
8,14,Reference,W14P1,Low,5m,Control,Reference - Control,45,0.313227552,2.359925688,0,2.359925688,339.7997384,49.85897278,47.4990471,6.815217391,129.0675632,23.55225044,5.480052257,4.214247877,2.253246746,4.699141925,9.068677212,8.116635488,0.111675595
9,14,Reference,W14P1,Low,5m,Drought,Reference - Drought,45,0.370831453,10.27570421,0,10.27570421,495.3180251,119.9639996,109.6882954,4.128888889,22.46776923,8.38077706,2.680869455,4.719108888,NA,4.856545432,8.98299893,7.927800486,0.088064638
21,14,Reference,W14P2,Low,25m,Control,Reference - Control,45,0.432440254,1.926041033,0,1.926041033,334.637283,32.05129821,30.12525718,10.44067797,126.8492852,19.10275523,6.640365937,4.005301906,2.337718062,5.455719146,9.161382194,8.471825118,0.204382131
22,14,Reference,W14P2,Low,25m,Drought,Reference - Drought,45,0.333091986,10.61942121,0.065427714,10.68484893,487.1848216,70.30962766,59.62477873,6.929133858,55.36716138,5.408539952,10.23698852,3.687169657,2.854468839,4.559748925,9.049639979,8.092659059,0.110412713
34,14,Reference,W14P3,Low,50m,Control,Reference - Control,45,0.370530113,1.693564859,0.063381918,1.756946777,351.3893554,25.65700056,23.90005378,13.69565217,162.6974231,22.89563964,7.106044018,NA,2.76371226,4.744205979,9.335919071,8.520578498,0.152988726
35,14,Reference,W14P3,Low,50m,Drought,Reference - Drought,45,0.374174249,10.28784233,0,10.28784233,584.1208257,73.72953671,63.44169437,7.92248062,119.5173566,15.48647432,7.717531702,NA,NA,NA,8.9999602,7.942676398,0.087642791
47,14,Reference,W14P4,High,50m,Control,Reference - Control,45,0.351767513,2.333451813,0.509025125,2.842476938,246.1464072,44.9050878,42.06261086,5.481481481,111.428838,28.59956076,3.896173056,4.52457817,6.18439526,5.921214739,9.448396901,8.096544281,0.044478218
48,14,Reference,W14P4,High,50m,Drought,Reference - Drought,45,0.346660238,18.53572943,0.117954642,18.65368407,321.6494224,172.27325,153.6195659,1.867088608,80.76194385,22.61902155,3.57053216,4.253878481,5.067173614,4.965013605,9.41421147,7.907213688,0.031117322
60,14,Reference,W14P5,High,25m,Control,Reference - Control,45,0.321620995,6.161185558,0,6.161185558,323.3578149,77.53695384,71.37576829,4.17037037,135.340802,32.11644334,4.214065692,NA,3.432026286,4.916608374,9.560666467,8.481646646,0.083364314
61,14,Reference,W14P5,High,25m,Drought,Reference - Drought,45,0.347197312,11.65100321,0,11.65100321,443.7219844,127.0218261,115.3708229,3.493273543,154.8092171,37.33585156,4.146395774,NA,3.85398967,4.536498685,9.562356398,8.446718323,0.076623489
73,14,Reference,W14P6,High,5m,Control,Reference - Control,45,0.299151298,2.741439732,0,2.741439732,320.3346464,61.44963022,58.70819049,5.212962963,177.4322292,34.16660578,5.193147671,3.639253704,2.272753883,4.654863487,9.246992076,8.105189512,0.072143538
74,14,Reference,W14P6,High,5m,Drought,Reference - Drought,45,0.35560815,8.884005156,0,8.884005156,351.278366,116.2123918,107.3283866,3.022727273,115.7202323,26.63423831,4.344792254,3.400104802,2.275822445,4.156965264,9.151174221,7.868732665,0.052186533
86,6,Disturbed,W6P1,Low,5m,Control,Disturbed - Control,45,0.369270302,2.574764231,0.090192328,2.664956559,233.3411576,28.82123562,26.15627906,8.096153846,122.2527351,18.40163333,6.643580648,7.354516995,2.497588544,5.521751006,9.14476567,7.863508673,0.052329068
87,6,Disturbed,W6P1,Low,5m,Drought,Disturbed - Drought,45,0.327101313,16.12817976,1.717352475,17.84553224,352.0821465,88.15742704,70.3118948,3.99378882,14.13242481,2.16455243,6.529028638,7.144611883,2.384143499,4.817299354,9.206098171,7.847287873,0.043771326
99,6,Disturbed,W6P2,Low,25m,Control,Disturbed - Control,45,0.333429913,3.475140604,0.293309972,3.768450576,210.078835,31.76258249,27.99413191,6.614035088,116.3117873,16.07052596,7.237584357,NA,5.064528222,4.166870794,9.254873821,8.0421509,0.061274119
100,6,Disturbed,W6P2,Low,25m,Drought,Disturbed - Drought,45,0.301634615,7.29485793,0,7.29485793,325.1153457,51.7699595,44.47510157,6.28,92.6561978,10.22555029,9.061243176,NA,3.777204689,NA,9.199082587,7.979993156,0.060382428
112,6,Disturbed,W6P3,Low,50m,Control,Disturbed - Control,45,0.316070041,4.636202993,0.828444708,5.464647701,194.1442164,35.65914178,30.19449408,5.444444444,120.2548108,17.45605223,6.889003838,NA,3.099567623,NA,9.341474997,8.175475226,0.068233905
113,6,Disturbed,W6P3,Low,50m,Drought,Disturbed - Drought,45,0.488955794,9.381642701,0.097424751,9.479067452,258.5621966,55.56819138,46.08912393,4.653061224,79.98621419,10.18519178,7.853186854,NA,4.159994102,NA,9.416795224,7.81986413,0.025296993
125,6,Disturbed,W6P4,High,5m,Control,Disturbed - Control,45,0.324937901,1.888181047,4.502208316,6.390389363,162.3835701,56.10595112,49.71556176,2.894230769,82.89763578,21.8069025,3.801440199,6.599439536,6.202625648,6.056232966,9.617056574,8.049539188,0.027069648
126,6,Disturbed,W6P4,High,5m,Drought,Disturbed - Drought,45,0.346988197,15.68147039,3.327900468,19.00937085,254.0297357,161.9578228,142.9484519,1.568493151,41.23362668,5.376075478,7.669837756,6.565102669,6.368729797,5.325702826,9.516509683,7.93721568,0.026345473
138,6,Disturbed,W6P5,High,25m,Control,Disturbed - Control,45,0.34019415,0.622020678,4.806975797,5.428996475,185.0138304,53.64306324,48.21406677,3.448979592,49.32130538,14.50809481,3.399571484,8.20396954,5.935714262,6.840279479,9.32755229,7.946308484,0.041567719
139,6,Disturbed,W6P5,High,25m,Drought,Disturbed - Drought,45,0.364800044,6.719570467,1.469603901,8.189174368,222.8093546,86.14586023,77.95668587,2.586419753,50.80232181,10.55681125,4.81227907,7.008159604,5.561177506,5.935293443,9.204145763,7.674869111,0.029561288
151,6,Disturbed,W6P6,High,50m,Control,Disturbed - Control,45,0.325502721,2.891487893,1.880724299,4.772212193,214.6238318,59.18750001,54.41528781,3.626168224,78.56332043,25.72462605,3.054012147,6.945260432,5.886328598,6.31218196,9.078847247,8.491840881,0.258817498
152,6,Disturbed,W6P6,High,50m,Drought,Disturbed - Drought,45,0.312381043,6.08784422,0.213314227,6.301158446,154.497023,64.32981845,58.02866,2.401639344,105.9084293,35.35226867,2.995802909,6.032060423,5.291014589,5.294029896,9.076495865,7.798906563,0.052772868
10,14,Reference,W14P1,Low,5m,Control,Reference - Control,56,0.316695341,2.0405134,0,2.0405134,313.3609942,55.97692016,53.93640676,5.598039216,123.2096702,27.91529349,4.413697827,4.271089512,2.148106033,4.53800754,9.003190533,7.993610665,0.097818305
11,14,Reference,W14P1,Low,5m,Drought,Reference - Drought,56,0.33688625,17.76625138,0,17.76625138,454.7680185,197.5415086,179.7752572,2.302139037,64.54144156,11.06998389,5.830310344,NA,NA,4.201290573,8.960411894,7.766743916,0.064022411
23,14,Reference,W14P2,Low,25m,Control,Reference - Control,56,0.346930355,2.534340408,0.068894691,2.603235098,295.5582231,50.3423347,47.7390996,5.870967742,190.4786794,40.82329961,4.665930515,3.67144883,2.519691624,5.012393435,9.304564883,8.415693136,0.129160065
24,14,Reference,W14P2,Low,25m,Drought,Reference - Drought,56,0.253975911,10.05979079,0,10.05979079,160.6502631,43.25199391,33.19220312,3.714285714,32.254697,10.30072636,3.131303161,3.938224159,NA,4.493710434,9.145307139,8.28858104,0.139082952
36,14,Reference,W14P3,Low,50m,Control,Reference - Control,56,0.283161632,2.735390459,0.004309109,2.739699568,376.2527095,53.51635055,50.77665098,7.030612245,148.1936631,45.12053144,3.284395337,3.336911453,NA,4.67426317,9.389577386,8.576205894,0.153683948
37,14,Reference,W14P3,Low,50m,Drought,Reference - Drought,56,0.325487825,9.059439841,0.060235637,9.119675478,415.5777084,107.6049424,98.48526689,3.862068966,62.7119901,18.77684586,3.339857533,4.158833062,NA,4.821703989,9.121450996,8.001938952,0.075943036
49,14,Reference,W14P4,High,50m,Control,Reference - Control,56,0.321694367,2.793464089,0.482105753,3.275569842,329.9626035,58.86403238,55.58846253,5.605504587,116.3149686,29.86334291,3.894907846,NA,3.795013495,7.318763956,9.384079269,8.113950573,0.053687268
50,14,Reference,W14P4,High,50m,Drought,Reference - Drought,56,0.355873821,15.43276142,0.070192622,15.50295404,349.0400246,157.0680111,141.565057,2.222222222,NA,NA,NA,3.830499096,3.799808766,4.687740178,9.372706634,8.163207802,0.061730695
62,14,Reference,W14P5,High,25m,Control,Reference - Control,56,0.303376528,2.443831148,0.007417075,2.451248223,370.2832097,37.65591963,35.20467141,9.833333333,210.3605513,19.92413822,10.55807528,NA,2.298860512,4.685571121,9.369349924,8.210951106,0.069438636
63,14,Reference,W14P5,High,25m,Drought,Reference - Drought,56,0.370892694,18.81878279,0.149371017,18.96815381,334.561598,106.4759852,87.50783134,3.14213198,159.5399354,16.51696121,9.659157843,4.274160163,5.710845463,4.269191889,9.270674581,8.023128139,0.056552728
75,14,Reference,W14P6,High,5m,Control,Reference - Control,56,0.332614623,3.603731079,0,3.603731079,310.5840763,39.15826869,35.55453761,7.931506849,135.7931067,20.00015316,6.789603341,3.731602474,NA,4.06412901,9.489621335,8.329797086,0.0692111
76,14,Reference,W14P6,High,5m,Drought,Reference - Drought,56,0.37089181,16.56728063,0.011291391,16.57857202,325.9711078,91.12004344,74.54147143,3.577380952,73.45412051,13.68229223,5.368553695,NA,2.216382186,3.913928775,9.240736817,7.900577694,0.045692075
88,6,Disturbed,W6P1,Low,5m,Control,Disturbed - Control,56,0.282460868,2.048173277,1.044568371,3.092741649,278.2443397,54.07177452,50.97903288,5.145833333,136.0185516,34.69884505,3.919973458,8.175277515,4.267453869,5.968397935,9.109489746,7.712961038,0.040130197
89,6,Disturbed,W6P1,Low,5m,Drought,Disturbed - Drought,56,0.307232223,8.70936048,0.120365319,8.829725799,269.109453,103.8762489,95.04652308,2.590673575,78.50890704,17.70727929,4.433708067,6.919011974,5.530547234,4.840151768,9.089767365,7.795263686,0.050757044
101,6,Disturbed,W6P2,Low,25m,Control,Disturbed - Control,56,0.335663072,3.327823782,1.604578599,4.932402381,93.07587756,21.56636187,16.63395949,4.315789474,45.99144096,11.57077262,3.974794293,NA,3.806012157,3.969081917,9.341426168,8.298282408,0.090543284
102,6,Disturbed,W6P2,Low,25m,Drought,Disturbed - Drought,56,0.281643226,5.024937164,0.532344828,5.557281992,84.27963916,22.43808575,16.88080376,3.756097561,48.11171723,10.80059522,4.454543131,3.669203034,4.722421201,4.306566232,9.249097147,8.054522509,0.063888893
114,6,Disturbed,W6P3,Low,50m,Control,Disturbed - Control,56,0.400003983,2.56325836,0.396534141,2.959792501,230.0187107,49.81972075,46.85992825,4.617021277,112.8856662,31.32134737,3.604112712,NA,2.377244689,NA,9.227779335,8.020618315,0.062063888
115,6,Disturbed,W6P3,Low,50m,Drought,Disturbed - Drought,56,0.345528513,8.193652029,1.363973212,9.557625241,204.0072164,79.33613971,69.77851447,2.571428571,112.4286933,32.25199199,3.485945716,NA,3.091727009,NA,9.322885794,7.901915389,0.037934083
127,6,Disturbed,W6P4,High,5m,Control,Disturbed - Control,56,0.291940046,1.245770856,7.433612104,8.67938296,169.7426874,46.24219391,37.56281095,3.670731707,84.96997196,14.84521048,5.72372969,7.550338476,5.922393002,6.573046338,9.579626714,8.221442313,0.043834454
128,6,Disturbed,W6P4,High,5m,Drought,Disturbed - Drought,56,0.545747703,10.0009399,4.975837096,14.976777,240.6137463,76.95304498,61.97626798,3.126760563,65.27828083,9.905184939,6.590314187,6.114024558,6.266205221,4.852356506,9.260191835,7.986054419,0.053193992
140,6,Disturbed,W6P5,High,25m,Control,Disturbed - Control,56,0.308719588,0.52749364,3.581933002,4.109426642,169.6520021,30.94629354,26.83686689,5.482142857,38.66672616,6.780720236,5.702451187,7.97000364,6.034999599,6.797172054,9.323423899,7.85080894,0.033681005
141,6,Disturbed,W6P5,High,25m,Drought,Disturbed - Drought,56,0.231544847,5.519425556,3.045367258,8.564792814,182.1410433,48.99700581,40.432213,3.717391304,70.29658475,10.36744739,6.780510391,6.617295258,6.194756125,5.297499057,9.25442643,7.709051421,0.028485575
153,6,Disturbed,W6P6,High,50m,Control,Disturbed - Control,56,0.326825874,1.064602069,2.238260936,3.302863005,201.6512114,31.98999388,28.68713088,6.303571429,60.35478367,11.94232449,5.053855614,6.879539095,5.524515066,6.139787882,9.175267281,7.90742619,0.053970807
154,6,Disturbed,W6P6,High,50m,Drought,Disturbed - Drought,56,0.32068773,5.264848211,1.554142693,6.818990904,141.9990311,44.54871563,37.72972473,3.1875,63.77418175,8.906336861,7.160540045,5.613873509,5.977267634,5.121971091,9.209853107,8.278731642,0.117186757
12,14,Reference,W14P1,Low,5m,Control,Reference - Control,84,0.371209999,4.103897442,0.010456102,4.114353544,315.3521192,59.93850211,55.82414857,5.261261261,184.2459847,52.23850917,3.527014603,3.194897838,NA,4.650079511,9.094742078,8.515506775,0.26349034
13,14,Reference,W14P1,Low,5m,Drought,Reference - Drought,84,0.39121013,17.27337647,0.077415693,17.35079216,341.6935144,172.4434559,155.0926637,1.981481481,69.29469394,22.32204045,3.104317192,NA,NA,4.114356288,8.955394334,7.927103889,0.09369352
25,14,Reference,W14P2,Low,25m,Control,Reference - Control,84,0.336683551,2.286440766,0,2.286440766,370.3355859,56.48283757,54.1963968,6.556603774,58.48951602,24.24951659,2.411986886,4.408466693,1.704029638,5.679669554,9.009011876,8.258974116,0.17781248
26,14,Reference,W14P2,Low,25m,Drought,Reference - Drought,84,0.318727078,14.44314503,0.099200249,14.54234528,568.2169689,148.1321849,133.5898397,3.835877863,73.97304677,15.73699149,4.70058377,3.996766559,2.811431592,4.807218876,8.964940919,8.214250596,0.177545503
38,14,Reference,W14P3,Low,50m,Control,Reference - Control,84,0.329809952,1.662491485,0,1.662491485,424.3957855,46.38496651,44.72247503,9.149425287,109.3308195,33.02577331,3.310469629,NA,2.166984972,4.466538481,9.135380215,8.191099989,0.113689347
39,14,Reference,W14P3,Low,50m,Drought,Reference - Drought,84,0.309525954,10.58250294,0.051157123,10.63366006,386.7378206,105.9253375,95.2916774,3.651041667,80.16519468,17.42795047,4.599806202,4.267671624,NA,5.140680542,9.07594261,8.005691423,0.08506459
51,14,Reference,W14P4,High,50m,Control,Reference - Control,84,0.363735748,3.691615126,1.253569842,4.945184968,320.8447852,61.88884181,56.94365684,5.184210526,121.4586724,27.64410052,4.393656157,6.483628907,4.987530577,6.260342501,9.332071662,8.375303198,0.110466739
52,14,Reference,W14P4,High,50m,Drought,Reference - Drought,84,0.304833395,8.885315769,0,8.885315769,349.3745433,95.03851563,86.15319986,3.676136364,50.83417407,16.25240165,3.127794596,3.01271945,1.520281275,5.162752507,9.315284977,8.23567953,0.083251977
64,14,Reference,W14P5,High,5m,Control,Reference - Control,84,0.28611277,2.302390143,0.07114682,2.373536963,354.8941717,50.54388662,48.17034966,7.021505376,212.8032594,43.78991536,4.859640803,NA,1.819008949,4.42156409,9.40417721,8.476961275,0.118245348
65,14,Reference,W14P5,High,5m,Drought,Reference - Drought,84,0.377455079,6.645599072,0,6.645599072,353.8540723,81.57713643,74.93153736,4.337662338,155.1278811,30.53342599,5.080592041,3.059320793,1.653294305,4.591247157,9.25198627,8.312785119,0.11502675
77,14,Reference,W14P6,High,5m,Control,Reference - Control,84,0.379190663,7.223031248,5.896352039,13.11938329,275.1139589,101.0733012,87.95391792,2.721925134,158.2653279,44.87190848,3.527046949,6.646826364,6.22024589,5.718543802,9.262890133,8.362039716,0.125646265
78,14,Reference,W14P6,High,5m,Drought,Reference - Drought,84,0.319106795,7.007812819,0.15655752,7.16437034,298.5030056,75.99252341,68.82815307,3.928057554,160.5583757,35.34494422,4.542612224,3.296262052,4.587717654,4.7653741,9.135552374,8.001976407,0.073523138
90,6,Disturbed,W6P1,Low,5m,Control,Disturbed - Control,84,0.36478203,2.484224647,1.271224331,3.755448978,265.2589091,61.91153613,58.15608715,4.284482759,110.3223391,37.04072867,2.978406285,7.474367376,3.676189142,6.652476929,9.325631148,8.139758512,0.065181952
91,6,Disturbed,W6P1,Low,5m,Drought,Disturbed - Drought,84,0.395755167,14.83775198,0.92346848,15.76122046,283.0586532,150.6602509,134.8990305,1.878787879,47.72262959,NA,NA,6.254644675,5.096164627,5.115976509,9.15502422,8.060593376,0.080457986
103,6,Disturbed,W6P2,Low,25m,Control,Disturbed - Control,84,0.357595488,2.444657655,0.972973747,3.417631402,220.5081205,46.79074753,43.37311612,4.712643678,132.3708496,35.92365338,3.684782507,6.299475638,5.31196639,4.990094767,9.234158512,8.225803796,0.098094641
104,6,Disturbed,W6P2,Low,25m,Drought,Disturbed - Drought,84,0.458041455,6.073002135,1.614529836,7.68753197,242.2288494,82.01021582,74.32268385,2.953642384,80.74328012,21.06599572,3.832872711,3.482789375,5.127108243,4.59955416,9.123025606,7.914543043,0.061875317
116,6,Disturbed,W6P3,Low,50m,Control,Disturbed - Control,84,0.361685809,2.941005959,0.470167508,3.411173467,206.1163207,50.85284552,47.44167205,4.053191489,117.7713973,24.6161373,4.78431672,4.696768178,2.757162522,4.601744483,9.270686448,8.261732816,0.097959457
117,6,Disturbed,W6P3,Low,50m,Drought,Disturbed - Drought,84,0.317183966,5.563759349,1.921557627,7.485316976,247.6388073,74.23497428,66.7496573,3.335877863,126.6444992,32.47558546,3.899683329,NA,2.605497305,NA,9.330943311,8.135267261,0.06372707
129,6,Disturbed,W6P4,High,5m,Control,Disturbed - Control,84,0.320449915,2.580079287,7.854676862,10.43475615,252.3379964,78.39071544,67.95595929,3.218978102,87.92236642,27.45574922,3.202329891,6.507666828,5.890743854,6.915180589,9.347310709,8.719204917,0.235447568
130,6,Disturbed,W6P4,High,5m,Drought,Disturbed - Drought,84,0.317166965,3.877364105,10.82174373,14.69910784,276.4417,104.3708459,89.6717381,2.648648649,64.97391889,17.13133085,3.792695352,6.045380535,6.8104967,4.845214416,9.217978485,7.8822819,0.046163998
142,6,Disturbed,W6P5,High,25m,Control,Disturbed - Control,84,0.343931703,0.634997868,3.789987274,4.424985142,201.8493222,50.04983195,45.6248468,4.032967033,53.53930383,14.22392027,3.764032897,7.362665706,6.067446803,6.897830381,9.378528211,8.088393137,0.05127019
143,6,Disturbed,W6P5,High,25m,Drought,Disturbed - Drought,84,0.291843131,3.164999573,10.54999858,13.71499815,216.7404119,83.05538094,69.34038279,2.609589041,98.93314722,24.96766323,3.962451204,6.031460124,6.664995388,5.843377171,9.386385655,8.191835458,0.063892488
155,6,Disturbed,W6P6,High,50m,Control,Disturbed - Control,84,0.302019142,2.275643146,5.029855023,7.305498169,193.3808339,59.62575712,52.32025895,3.243243243,94.94696889,24.51451247,3.873092276,6.75711919,4.882991706,6.580840519,9.26160649,8.212172964,0.08924142
156,6,Disturbed,W6P6,High,50m,Drought,Disturbed - Drought,84,0.317495576,5.841315232,7.553424869,13.3947401,179.4693749,81.97983791,68.58509781,2.189189189,50.23918941,13.68571429,3.670921981,4.706768809,6.416322281,5.000510256,8.846294332,7.58872259,0.055262211
